head_yaw,head_pitch,head_roll,nose_offset_x,nose_offset_y,nose_x,nose_y,screen_x,screen_y
-0.7506629348484237,-5.300674742307261,-2.46762658369113,-0.0005920082330703,0.0034239888191223,0.4918426871299743,0.5764184594154358,1470,0
-0.6895595076820991,-5.012187874698986,-2.3521305901006384,-0.0008218338092168,0.0053104956944783,0.4915728370348612,0.5764163931210835,1470,0
-0.7112787052658525,-4.879042781410234,-2.277188322048198,-0.0009702692429224,0.0062119166056315,0.4914452036221822,0.5764330128828684,1470,0
-0.7747402911200272,-4.756354780109283,-2.18366352955362,-0.0012476270397504,0.0071828241149584,0.4912112802267074,0.5764746169249216,1470,0
-0.6067911469844838,-4.835964816432254,-2.082317903143992,-0.0003776873151461,0.0072751094897588,0.4920896639426549,0.5756479998429616,1470,0
0.7299336277904562,-5.427865071813127,-2.114226192892305,0.0048533305525779,0.005018504957358,0.4973802417516708,0.5703746477762858,1470,0
2.0384807287954665,-6.020180670156289,-2.162310065236268,0.0094034845630327,0.0037862037618954,0.5020117809375126,0.56613889336586,1470,0
4.426652251686669,-7.717363050567712,-2.5371877439454176,0.0168720632791519,0.0008123045166333,0.5101211468378702,0.5576818188031514,1470,0
7.678258118051103,-10.379470388866425,-3.42608526987566,0.0270263999700546,-0.0031675746043523,0.5220545530319214,0.5462852716445923,1470,0
9.90638756550032,-12.376511621345676,-4.141390021454848,0.033131572107474,-0.0051782876253128,0.5297129253546397,0.5390375951925913,1470,0
12.965426321740877,-14.511634326023543,-4.809730348469678,0.0429323141773541,-0.0089092031121253,0.5408347745736439,0.5314845144748688,1470,0
15.452965275147294,-15.865586340007624,-5.00676753345467,0.0502238521973292,-0.0118463883797327,0.5493233501911163,0.5264654755592346,1470,0
16.79797399827914,-16.53840405777015,-5.085279385237906,0.0537873357534408,-0.013642631471157,0.5539376040299733,0.523454487323761,1470,0
17.295505466646034,-16.761481722525176,-5.0365723486468195,0.0547646234432856,-0.0141678104797999,0.5556972821553547,0.522709955771764,1470,0
17.469299681588726,-16.804695749235954,-4.856836964546596,0.0550930425524711,-0.0143073226014773,0.5564886430899302,0.5227093001206715,1470,0
17.591165769968526,-16.86085574266374,-4.717406301828396,0.0554079835613568,-0.0144534309705098,0.556990365187327,0.5227311352888743,1470,0
17.60416881028729,-16.771281932820056,-4.5070238180570605,0.055323173602422,-0.0137289017438888,0.5569808185100555,0.5235882103443146,1470,0
17.3853298808746,-16.470831643608648,-4.183975684951022,0.0547177667419115,-0.0127298484245936,0.5563800434271494,0.524795522292455,1470,0
17.179913842933804,-16.17937266286218,-3.9055495981770374,0.0542574102679888,-0.0118765210111935,0.5558807949225107,0.5258220136165619,1470,0
16.95121287609018,-16.14282731508184,-3.72556784255587,0.0533279428879419,-0.0117417400081952,0.5549722115198771,0.5262827376524607,1470,0
16.682656700203026,-16.125359468492555,-3.6012061356922143,0.0523422161738077,-0.0117468809088071,0.5540576080481211,0.5268004735310872,1470,0
16.455565682001918,-16.107522999470277,-3.5043187047082287,0.0516078025102615,-0.0118663261334101,0.5534080167611439,0.5271973709265391,1470,0
16.327158191668644,-16.051448827614852,-3.445407910069873,0.0513746192057927,-0.0119150454799334,0.5531718134880066,0.5275279581546783,1470,0
16.19078120338814,-15.980137977820114,-3.4207305515500424,0.0510899499058723,-0.0118397275606791,0.5528246263662974,0.527891586224238,1470,0
16.07294632125774,-15.929793472557742,-3.411749667127814,0.0508416270216306,-0.0117324665188789,0.5525146623452504,0.5282304187615712,1470,0
15.97272771961081,-15.896148458192606,-3.3831246820404832,0.0505248333017031,-0.0115636438131332,0.5521729091803232,0.5285812020301819,1470,0
15.904075783308231,-15.878385994497972,-3.339446533945305,0.0502611920237541,-0.0114583099881807,0.5519443949063618,0.5288252830505371,1470,0
15.843109676007249,-15.851115461418503,-3.2980747657552287,0.0500336388746897,-0.0113770986596743,0.5517693658669789,0.5290093024571736,1470,0
15.814011275755211,-15.833426528897544,-3.2800142575657185,0.0500274548927942,-0.0111918921271959,0.5518545905749003,0.5292826791604359,1470,0
15.867649535170209,-15.873725892411418,-3.31396453397668,0.050399529437224,-0.0110689128438631,0.5523024499416351,0.5294726391633351,1470,0
15.9377704986326,-15.92636248621243,-3.3879589782836734,0.0508241901795069,-0.0109382793307304,0.5528225104014078,0.5296550095081329,1470,0
15.97917426415965,-15.958409492014582,-3.453930447841602,0.0511248608430226,-0.0108719070752461,0.5532152156035105,0.5297667185465494,1470,0
15.973773527447545,-15.946582964179122,-3.484455713384084,0.0512581765651702,-0.0107772797346115,0.5534709393978119,0.5299465358257294,1470,0
15.934373390667089,-15.917173989174366,-3.478273634782682,0.0512457986672719,-0.0107292135556538,0.55365185936292,0.5301785270373026,1470,0
15.894639856907112,-15.887328060915948,-3.4671936792877704,0.0511867105960845,-0.0107153703769048,0.5537806848684946,0.53040345509847,1470,0
15.866152457025958,-15.842274740888708,-3.4488362534491195,0.0511285935839017,-0.0106797963380813,0.5538926223913828,0.5306534568468729,1470,0
15.837718785606604,-15.800085084065806,-3.425465730447642,0.051055242617925,-0.0106287946303685,0.5540072917938232,0.530890146891276,1470,0
15.807759783076214,-15.757180607563871,-3.404716651384624,0.0509466504057248,-0.010585680603981,0.5540817181269327,0.5310907065868378,1470,0
15.791758403428975,-15.697060958073967,-3.377577934600657,0.0508870407938957,-0.0104730327924092,0.5542081991831461,0.5313537915547688,1470,0
15.794041022297296,-15.633296526771256,-3.3453588964329772,0.0509295463562011,-0.0105106482903162,0.5543907980124155,0.5316292544205983,1470,0
15.81360661843719,-15.568762574068725,-3.319887738109637,0.0510296896100044,-0.0105750436584154,0.5546083947022755,0.531935065984726,1470,0
15.855210416045772,-15.508812763614216,-3.324817761749087,0.0512366766730944,-0.0104914233088493,0.5549178421497345,0.5323045353094736,1470,0
15.868752170559766,-15.456223737507646,-3.331612089790356,0.0513406743605931,-0.0102962429324785,0.5551854968070984,0.5327307879924774,1470,0
15.8538779178212,-15.40759952072946,-3.339638453250796,0.051332672437032,-0.0100870033105214,0.5553690195083618,0.5330992341041565,1470,0
15.811819698973382,-15.21952418525451,-3.32837935028033,0.0512579083442688,-0.0096761981646219,0.5554703374703724,0.5336339473724365,1470,0
15.738281269954674,-15.000526530870774,-3.3080143998533114,0.0511198416352272,-0.0091656222939491,0.555584321419398,0.5342307090759277,1470,0
15.639966356480302,-14.808879892866358,-3.280436753877728,0.0509415343403816,-0.0087820614377657,0.5556581914424896,0.5346879561742146,1470,0
15.550981695251062,-14.615549107158303,-3.242722026174772,0.0507642875115076,-0.0084176485737164,0.5557337204615275,0.535174419482549,1470,0
15.492396694811283,-14.3983978138167,-3.198035529974298,0.0507105762759844,-0.0080007687211036,0.5558745364348093,0.5357642769813538,1470,0
15.45472305293364,-14.20967694092572,-3.158867595984077,0.0507149025797843,-0.0076485847433408,0.5560307403405507,0.5362831850846608,1470,0
15.424227979153072,-14.059757473767425,-3.112938366152851,0.0507359902064005,-0.0074406613906224,0.5561518669128418,0.5367060204346974,1470,0
15.399024163707017,-13.968487888884823,-3.0667020043815634,0.0507244542241096,-0.007326861222585,0.5562162299950917,0.5370359520117441,1470,0
15.382244729275204,-13.913120431747387,-3.026100343169224,0.0507032995422681,-0.0072461043794949,0.556249588727951,0.5372869173685709,1470,0
15.357146940011033,-13.860311079050536,-3.0007572651223686,0.0506502861777941,-0.0071919783949851,0.5562597910563151,0.5374513467152913,1470,0
15.326362936438052,-13.812951285304887,-2.987803316597411,0.0505821282664934,-0.0071599557995796,0.5562514364719391,0.5375658969084421,1470,0
15.293518227957788,-13.775635318606945,-2.9803928876301855,0.0505159199237823,-0.0071411107977231,0.5562352339426676,0.5376652677853901,1470,0
15.26080184792475,-13.746380729606267,-2.9703447378010877,0.0504605124394098,-0.007131407658259,0.5562198360761006,0.5377939343452454,1470,0
15.220519984731666,-13.710778735419314,-2.959960219703567,0.0503943786025047,-0.0070836022496223,0.5561976134777069,0.5379709005355835,1470,0
15.18055208552007,-13.67475906455681,-2.9511325538515827,0.0503318806489308,-0.0070325483878453,0.5561788280804951,0.5381391545136769,1470,0
15.1048642665864,-13.60660713482326,-2.938780197438409,0.050162764887015,-0.0069242070118586,0.5560714403788248,0.5383613804976145,1470,0
15.04293575216856,-13.546292798371582,-2.9317276175159206,0.0499824980894724,-0.0068111916383107,0.5559255580107371,0.5385707517464955,1470,0
14.990377139910471,-13.503110612324187,-2.929265562041916,0.0497988760471344,-0.0067245761553446,0.5557585954666138,0.5387427608172098,1470,0
14.971029374547893,-13.471904336543712,-2.9329250013596733,0.0496817628542582,-0.0067133133610089,0.5556359191735585,0.5388181904951731,1470,0
14.937289618940554,-13.442697825277644,-2.931005494896908,0.0494664485255877,-0.0067797303199768,0.5554150640964508,0.5388698081175486,1470,0
14.903239823354724,-13.427371596307273,-2.932718330260319,0.0492740919192632,-0.0068767989675203,0.5552204648653666,0.5389098028341929,1470,0
14.84425536572516,-13.422320356079512,-2.926433629026282,0.0489928498864173,-0.0069663872321446,0.5549353261788685,0.5389751493930817,1470,0
14.784499279961956,-13.39552983005845,-2.904992978615619,0.0487352237105369,-0.0069668591022491,0.554646909236908,0.5391343235969543,1470,0
-6.2026072147362115,-9.159130862558188,-1.9314000974650665,-0.0219373057285944,0.0025476391116778,0.4750424822171529,0.566376656293869,0,478
-19.389566152806196,-6.681680061918785,-1.4599221507101698,-0.0621723781029383,0.0090083529551823,0.4241010248661041,0.5861440996328989,0,478
-25.65407405179715,-5.5449258149648575,-1.1320350342929066,-0.0803791135549545,0.0122178768118222,0.3992352088292439,0.5961514910062153,0,478
-25.094146376477752,-5.795336843020553,-0.9988909313401436,-0.0770046412944793,0.0123662402232487,0.4003178427616755,0.5965758264064789,0,478
-24.80190243564002,-5.9151675176764344,-0.8546133935249409,-0.0761867761611938,0.0124066372712453,0.4007154206434885,0.5964321096738179,0,478
-24.60662874925186,-5.981840344954343,-0.7824744917882919,-0.0757742996017138,0.012434996664524,0.4009505460659662,0.5963651041189829,0,478
-24.479709784907858,-6.030213126245776,-0.7085498639205597,-0.0753557210167249,0.0124490782618522,0.4013642271359761,0.5962493121623993,0,478
-24.442407825134985,-6.06077105173687,-0.6101247728618346,-0.0751368552446365,0.0122951840360959,0.4017809232076009,0.5959976514180501,0,478
-24.426654809608426,-6.070048467655667,-0.5291386448480216,-0.0749635646740595,0.0121347432335217,0.4021627157926559,0.5957026779651642,0,478
-24.401417659579295,-6.056670458399729,-0.5062653225151934,-0.0748902906974156,0.011994202931722,0.4024912565946579,0.5954426924387614,0,478
-24.36866417040327,-6.0451149295834234,-0.5048043861563198,-0.0748369594415028,0.0119555816054344,0.4028067390124002,0.5952272613843281,0,478
-24.344462423230965,-6.037920373295098,-0.5029382892770844,-0.0748190805315971,0.012009506424268,0.4030054062604904,0.5950630307197571,0,478
-24.319795159002,-6.027399746716624,-0.5063975085557031,-0.0747367267807324,0.0121000781655311,0.4032191534837087,0.594942718744278,0,478
-24.309725331807723,-5.99959206561878,-0.528304785968031,-0.0746556545297304,0.0122122640411059,0.4034002274274826,0.5948825279871622,0,478
-24.30744604315816,-5.991140369066613,-0.5526545033184818,-0.0746498256921768,0.0120265881220499,0.4035634249448776,0.5945555567741394,0,478
-24.31619859484176,-6.016665866071026,-0.5646478285859786,-0.0747425059477488,0.0116162200768788,0.4036751935879389,0.594026247660319,0,478
-24.32884985778704,-6.050453985599368,-0.565842574359246,-0.0749434456229209,0.0112329175074895,0.4037549942731857,0.5935324927171071,0,478
-24.310250749501357,-6.066091224215318,-0.553302327058654,-0.0750198339422543,0.010739155113697,0.4039732416470845,0.5929201145966847,0,478
-24.269954837656584,-6.0453857812517855,-0.5468174090195632,-0.0751792142788569,0.0101676930983861,0.4043034116427103,0.5922652582327524,0,478
-24.20922004195751,-5.992048672227231,-0.5738304572308242,-0.0751884480317433,0.0095699553688367,0.4047997097174326,0.5917146603266398,0,478
-24.124902470742228,-5.987645105105444,-0.6041636763719388,-0.0747739970684051,0.0089515546957651,0.4055407345294952,0.5911765098571777,0,478
-24.036052277735926,-6.0144210148666755,-0.6197974262337069,-0.0742794821659723,0.0084861516952514,0.4061972300211588,0.5907719830671946,0,478
-23.92332745499193,-6.012046534464892,-0.6429886773609985,-0.0736740877230962,0.0083596631884574,0.4068696051836014,0.5905944605668385,0,478
-23.823321641109132,-6.008041819485825,-0.6704267009783338,-0.0731452678640683,0.0084729219476381,0.4074915200471878,0.5905712048212687,0,478
-23.722375203486784,-6.019096017537338,-0.6867097581042769,-0.0726749425133069,0.0086396584908167,0.4080366492271423,0.5905935168266296,0,478
-23.623281130802333,-6.0722376739235155,-0.6654861964283092,-0.0722255657116572,0.0086837088068326,0.4085471878449122,0.590546041727066,0,478
-23.56985880410276,-6.126863133819419,-0.6272989100879256,-0.0720777933796246,0.0086420103907585,0.408783475557963,0.5904455482959747,0,478
-23.548502832624692,-6.202905456961378,-0.5858643023592408,-0.0721255168318748,0.0086204558610916,0.4088152150313059,0.5903560817241669,0,478
-23.56481912165291,-6.266692688959653,-0.5580932029655906,-0.0723282893498738,0.008597324291865,0.4087510108947754,0.5902508199214935,0,478
-23.532886075156977,-6.372128571235284,-0.5140299158212258,-0.0724849353233973,0.0086446702480316,0.4086775630712509,0.5901520649592081,0,478
-23.4819279781728,-6.453414570213816,-0.4666087339869956,-0.0725653320550918,0.0087282905975977,0.4086095790068308,0.5900790592034657,0,478
-23.3437693277721,-6.50399240128837,-0.4612830051670606,-0.0724076504508654,0.0088619415958722,0.4088244040807088,0.590060830116272,0,478
-23.210312733785297,-6.56480434141691,-0.4610622781869329,-0.0721904511253039,0.0089783445000648,0.4091305981079737,0.5900654097398121,0,478
-23.12993847652593,-6.636496405189963,-0.4632574783079585,-0.0720429544647534,0.0091962491472562,0.409373844663302,0.5900703867276509,0,478
-23.089207116225708,-6.686413508896884,-0.4577624302687788,-0.0719159369667371,0.0094175984462102,0.4095485458771387,0.5900681912899017,0,478
-23.07893440831273,-6.868022476187027,-0.4376969000780723,-0.0718454842766126,0.0094739720225334,0.409593770901362,0.5899073382218678,0,478
-23.120577959191948,-7.087902096502979,-0.4110511938180684,-0.0717775945862134,0.0094435190161069,0.4095965027809143,0.5897016227245331,0,478
-23.197662622560298,-7.387472709841687,-0.3800064621643537,-0.0716812536120414,0.0092530623078346,0.4095627615849176,0.5893677572409312,0,478
-23.249380253290816,-7.557603908681928,-0.3609250819643451,-0.0715843612949053,0.0090783710281054,0.4095442841450373,0.5890946686267853,0,478
-23.266478848471095,-7.628682791784957,-0.3602266346236584,-0.0715299397706985,0.0089659144481023,0.4095233927170435,0.5888894299666086,0,478
-23.269831434905328,-7.648667901387908,-0.3673324656801724,-0.0715019355217615,0.0088945180177688,0.4095081637303034,0.588747610648473,0,478
-23.26502656942239,-7.670357837016799,-0.3726376733597301,-0.0714642753203709,0.0087705850601196,0.4094878286123276,0.5885928670565287,0,478
-23.25655258293752,-7.697660215102141,-0.3796655535764383,-0.0714223807056744,0.0086378455162048,0.4094601919253667,0.5884583791097004,0,478
-23.246436495701836,-7.725228171478252,-0.3864497991375354,-0.0713873182733853,0.0085222944617271,0.4094287951787312,0.5883462429046631,0,478
-23.25681518669771,-7.767406728846988,-0.3980515643305605,-0.0713907132546106,0.008426047861576,0.4093987395366033,0.588259200255076,0,478
-23.258836103536453,-7.759942933634019,-0.4154637955233972,-0.0714046756426493,0.0083306655287742,0.409422626097997,0.5881794194380442,0,478
-23.234862962595336,-7.682648131977901,-0.4516748439933257,-0.0713494246204694,0.0082079122463862,0.4095897525548935,0.588078757127126,0,478
-23.173322905960184,-7.544821792193197,-0.4966168004794172,-0.0712952216466267,0.0080577606956164,0.4098396152257919,0.5879599750041962,0,478
-23.097054995994476,-7.388372707239726,-0.5446398208599939,-0.0712829728921254,0.0079197237888971,0.4100478788216908,0.5878722369670868,0,478
-23.037477055371497,-7.248305308136873,-0.5850286928266162,-0.0713080366452535,0.0077976311246554,0.4101750801006952,0.5878217617670695,0,478
-23.00543084783289,-7.14734141573857,-0.6324304118681333,-0.0713121518492698,0.007704568405946,0.4102640996376673,0.5878069897492726,0,478
-22.9944240692059,-7.071581173867289,-0.6752681223107586,-0.0713356261452039,0.0076238438487052,0.4103030165036519,0.5878049731254578,0,478
-22.992995551253284,-7.000416898539026,-0.7172499198523745,-0.0713825747370719,0.0075098300973574,0.4103087087472279,0.5878085593382517,0,478
-23.010836552933753,-6.951329445766843,-0.7606077831974445,-0.0715029786030451,0.0073917061090469,0.4102604140837987,0.5878147979577382,0,478
-23.04927020205445,-6.91891889782241,-0.7972844681519959,-0.0717428500453631,0.0073160156607627,0.4101216395696004,0.587840348482132,0,478
-23.0994748172276,-6.907041617461176,-0.8266924242745801,-0.0720456937948862,0.0072911108533541,0.4099179158608118,0.5878763298193613,0,478
-23.15985676536667,-6.8976129647033,-0.8482745871200662,-0.0723141506314277,0.0073203742504119,0.4097027778625488,0.5879314839839935,0,478
-23.210351279584607,-6.876405433490058,-0.8653669540611822,-0.0724657699465751,0.0073506981134414,0.4095572531223297,0.587970087925593,0,478
-23.253106721584174,-6.87558127183366,-0.87437299192441,-0.0724925324320793,0.0074041957656542,0.4094732999801636,0.5880150000254313,0,478
-23.26482080102796,-6.880079979934204,-0.8822936198047432,-0.0724011088411013,0.0075149858991305,0.4094182848930359,0.5880888998508453,0,478
-23.25573867424651,-6.887883290880618,-0.8916192228513191,-0.0722910190622011,0.0076495309670766,0.4093621671199798,0.5881544152895609,0,478
-23.228341103563377,-6.890739057421651,-0.8949198876259568,-0.0721207757790883,0.0077904264132181,0.4093319724003473,0.5882063210010529,0,478
-23.19558017384516,-6.89549653457094,-0.8917604254413101,-0.0719236508011818,0.0079023838043212,0.4093181093533833,0.5882498721281687,0,478
-23.164644330253008,-6.900669636484725,-0.8862863399116987,-0.0717507426937421,0.0079996983210245,0.4093130926291147,0.5883040328820546,0,478
-23.1030107889932,-6.885082900285154,-0.8783178976004626,-0.0715487127502759,0.008143792549769,0.4093105693658193,0.5884070992469788,0,478
-23.03283249556748,-6.8779235730631845,-0.8596181416321297,-0.0713730379939079,0.0082818269729614,0.4092926830053329,0.5884976784388224,0,478
-22.95114411240068,-6.883682782360504,-0.8365733829875339,-0.0710929532845815,0.0084118867913881,0.4092710415522257,0.5885909597078959,0,478
-5.516891676679957,2.211277068492089,1.1479049249337665,-0.0109454318881034,0.0287837808330853,0.4820266117652257,0.6292157570521036,1470,956
5.972889174327029,7.091542593539323,1.8189269219066957,0.0253040889898935,0.0375573560595512,0.5288225412368774,0.6582411229610443,1470,956
11.765029224058807,9.178414708824272,1.8743680684949848,0.0428909311691919,0.0406008089582125,0.5520284672578175,0.6732443372408549,1470,956
11.840095418966122,8.461811999886269,1.4729356898363926,0.04192499568065,0.0383120129505793,0.5515504578749338,0.673282911380132,1470,956
11.793825308402717,8.202777608448272,1.323390585422098,0.0416644290089607,0.0377828975518544,0.5511084993680317,0.672205885251363,1470,956
11.688512128742293,8.046045696507026,1.23848166951621,0.0411761825283368,0.0373368437091509,0.5505614876747131,0.6710916658242543,1470,956
11.49362603142282,8.002324889075606,1.1879805336646343,0.0406080981095631,0.0375062997142473,0.5498222510019938,0.6703665455182393,1470,956
11.318708483807844,8.00777641965297,1.1495397064693065,0.0400867636005083,0.0379468773802121,0.5490533709526062,0.6699735422929127,1470,956
11.198623958906666,8.013304424416667,1.11201596496198,0.0397544155518213,0.038384735584259,0.5484692354996998,0.6698148151238759,1470,956
11.12949361598851,8.001262752642733,1.0466082366749236,0.039416251083215,0.0384549051523208,0.5479742288589478,0.6696059703826904,1470,956
11.08365118230094,7.860288913104848,0.9588606017644437,0.0392883618672688,0.0384058381120363,0.5477058192094166,0.6690394381682078,1470,956
11.029769063174095,7.700992373660728,0.8852484813203731,0.0392106622457504,0.0382503891984621,0.5474863747755686,0.6681929528713226,1470,956
10.93436482047711,7.3345069584668305,0.7833696483533664,0.0388976261019706,0.0376879597703615,0.5469583968321482,0.6668037970860798,1470,956
10.771951756133518,6.993835478485401,0.7193479470961729,0.0383788893620173,0.0365157450238863,0.5462746222813923,0.6650265554587046,1470,956
10.61504942126844,6.722389013854519,0.6635224427651678,0.0378194327155749,0.0351715634266535,0.5455825825532277,0.6633146305878956,1470,956
10.465260461504888,6.354800750987734,0.6160961157030961,0.0371419688065846,0.0340157921115557,0.5448037485281626,0.6617152690887451,1470,956
10.30254528486818,6.020389751755237,0.5702744382134568,0.036455400288105,0.0329719210664431,0.5440332492192586,0.6601178546746571,1470,956
10.081994244925788,5.712004742797449,0.5314034391333353,0.0356949865818023,0.0319862887263298,0.5432092746098836,0.6585270563761393,1470,956
9.881988297274118,5.507931544780954,0.5030337304603907,0.035138006011645,0.0313680494825045,0.5425949196020762,0.6574191550413767,1470,956
9.724069761513231,5.3713036750083525,0.4837482373336778,0.034825009604295,0.0310608446598052,0.5422385931015015,0.6566684941450754,1470,956
9.610728694357682,5.286298141536944,0.4773567458304433,0.034628281990687,0.0309835150837898,0.5420127113660176,0.6561784247557322,1470,956
9.538613831058678,5.22666198499975,0.4683535891070199,0.0344691202044487,0.0310347750782966,0.541831870873769,0.6557355324427286,1470,956
9.454432819806758,5.160863691441413,0.4950341166908127,0.0341933717330296,0.0311255007982254,0.5415550072987874,0.655348002910614,1470,956
9.310324270731954,5.047875329006677,0.5567839462381129,0.0338229636351267,0.0311485305428504,0.5411932567755381,0.6549987395604451,1470,956
9.18471789148359,4.9567757501759395,0.6358844890468706,0.0335332105557123,0.0312448292970657,0.5409148931503296,0.6547973851362864,1470,956
9.118397206518123,4.8636108188574685,0.6876730472073342,0.0333896229664484,0.0311200618743896,0.5408108234405518,0.6544606586297352,1470,956
9.069615614181153,4.81178230558381,0.6843266302839943,0.0331273848811785,0.0304408445954322,0.5408064822355906,0.6536995073159535,1470,956
9.032101720281236,4.795983738522881,0.6644890739805847,0.0328709085782368,0.029767649869124,0.5408139328161875,0.6530042688051859,1470,956
8.94503010926378,4.870777720571629,0.609146558330325,0.032470350464185,0.0293068885803222,0.5408317546049753,0.6524872084458668,1470,956
8.85278395398382,4.9310360693256925,0.5961155225045391,0.0321530699729919,0.029284360508124,0.540861835082372,0.6522673964500427,1470,956
8.775704507912927,4.959782549172156,0.6129332339936457,0.0319826280077298,0.0294273048639297,0.5408994257450104,0.6521562933921814,1470,956
8.811258119129494,4.829519604704856,0.6909384291911383,0.0320021659135818,0.0295250217119852,0.541193922360738,0.6521160304546356,1470,956
8.897013466479653,4.671774484623983,0.7991570415686181,0.0322315941254297,0.0295516525705655,0.5417364140351613,0.6520807842413584,1470,956
8.979708347721244,4.561071399256061,0.8895994234903228,0.032505286236604,0.0295595477024714,0.542273610830307,0.6520582139492035,1470,956
9.088270850739178,4.537874518636345,0.93260185226892,0.0330331722895304,0.0295719852050145,0.5429273645083109,0.6520400444666544,1470,956
9.155006964836984,4.49332721410415,0.9311336520659428,0.0333586360017458,0.0295033703247706,0.54337806502978,0.6519247392813364,1470,956
9.196660986324606,4.4316693762057024,0.9181428363919282,0.0335359449187914,0.0294199585914611,0.5436685085296631,0.6517768005530039,1470,956
9.198670558664666,4.39072991638965,0.8904300813235303,0.0335299173990885,0.0293781409660975,0.5437571803728739,0.6515523592631022,1470,956
9.196499337777365,4.393666958026722,0.8325434736634831,0.0335009917616844,0.029353695611159,0.5437866946061451,0.6511898338794708,1470,956
9.18501528814356,4.415502747144353,0.7649570880940961,0.0333973318338394,0.0293589408198992,0.54377880692482,0.650782565275828,1470,956
9.168259986206134,4.41615120673104,0.6889342481780723,0.0333061143755912,0.0294192532698313,0.5437664886315663,0.6503892242908478,1470,956
9.133948879540052,4.366132044303896,0.6062271791528386,0.0332030082742373,0.0294393276174863,0.5437537829081217,0.6497866412003834,1470,956
9.092642683863485,4.296000372232175,0.5407174733902853,0.0331117287278175,0.0296267097194989,0.5437416632970173,0.6492645839850107,1470,956
9.038202237263029,4.21715387015322,0.5043585995616058,0.0330642263094584,0.0297515367468198,0.5437290370464325,0.6488177279631296,1470,956
8.96781951630887,4.109867807619629,0.494884299972127,0.0331384912133216,0.0296826213598251,0.5437171061833699,0.6483412583669026,1470,956
8.907435811107344,4.017433858960715,0.4968388736381203,0.0332466214895248,0.0295502270261446,0.5437115927537282,0.647952139377594,1470,956
8.882301153835305,3.931765664709387,0.5230427026075886,0.0334178954362869,0.0294841304421424,0.5437071522076924,0.6476589838663737,1470,956
8.884026898181318,3.861029617026408,0.5712116973043662,0.0335467060407002,0.029312364757061,0.5436727007230122,0.6473364531993866,1470,956
8.895075296964897,3.819295548910487,0.620473911834571,0.0336336741844813,0.0291078463196754,0.5436273813247681,0.6470471819241841,1470,956
8.899115462350021,3.8103400683115902,0.6522161275147861,0.0335703591505686,0.0289471546808878,0.5434480607509613,0.6468209425608317,1470,956
8.930611186527232,3.804658104978926,0.6626492693796397,0.0337203219532966,0.0288717622558275,0.5432803432146708,0.6465795338153839,1470,956
8.987374502204531,3.7912123692255,0.6688390815745451,0.033999279141426,0.0289159988363583,0.5431880354881287,0.646389087041219,1470,956
9.058629913479958,3.7736040300363607,0.6639467774858976,0.0343030368288358,0.0290729577342669,0.5431503554185231,0.646197239557902,1470,956
9.12364422293052,3.727673999901053,0.6667787631142785,0.0345325370629628,0.0291899591684341,0.5430683592955271,0.6458594401677449,1470,956
9.19781963876251,3.6620879152287458,0.6788908397678135,0.0347526594996452,0.0293244992693265,0.5430060724417368,0.6455395718415577,1470,956
9.255366680270336,3.6072515806870977,0.6833468852946853,0.0349213182926178,0.0293031161030133,0.542923221985499,0.6451934774716694,1470,956
9.286550893497592,3.574432787017822,0.6682313484317657,0.0349356979131698,0.0291239296396573,0.5426790614922841,0.644778569539388,1470,956
9.286610412296591,3.580510162489797,0.6371517962676162,0.0347392583886782,0.0289241621891657,0.5422147711118062,0.644421398639679,1470,956
9.270859886188187,3.628109780232273,0.617359411391238,0.0344949314991633,0.0288029437263806,0.5417492985725403,0.6441907982031504,1470,956
9.2107793610585,3.7270162064731105,0.5897335136321825,0.0341624071200688,0.0287580862641334,0.5412536263465881,0.6440497835477192,1470,956
9.176189913079227,3.787757641765928,0.5654429025971469,0.0339284812410672,0.0287303701043128,0.5408833920955658,0.6439470748106638,1470,956
9.1642228232688,3.81758172016118,0.5458903448498894,0.0338086436192194,0.0286788046360015,0.5406623284022013,0.6438544193903605,1470,956
9.179872271220118,3.831467111802006,0.5117637102795409,0.0337659865617752,0.028681660691897,0.5405464867750803,0.6438319782416025,1470,956
9.198957262539784,3.846078489443956,0.4670209438067477,0.0337165941794713,0.0287207265694936,0.5404242078463236,0.6438246369361877,1470,956
9.21299471969702,3.856539980681474,0.4273634688746506,0.0336595152815182,0.0287498111526171,0.5403109391530354,0.6438181300957997,1470,956
9.220396509967047,3.8503594988130048,0.3899114730255438,0.0335342908898989,0.0286241620779037,0.5401289959748585,0.6436695754528046,1470,956
9.206228689857564,3.838836147422275,0.3431160362401274,0.0332854688167572,0.0283767556150754,0.5397751828034718,0.6434002220630646,1470,956
6.429896894194695,-1.7130975037303269,-0.7828610279741288,0.0222701951861381,0.0119746203223864,0.522795170545578,0.6033304830392201,1102,238
4.216656371065291,-5.475388811916547,-1.6572621054096746,0.0140705307324727,0.0028206929564476,0.5104354222615559,0.5768624444802601,1102,238
2.8777501272765553,-7.357180186437358,-2.111725691620004,0.0093535557389259,-0.0006538455684979,0.5034407079219818,0.5639281769593556,1102,238
2.5464448266023707,-7.37675661764505,-2.128074704421397,0.0085272838672002,0.0008502801259358,0.5023109912872314,0.564307947953542,1102,238
2.3902979086028715,-7.378948101015735,-2.09286998490183,0.0082132443785667,0.0015541935960451,0.5017886459827423,0.5645202298959096,1102,238
2.3011666478889534,-7.4105352689012065,-2.020789467752248,0.0080496221780776,0.0016258905331293,0.5014875133832295,0.5645084977149963,1102,238
2.2729195539779723,-7.349093402977354,-1.972733724910688,0.0079497918486595,0.0016059031089146,0.5013005534807841,0.5647410055001576,1102,238
2.293340904803041,-7.241930875519907,-1.946174087536085,0.0081194440523783,0.0015881384412447,0.5013804634412129,0.5650925834973652,1102,238
2.328490052539595,-7.117564288198813,-1.9338597182852113,0.008404883245627,0.0016972869634628,0.5015833477179209,0.5654832919438679,1102,238
2.331811496678725,-6.985356456711859,-1.9210081155950205,0.0087046474218368,0.0017434606949488,0.5018134713172913,0.5657653510570526,1102,238
2.33795252936768,-6.8180832557015325,-1.8989943673337264,0.0089408084750175,0.0020187646150588,0.5019896527131398,0.5662661890188853,1102,238
2.33778862381614,-6.637717999498298,-1.874736999527265,0.0091028238336245,0.0023041342695554,0.5020949443181355,0.5667511820793152,1102,238
2.2970886659718777,-6.456376523319532,-1.8401998961878068,0.0092123225331306,0.0027381678422292,0.5021450618902842,0.5673254132270813,1102,238
2.253906891101683,-6.334726447063073,-1.803964688124417,0.0092788139979044,0.0032110263903935,0.5021687348683674,0.5678886572519938,1102,238
2.2256554619990476,-6.26404674242856,-1.7698871053267058,0.0093236664930979,0.003629058599472,0.5021838049093882,0.5683712363243103,1102,238
2.2128633302462832,-6.2101081111901735,-1.7401390703280968,0.0093591958284378,0.0041454955935478,0.5022012790044148,0.568957656621933,1102,238
2.196468356655599,-6.139328186923489,-1.7324265885230197,0.0093588704864184,0.0047847951451937,0.502188225587209,0.5697529315948486,1102,238
2.185931130299389,-6.084505753790515,-1.7513517908974243,0.0093196655313173,0.0052083730697631,0.5021487375100453,0.5704284310340881,1102,238
2.183437267242457,-5.997224226217487,-1.7781183697158085,0.009279819826285,0.0054818913340568,0.5021134912967682,0.5710922181606293,1102,238
2.183525565204433,-5.886036227061827,-1.7978049549350787,0.0092569266756375,0.0057090943058331,0.5021014114220936,0.5718033313751221,1102,238
2.167387571307983,-5.736551499438713,-1.793103759052311,0.0091938947637875,0.0058965509136517,0.5020535091559092,0.5725456674893696,1102,238
2.140213638035388,-5.592719875451615,-1.7743803184321665,0.0091077163815498,0.0060253664851188,0.5019850532213846,0.5731663703918457,1102,238
2.124221716793297,-5.490566385464282,-1.7487926109598313,0.0090420792500178,0.0060511603951454,0.5019400020440419,0.5736108620961506,1102,238
2.108101132875474,-5.412548627235758,-1.721440745711496,0.0089899798234303,0.0061028202374776,0.5019207497437794,0.5739650130271912,1102,238
2.0874627884463344,-5.352276588951165,-1.6953042509311662,0.0089389284451802,0.0061186676224072,0.5019069612026215,0.5741865038871765,1102,238
2.0685608693655366,-5.303295300593771,-1.6638122048862525,0.0088487689693768,0.0061191270748774,0.5018972257773081,0.5743833482265472,1102,238
2.058614074961299,-5.256328808566876,-1.6395978342869024,0.0087762276331583,0.0061219458778699,0.5018955369790394,0.5745623608430226,1102,238
2.055354732436324,-5.219405091892968,-1.6237187757453162,0.0087204352021217,0.0061346019307772,0.5018991927305857,0.5747291247049967,1102,238
2.051239768923426,-5.203828807602223,-1.6102459420951618,0.0086497540275255,0.0060965046286582,0.5018844107786814,0.5748478670914967,1102,238
2.051405342110721,-5.217444979196573,-1.5938977466584898,0.0085741231838862,0.005970890323321,0.5018740197022755,0.5748868981997172,1102,238
2.0518695105157247,-5.2490455870763615,-1.578488427476103,0.0084969575206438,0.0058267340064048,0.5018651485443115,0.574882407983144,1102,238
2.0728520748435786,-5.339676369950597,-1.546350328775398,0.0084777747591336,0.0056608741482098,0.5019246737162272,0.5748673180739085,1102,238
2.111130459631766,-5.637991802759585,-1.5792685684441723,0.0085069313645362,0.0051520590980847,0.5020048816998799,0.5748423437277476,1102,238
2.1571041964226785,-5.962494187353238,-1.5811298662896665,0.0085447678963343,0.0045767749349276,0.5020683705806732,0.5748094320297241,1102,238
2.1780147784323436,-6.226991459139239,-1.6317433284956069,0.008571853240331,0.004091590642929,0.5021154781182606,0.5747976998488108,1102,238
2.2117772996392575,-6.357477895666663,-1.6553635150299764,0.0086352179447809,0.0038530255357424,0.5021905700365702,0.5748498439788818,1102,238
2.2388551693265493,-6.427626181414379,-1.6770634306151218,0.008720263838768,0.003702163696289,0.50228218237559,0.5749007264773051,1102,238
2.261286082374159,-6.446180655181639,-1.66235031663261,0.0089481075604756,0.0037082408865292,0.5024570723374684,0.5749577879905701,1102,238
2.2844144046951183,-6.458414277739498,-1.6613531561379076,0.0092448989550272,0.0037556439638137,0.5026871959368387,0.5749777456124623,1102,238
2.315878050599868,-6.465631287113499,-1.6660318586167595,0.0095610196391741,0.0038176750143369,0.5029334028561909,0.5749773979187012,1102,238
2.349979354214615,-6.464355060263792,-1.6800435397418432,0.0098216061790784,0.0038360208272933,0.5031523505846659,0.5749680399894714,1102,238
2.3768294371569096,-6.40028013894954,-1.6858798967248574,0.0100020319223403,0.0038311953345934,0.5033188958962758,0.5749639471371968,1102,238
2.378547068654996,-6.318884707892623,-1.6895116702681654,0.0100859353939692,0.003830204407374,0.5034133990605671,0.5749748945236206,1102,238
2.365136022255656,-6.253579487605792,-1.6893273678520957,0.0101087267200152,0.0038476188977559,0.5034590264161427,0.5749855935573578,1102,238
2.3466767896120757,-6.214807276368164,-1.680898317207872,0.0100977023442586,0.0039403860767682,0.503471165895462,0.5750155051549275,1102,238
2.32707003939872,-6.1718901878851895,-1.6685822680392493,0.0100762620568275,0.0040683845678965,0.5034725467363993,0.5750523209571838,1102,238
2.3150660045384055,-6.118755048193339,-1.6562795633241687,0.0100504929820696,0.0042481645941734,0.5034692784150441,0.5750857790311177,1102,238
2.3211841838679983,-6.029076944819614,-1.6512050504261642,0.0100600495934486,0.0045204013586044,0.5034812589486439,0.5751004020373026,1102,238
2.327327591176656,-5.941886498538106,-1.6467775600527532,0.0100664148728052,0.0047825748721758,0.5034931004047394,0.575102965037028,1102,238
2.332488292312971,-5.849882166641752,-1.6415004038930467,0.0100751966238021,0.0049720952908198,0.5035018523534138,0.5750922858715057,1102,238
2.328936818926242,-5.7688703978588185,-1.6301325492622172,0.0100749482711156,0.0050843879580497,0.5035034815470377,0.5750796894232432,1102,238
2.3291663103448985,-5.699692592265449,-1.6197545222103278,0.010082222521305,0.0051792835195859,0.5035051107406616,0.5750683645407358,1102,238
2.318920725033534,-5.628768018529,-1.6094210561678386,0.0100681657592455,0.0052551006277402,0.5034874677658081,0.5750580827395121,1102,238
2.2981368943159204,-5.570738116575453,-1.596012250085615,0.0099904611706733,0.00530306994915,0.5034023423989613,0.5750519533952076,1102,238
2.277879667650338,-5.5136011765343795,-1.5792660826977885,0.0099138393998146,0.0053352390726407,0.5033154090245564,0.5750483671824137,1102,238
2.2567883885660236,-5.474748450063382,-1.5583261446675083,0.0097795178492863,0.0053396448493003,0.5031699140866597,0.5750461220741272,1102,238
2.247098474455479,-5.456250385245342,-1.5383818235914706,0.0097010905543963,0.0053700879216194,0.5030610859394073,0.5750448803106943,1102,238
2.231250263969482,-5.449002858282166,-1.5245351210526317,0.0095422441760698,0.0053794781366984,0.5028636256853739,0.5750617980957031,1102,238
2.222403835496655,-5.44497766956981,-1.515016500616479,0.0094401935736338,0.0053853864471117,0.5027187565962473,0.5750870903333027,1102,238
2.2058533767743875,-5.434000453404825,-1.5155113192883056,0.009282703200976,0.0053679471214612,0.5025277535120646,0.5751194755236307,1102,238
2.200683223307623,-5.424191938718964,-1.5265709795842617,0.0092512269814809,0.0054458876450856,0.5024308462937672,0.5752065181732178,1102,238
2.190344337645775,-5.41096855658836,-1.5370798248909443,0.0092435578505198,0.0055777157346407,0.502368410428365,0.5753025611241658,1102,238
2.1854562612621216,-5.407773690987824,-1.553304797238201,0.0092828050255775,0.0057271694143613,0.5023348728815714,0.5754216611385345,1102,238
2.181618632185667,-5.4187602609284955,-1.578319718739908,0.0093260432283083,0.0058405796686808,0.5022968451182047,0.5755171080430348,1102,238
2.180173702835778,-5.437525421449262,-1.605862911956102,0.0093643640478452,0.0059299195806185,0.502263714869817,0.5755904316902161,1102,238
2.1734924496728976,-5.457701832787379,-1.639716488974432,0.0093600427110989,0.0060378635923067,0.5021967490514119,0.57569154103597,1102,238
2.166843782419675,-5.466302555724821,-1.6700139717631155,0.0093266516923904,0.0061797449986139,0.5021001398563385,0.5758395890394846,1102,238
-7.49683306322617,-6.329643387544712,-1.040948588401611,-0.0224573239684104,0.0066660121083259,0.465222472945849,0.578398585319519,367,238
-13.636249545845754,-6.869964771814121,-0.5956289372738579,-0.0418686419725418,0.0069193243980407,0.441804697116216,0.580200324455897,367,238
-16.520194116017755,-7.107891982521117,-0.350541281466259,-0.0502953504522641,0.0069753055771191,0.43099145591259,0.5813270310560862,367,238
-16.268303715188214,-7.076742971426981,-0.3166019593389292,-0.0485643620292345,0.0069351692994435,0.4322528839111328,0.5816480219364166,367,238
-16.122154570927997,-7.0780631889069525,-0.2877161112273867,-0.0476029440760612,0.0069241027037302,0.4330113530158996,0.5818901757399241,367,238
-15.97587976064098,-7.127875637455497,-0.2758116296433985,-0.0470160419742266,0.0068937043348948,0.4334809730450312,0.5820272564888,367,238
-15.8341657309236,-7.1692827180819165,-0.2807891061550953,-0.0466734394431114,0.0068658466140429,0.433785061041514,0.5821638703346252,367,238
-15.703161061693056,-7.2078256903554205,-0.2933977324313043,-0.0464471578598022,0.0068222979704538,0.4339966028928756,0.5822601616382599,367,238
-15.550630043083888,-7.180886967945815,-0.3195695509714882,-0.0463299403587977,0.0069318364063898,0.4341075221697489,0.5824688176314036,367,238
-15.405043420185772,-7.093006338375718,-0.351011642186596,-0.0462573543190956,0.0071149965127309,0.4342270493507385,0.5827813446521759,367,238
-15.275446457067105,-6.988826989926189,-0.3908795233560405,-0.0461856325467427,0.0073890388011932,0.4344206551710764,0.5832271079222361,367,238
-15.185225982102438,-6.917778116157493,-0.4265263526224385,-0.0461324999729792,0.0076002577940622,0.4346164762973785,0.5835851033528645,367,238
-15.081277198555606,-6.855226948188537,-0.4594183212032275,-0.0459212685624758,0.0078023398915926,0.4350057542324066,0.5839192966620127,367,238
-14.943785804405458,-6.799946424535754,-0.4806178681007907,-0.0455846339464187,0.0078968678911526,0.4355419178803761,0.5841708083947499,367,238
-14.80776414688946,-6.768414873199303,-0.4954903927578941,-0.0452296038468678,0.0079277629653612,0.4360636224349339,0.5843323866526285,367,238
-14.683885051600436,-6.759575995044993,-0.5043666896487726,-0.044977364440759,0.0079293971260388,0.4364742934703827,0.5844184358914692,367,238
-14.548088576512932,-6.757057059983424,-0.5141290659566262,-0.04472333441178,0.0079248895247777,0.4368436286846796,0.5844556887944539,367,238
-14.422447951321256,-6.7558606320006245,-0.5256732661555317,-0.044496161242326,0.0079262206951777,0.4371501207351684,0.5844780802726746,367,238
-14.336739561753662,-6.743263073207212,-0.545509410774202,-0.0443382710218429,0.0078988621632258,0.4373659789562225,0.5844796697298685,367,238
-14.2855384246025,-6.725383221708643,-0.5634079148667563,-0.0442481860518455,0.0078590636452039,0.4375380824009577,0.5844668348630269,367,238
-14.242586222757453,-6.708053291935497,-0.5757690199346621,-0.0441725874940554,0.0078222329417864,0.4376860161622365,0.5844496488571167,367,238
-14.206002009215297,-6.697509845199795,-0.5751183609132182,-0.0440992762645085,0.0077727635701497,0.4378438790639241,0.584423154592514,367,238
-14.171971689905725,-6.694982252139285,-0.5641279466445792,-0.0440236777067184,0.0076907326777776,0.4380206565062204,0.5843814015388489,367,238
-14.139136735393931,-6.686906244289858,-0.5507492006199797,-0.0439713175098101,0.0076166739066441,0.4381885478893915,0.5843471884727478,367,238
-14.116775840744443,-6.679706425890982,-0.5416242760142123,-0.043956143160661,0.0075498074293136,0.4383107423782348,0.5843202968438466,367,238
-14.106285985747864,-6.669884446139976,-0.5377539807841214,-0.0439850389957428,0.0074880371491114,0.4383654296398163,0.5842991769313812,367,238
-14.10329723472137,-6.660285456488344,-0.5353491446306428,-0.0440343618392944,0.0074243396520614,0.4383824417988459,0.5842774013678232,367,238
-14.10192128999585,-6.649990805391064,-0.5329564708259258,-0.0440928886334101,0.0073741277058919,0.4383857995271683,0.5842569669087727,367,238
-14.096100904846269,-6.645961265816542,-0.5306850618665853,-0.0441077848275502,0.0073039978742599,0.4384074161450068,0.5841986735661824,367,238
-14.091978536379443,-6.643084074369833,-0.5288885447090385,-0.0441123271981875,0.0072425430019696,0.4384177972873052,0.5841482679049174,367,238
-14.088485989863711,-6.640552589632788,-0.528228736912276,-0.0441142668326695,0.0071790441870689,0.438419093688329,0.5841056605180104,367,238
-14.089531592816694,-6.6424535333434065,-0.5314404003676203,-0.0441235502560933,0.0071430951356887,0.4383847018082936,0.5840802590052286,367,238
-14.086099523982048,-6.6428911339560806,-0.5395418082223544,-0.0441278790434201,0.0071222086747487,0.438351089755694,0.5840738415718079,367,238
-14.081445380255614,-6.6447790592083,-0.549775970730768,-0.0441276580095291,0.0071089938282966,0.4383211185534795,0.5840752522150675,367,238
-14.079951058422058,-6.650861650061075,-0.5526559641397472,-0.0441584115227063,0.0070972343285878,0.438274398446083,0.5840805768966675,367,238
-14.09936653572299,-6.702494511950793,-0.5480220931391973,-0.0442186097304026,0.0070803090929985,0.4382015665372212,0.5840717454751332,367,238
-14.11943255089727,-6.761136175169824,-0.5398662453890195,-0.0442874431610107,0.0070670172572135,0.4381199081738789,0.5840578377246857,367,238
-14.13828926089673,-6.805663028483698,-0.52410484045351,-0.0443454384803772,0.0069955885410308,0.4380496690670649,0.584011693795522,367,238
-14.182688688408575,-6.949139710354034,-0.4927195345762575,-0.0444069976607958,0.0069723377625147,0.4380041907231012,0.5839831233024597,367,238
-14.218030337549951,-7.079361802611817,-0.4550809876639196,-0.0444423879186312,0.0069507906834284,0.4379844069480896,0.5839420358339945,367,238
-14.224932332605444,-7.213302188376314,-0.4136165337405864,-0.0444535861412684,0.0069495638211568,0.4380063613255818,0.5839142103989918,367,238
-14.242802726240836,-7.310503218781386,-0.3709556726131569,-0.0445270761847496,0.0069767187039057,0.4380164891481399,0.5838976899782816,367,238
-14.269249924301462,-7.383999467206699,-0.3356509167524839,-0.0446439236402511,0.0070286393165588,0.4380140453577041,0.5838932891686757,367,238
-14.295354019716312,-7.422713296725711,-0.303907336661478,-0.0447539091110229,0.0070626040299733,0.4379510581493377,0.5838896135489146,367,238
-14.295471722767246,-7.429085187872086,-0.2824953472186204,-0.0447033221522967,0.0070638383428255,0.4378683964411417,0.5838756561279297,367,238
-14.286051331828675,-7.397007903361999,-0.2698928467052321,-0.0446375906467437,0.0070495381951332,0.4377682755390802,0.5838633974393208,367,238
-14.25134707849244,-7.319774022813121,-0.2801505515225528,-0.0445315912365913,0.0070260638991991,0.4376805524031321,0.5838560163974762,367,238
-14.23439491339267,-7.224542380949114,-0.3072749484393397,-0.0445312559604644,0.0069684634606043,0.4375566740830739,0.5838528573513031,367,238
-14.228466816262474,-7.153148978831919,-0.3350521685786887,-0.0445728326837221,0.0068966249624888,0.4374176561832428,0.58384570479393,367,238
-14.21789548624012,-7.109714617962338,-0.3388108427961744,-0.0446000595887502,0.0068178251385688,0.4373290588458379,0.583810011545817,367,238
-14.21587748823382,-7.167150747576962,-0.3586664317375607,-0.0446855376164118,0.0067244321107864,0.4373097072045008,0.5838222603003184,367,238
-14.23964454429986,-7.250034443806537,-0.3849280841413183,-0.0448270613948504,0.0066531995932261,0.4373254825671513,0.5838365058104197,367,238
-14.266205590810598,-7.26599597322874,-0.4672190853169742,-0.0450187449653943,0.0066635236144065,0.4373537848393122,0.5839289923508961,367,238
-14.285027869677148,-7.164985344889031,-0.5855710769934434,-0.045110210776329,0.0069016392032305,0.4374590466419855,0.5842072665691376,367,238
-14.301073363068792,-7.047554512954905,-0.6917477973694015,-0.0451416969299316,0.0071180512507756,0.4375839034716288,0.5844622055689493,367,238
-14.294479840435852,-6.949807006632433,-0.7771999385477859,-0.0449420064687728,0.0074181780219078,0.4378934353590011,0.5847625434398651,367,238
-14.287720154913831,-6.902507809405636,-0.8345201464435588,-0.0447215636571248,0.0076485648751258,0.4382004936536153,0.5849324464797974,367,238
-14.28477774554992,-6.887792013330744,-0.8717441836157206,-0.044554129242897,0.0078133791685104,0.4384444952011108,0.5850166777769724,367,238
-14.254775063344963,-6.860276850556503,-0.878298225394033,-0.0443021158377329,0.0079670002063115,0.4386580487092336,0.5850262145201365,367,238
-14.164478118234594,-6.778565379421908,-0.90159157778806,-0.0438669895132382,0.0081723208228747,0.4389175474643707,0.5850961804389954,367,238
-14.057842351714369,-6.704611543211747,-0.926358146606544,-0.0433741162220637,0.0083133230606714,0.4392350167036056,0.5851466258366902,367,238
-13.943426557380812,-6.588497232250065,-0.9370594539961984,-0.0430408020814259,0.0083510925372441,0.4394383430480957,0.5851709743340809,367,238
-13.816924240041196,-6.437060700673449,-0.930537437953437,-0.0427210951844851,0.0083215783039728,0.4396291722853978,0.5851851801077524,367,238
-13.711369835701705,-6.31022061818874,-0.9191740748267768,-0.0424387256304423,0.0082775925596555,0.4397920717795689,0.5852024753888447,367,238
-13.632400202636225,-6.2054513760210614,-0.90966217198903,-0.0422122577826182,0.0082228407263755,0.4399648706118265,0.585211435953776,367,238
-13.579439687065603,-6.140094399912577,-0.8950010839738328,-0.0420736993352572,0.0081384579340616,0.4400894691546758,0.5851996938387553,367,238
-13.546130014794416,-6.103080680392811,-0.8785107005480753,-0.04201074441274,0.0080272903045018,0.4401603738466898,0.5851701498031616,367,238
-7.561500536481624,-3.924090685520261,-0.9675622023319062,-0.0228575840592384,0.0109055017431577,0.4644042352835337,0.5922228793303171,735,478
-3.6759084030754714,-2.4432611735652014,-0.9842683642475716,-0.0109535207351048,0.0129304726918538,0.480303406715393,0.5970188975334167,735,478
-1.7617509466124672,-1.6275787723183532,-0.9640321860980604,-0.0053644975026448,0.0141349633534749,0.4881611218055089,0.5996172726154327,735,478
-1.855422783755082,-1.524514583345444,-0.9334253176703142,-0.0060719152291615,0.0143513878186543,0.4879508862892786,0.5998390913009644,735,478
-1.929998696407497,-1.489217159874037,-0.9305408479749566,-0.0064797699451446,0.0144675647219022,0.4878134975830713,0.5999381939570109,735,478
-1.9925192389861048,-1.4976717383607805,-0.927487549899468,-0.0067551881074905,0.0145246783892313,0.487721120317777,0.5999538898468018,735,478
-2.0398772984762177,-1.5215519926154664,-0.916343414951728,-0.0069609036048253,0.0145967081189155,0.4876323789358139,0.5999406476815541,735,478
-2.0763224500282185,-1.546748246330861,-0.8945889961196467,-0.0071117455760637,0.0146683851877848,0.487552061676979,0.5999242464701334,735,478
-2.1055006886019596,-1.569837920175957,-0.8730699978154587,-0.0072318638364473,0.0147188032666842,0.4874769846598307,0.5999066233634949,735,478
-2.1303171084403503,-1.5889652883791223,-0.8506399563032355,-0.0073580344518025,0.0147162526845932,0.4873839020729065,0.5998882055282593,735,478
-2.1528382013583887,-1.602400907078687,-0.8330235170836587,-0.0074882432818412,0.0146847143769264,0.4872871388991673,0.5998714864253998,735,478
-2.1902645964974745,-1.5984534668624728,-0.8202925106712369,-0.0075837473074595,0.0146527116497357,0.4872153550386429,0.5998747050762177,735,478
-2.235524303347251,-1.583048972018965,-0.8116425614246636,-0.0076441491643587,0.0146344477931658,0.487169732650121,0.5998886128266652,735,478
-2.282153916163944,-1.5404523950540503,-0.8073698727696882,-0.0076613848408063,0.0146087830265363,0.4871450662612915,0.5998978912830353,735,478
-2.3400801014050785,-1.4493015353747394,-0.8032634623517112,-0.007724051674207,0.0145893494288126,0.4870600203673044,0.5999003152052561,735,478
-2.4045421459751406,-1.3502238051173605,-0.798518137375053,-0.0078182915846506,0.0145815337697664,0.4869321783383687,0.5998993118604024,735,478
-2.4505219279599775,-1.2893675021991036,-0.7905439937061267,-0.0079631581902503,0.0145714730024337,0.4867433110872904,0.5999008417129517,735,478
-2.4903910002704985,-1.2490564440105405,-0.7913336134255073,-0.0082373445232709,0.0145691037178039,0.486375426252683,0.5999045570691426,735,478
-2.529120917367295,-1.224640622312277,-0.799559863889929,-0.0085513119896252,0.0145689100027084,0.4859664539496103,0.5999059478441874,735,478
-2.553403310388497,-1.212040634973938,-0.8123320056399866,-0.0087730462352434,0.0145650058984756,0.4856137881676355,0.5999116400877634,735,478
-2.567955657562863,-1.2069470019543718,-0.8374686948621692,-0.0089501688877741,0.0145307009418805,0.4852659702301025,0.5999182264010111,735,478
-2.5804604401329208,-1.208378214931831,-0.8714097563889973,-0.0091329117616017,0.0144657144943873,0.4849145660797754,0.5999237497647603,735,478
-2.5931259750457194,-1.207664052027198,-0.9109066243425016,-0.0092840840419133,0.014356958369414,0.4845411628484726,0.5999157726764679,735,478
-2.6138733584449323,-1.2130820465215522,-0.96298493533618,-0.0094190215071042,0.0142219737172126,0.4841413199901581,0.599889983733495,735,478
-2.655555191850927,-1.2349370811000016,-0.9913307474007168,-0.0096264481544494,0.0140688170989354,0.4836685756842295,0.5998193323612213,735,478
-2.697962707638726,-1.2627417868442683,-1.0011886523829543,-0.0098046238223711,0.0139344160755475,0.4832800775766372,0.5997371574242909,735,478
-2.7176998925900797,-1.296463752594096,-0.993691795063328,-0.0098723620176315,0.0138304233551025,0.4830330163240433,0.5996844967206318,735,478
-2.7250704296391186,-1.3307609138515857,-1.0029875539721422,-0.0098539988199869,0.0137374848127365,0.482892632484436,0.5996484855810801,735,478
-2.73004520404955,-1.3618275541846323,-1.0236436475307853,-0.0098090519507726,0.013669287165006,0.4828001956144968,0.5996228754520416,735,478
-2.7366622798027667,-1.3969652069550618,-1.0406256245294163,-0.0097816189130147,0.0136080955465634,0.4826985796292622,0.5995908180872599,735,478
-2.749368706118269,-1.4233300973286054,-1.0442701025645331,-0.0098194306095441,0.0135659004251162,0.4825526922941208,0.5995597143967946,735,478
-2.762018006235522,-1.4427895776560775,-1.040797751332872,-0.0098720664779345,0.0135388225317001,0.4824154675006866,0.599537193775177,735,478
-2.7724096314467532,-1.4609615394492137,-1.036240527204724,-0.009921371936798,0.0135130236546198,0.482296402255694,0.5995181600252787,735,478
-2.7830278122383953,-1.472735983521444,-1.0366313109855425,-0.0099498977263768,0.0134615823626518,0.4822033047676086,0.5994731187820435,735,478
-2.796138842456789,-1.479981937480516,-1.0399777974253133,-0.0099797124663988,0.0134080251057942,0.4821196794509887,0.5994228919347127,735,478
-2.825712346980426,-1.496637317408194,-1.0381207054380983,-0.0100557481249173,0.0133336260914802,0.4820040265719095,0.5993464291095734,735,478
-2.8509628579459045,-1.51776066659678,-1.0236014329593703,-0.0101383576790491,0.0132205535968144,0.481882631778717,0.5992523829142252,735,478
-2.8704547210645295,-1.5396091718968026,-1.0076782462632352,-0.0102170407772064,0.0130750859777132,0.4817689458529154,0.5991277794043223,735,478
-2.881843637556321,-1.5616194853834395,-1.00142340785448,-0.0102762033541997,0.0128611500064531,0.481660192211469,0.599005252122879,735,478
-2.9102419786865426,-1.6261000909645202,-1.0088232514998223,-0.0103959341843922,0.0124966005484263,0.4815049866835276,0.5987185339132944,735,478
-2.935268901303363,-1.683620243092239,-1.0195929230315015,-0.010510375102361,0.01215194662412,0.4813636243343353,0.5984255572160084,735,478
-2.9617251177990935,-1.74074744321222,-1.0331230072022335,-0.0106201668580373,0.0119082455833752,0.4812383006016413,0.5982082486152649,735,478
-2.9766282642624313,-1.7959004646868997,-1.0482596349665116,-0.010680004954338,0.0117479711771011,0.481156051158905,0.5980707605679829,735,478
-2.9892508352010174,-1.8559216439344688,-1.0649978034478251,-0.0107180004318555,0.0116040656963984,0.4810951898495356,0.5979578197002411,735,478
-2.997447553144568,-1.9026322110542289,-1.0840848064374442,-0.0107387875517209,0.0114960446953773,0.4810544947783152,0.5978695650895436,735,478
-2.998397466956387,-1.924493379549871,-1.1101356092839303,-0.0107297947009404,0.0114857753117879,0.4810327142477035,0.5978231132030487,735,478
-2.995138604124269,-1.931858396735901,-1.1353388641721138,-0.010706660648187,0.0115197921792666,0.4810232619444529,0.5978078742822011,735,478
-2.9971996090153903,-1.9391877866727512,-1.155228321490965,-0.0106903587778409,0.0115876272320747,0.4810169190168381,0.5978053907553355,735,478
-3.0002384207939645,-1.9440682419191049,-1.1715302536004608,-0.0106764684120814,0.0117183923721313,0.4810157964626947,0.597805639108022,735,478
-3.001217547550504,-1.949281868316436,-1.1826265733488417,-0.010662501056989,0.0119070683916409,0.4810174355904261,0.5978111823399861,735,478
-3.0000521043307886,-1.933616459532052,-1.1924158597107173,-0.0106488813956578,0.0121756345033645,0.4810230483611424,0.5978352030118306,735,478
-2.9960663503313345,-1.8973009606922848,-1.196656792729244,-0.0106354355812072,0.0124261776606241,0.4810324261585871,0.5978736182053883,735,478
-2.9940068312285133,-1.8539479662630831,-1.1978806892927292,-0.010624848306179,0.01263211419185,0.4810414413611094,0.5979216297467549,735,478
-2.986334466583216,-1.8167939374930648,-1.1977462771930982,-0.0106115092833836,0.0127531414230664,0.481051966547966,0.5979646444320679,735,478
-2.978735449189858,-1.7803340334811133,-1.200480235916077,-0.0105954234798749,0.0128304287791252,0.4810594171285629,0.5980010231335957,735,478
-2.9731996876005375,-1.7476115734142328,-1.2057755760879083,-0.0105785851677258,0.0128803824385007,0.4810647716124852,0.5980306069056193,735,478
-2.9791043997657973,-1.7265781378849274,-1.2123400793860744,-0.0105787093440691,0.0128929192821184,0.4810357789198557,0.5980455776055653,735,478
-2.991928738780305,-1.7173375682157266,-1.222615689259368,-0.0105978076656659,0.0128505354126294,0.4809796760479609,0.598040093978246,735,478
-3.0140083339021424,-1.7135512154763717,-1.2345377884747806,-0.0106356019775072,0.0127918695410092,0.4809036254882812,0.5980107982953389,735,478
-3.034796252514095,-1.7087233350796458,-1.2456696931248104,-0.0106660972038904,0.0127499351898829,0.4808357109626134,0.5979873239994049,735,478
-3.050564505111778,-1.7134081927510811,-1.254915580861352,-0.0106926014026006,0.0126166641712188,0.4807839641968409,0.5978710850079854,735,478
-3.06302861871378,-1.7184370580227553,-1.2693250138765806,-0.010723369816939,0.0124600206812222,0.4807282338539759,0.5977379182974497,735,478
-3.083675118466366,-1.7465314382269883,-1.2817642755925334,-0.0107633794347445,0.0122999673088391,0.4806647151708603,0.5975772440433502,735,478
-3.12917497708784,-1.8045242340197272,-1.2889717045645015,-0.010882002611955,0.012156310180823,0.4805254936218261,0.5974139372507731,735,478
-3.179174651529171,-1.8717863148334395,-1.291517655354547,-0.0110220586260159,0.0120421101649602,0.4803695032993952,0.5972759922345479,735,478
-3.217221518545739,-1.9236274648904177,-1.2942204586215071,-0.0111453508337338,0.0119450365503629,0.4802286277214685,0.5971370836098988,735,478
-3.240581194576924,-1.958237347966758,-1.304215546100455,-0.0112296814719835,0.0118826751907666,0.4801106800635655,0.5969764888286591,735,478
-2.740530914123473,-8.017783250677498,-1.0935199295120848,-0.0091746672987937,-0.0015435939033826,0.4817181527614593,0.5639624893665314,735,0
-2.5043564339374074,-12.101573225419866,-1.0707750213110123,-0.0081164017319679,-0.0096903890371322,0.4823975364367167,0.5421473681926727,735,0
-2.523366497541913,-14.301586519349296,-1.106001215859724,-0.0077026163538297,-0.0135765969753265,0.4824625502030054,0.5309865673383076,735,0
-2.6631573633175165,-14.481818979158431,-1.1774714753986704,-0.0078277587890625,-0.0132495313882827,0.4820939401785532,0.5307673017183939,735,0
-2.7316826241378713,-14.57869162505644,-1.2026015023301149,-0.0077974994977315,-0.0131896088520685,0.4819132884343465,0.5305127799510956,735,0
-2.746542280592923,-14.609768835360804,-1.2179719922991217,-0.0077389379342397,-0.0131354555487632,0.4818180700143178,0.530384749174118,735,0
-2.738177687005627,-14.573409808660877,-1.2274230053056807,-0.0076639577746391,-0.012972908715407,0.4817708681027094,0.5303838352362314,735,0
-2.72133076656095,-14.516867873715556,-1.2358248966318892,-0.0075886001189549,-0.0127957612276077,0.481745570898056,0.5304691791534424,735,0
-2.7068627462879737,-14.457453793063127,-1.2364494981773997,-0.0075330510735511,-0.0126041894157727,0.4817340075969696,0.5305843154589335,735,0
-2.699779492480763,-14.40876976294976,-1.2421218570599053,-0.0075040906667709,-0.012477529545625,0.4817288915316263,0.5307437479496002,735,0
-2.7064160325103863,-14.363873961620692,-1.2501668609157044,-0.0075434297323226,-0.0124455367525418,0.4817094405492146,0.5308853189150492,735,0
-2.731974150756045,-14.305603064644156,-1.2611922846122297,-0.0076160530249277,-0.0124143709739049,0.4816898355881372,0.5310204724470774,735,0
-2.7696109132908746,-14.232040587132762,-1.2619396811144812,-0.0076756626367568,-0.0124101564288139,0.4816814164320627,0.5311089058717091,735,0
-2.8102859959251045,-14.153794843471273,-1.246746968659922,-0.007710576057434,-0.012411892414093,0.4816890805959701,0.5311839878559113,735,0
-2.870617932969717,-14.072571782132457,-1.2203406182084362,-0.0077985003590583,-0.0124423528711001,0.4816927909851074,0.5312430560588837,735,0
-2.9170060409021303,-14.020136715235388,-1.1980284887246508,-0.0078800345460573,-0.0124447544415791,0.4816954334576924,0.5313037832578023,735,0
-2.949657386635193,-13.995460789594524,-1.1807937993319595,-0.0079461534818013,-0.0124131192763646,0.481716031829516,0.5313811302185059,735,0
-2.9619012286370108,-13.98598949091621,-1.168399461620805,-0.0079035684466362,-0.0123304352164268,0.4818568925062815,0.5315023561318715,735,0
-2.9651752604094677,-13.979941653895697,-1.16092599966027,-0.0078302696347236,-0.012224497894446,0.4820312956968943,0.5316456059614817,735,0
-2.9682336424741385,-13.9715706441163,-1.1575150458740175,-0.0077899222572644,-0.0120727072159449,0.4821802129348119,0.5318245490392048,735,0
-2.98092850412291,-13.977562617861098,-1.149805153785923,-0.0078383435805638,-0.0119787255922953,0.4822573562463124,0.5319620370864868,735,0
-2.9924706415293465,-13.984846066183874,-1.1407197031036065,-0.0079058309396107,-0.0119057074189186,0.4823109606901804,0.532072643438975,735,0
-2.9950691281021027,-13.992691217401903,-1.125667414716105,-0.0079409802953402,-0.0118633806705474,0.4823762873808542,0.5321440001328785,735,0
-2.997820718639195,-13.996144152055445,-1.1178333133345555,-0.0079674124717712,-0.0118240490555763,0.4824316849311192,0.532202402750651,735,0
-3.001399801993703,-13.998072498844191,-1.1134577659188674,-0.0079937676588694,-0.011778804163138,0.4824761400620142,0.5322583317756653,735,0
-3.001576951699369,-13.999425107079066,-1.1165010376794875,-0.0079902162154515,-0.0117366015911102,0.4825311998526255,0.5323189993699391,735,0
-2.996715344566778,-14.003544807217189,-1.1306923232034158,-0.007949541012446,-0.011736012995243,0.4826086610555649,0.532354066769282,735,0
-2.9881861320542686,-14.005066304702236,-1.144644155116184,-0.0079031189282735,-0.0117549250523249,0.4826837629079819,0.5323747793833414,735,0
-2.983779577153323,-14.00420880025144,-1.1635296290360553,-0.0078797712922096,-0.0117879460255304,0.4827335824569066,0.53242427110672,735,0
-2.982270743843913,-13.995142257433407,-1.1786650559463565,-0.0078768208622932,-0.0117402821779251,0.4827575186888376,0.5326091647148132,735,0
-2.981177736898796,-13.980962717620898,-1.1868709264913742,-0.0078835760553677,-0.011672760049502,0.4827695687611897,0.5328072110811869,735,0
-2.976857477747508,-13.96110425178968,-1.1905204859840883,-0.0078660746415456,-0.0115312089522679,0.4827841023604075,0.5330999195575714,735,0
-2.956072486912764,-13.934990700114376,-1.1942205530071182,-0.0078019748131434,-0.01140542080005,0.4828156928221384,0.5333956082661946,735,0
-2.917626792703243,-13.902465778465237,-1.197188788573312,-0.0076897541681925,-0.0112945064902305,0.4828759233156839,0.5336464544137318,735,0
-2.867994727463672,-13.849016713383689,-1.2100637030390815,-0.0075326164563496,-0.0111269056797027,0.4829645802577336,0.5339601735273997,735,0
-2.818135741103271,-13.765203341574264,-1.2286216657810547,-0.0073895628253618,-0.0108447521924972,0.4830359121163686,0.5343820552031199,735,0
-2.782307823297381,-13.699863756278395,-1.2471373413792517,-0.0072837571303049,-0.0105917925635973,0.4830906142791112,0.5347553888956705,735,0
-2.761335567105963,-13.665088483731104,-1.264232772213147,-0.0072110071778297,-0.0104525983333587,0.4831160505612691,0.5349969665209452,735,0
-2.7554137056487447,-13.647737118525734,-1.2853078053391165,-0.0071571618318557,-0.0104539915919303,0.4831225872039795,0.5351505478223164,735,0
-2.7545454414371315,-13.626140599919456,-1.3008315706611866,-0.0071120833357175,-0.010472019513448,0.4831231286128362,0.5352812310059865,735,0
-2.758667082131294,-13.592373911461747,-1.311164196579452,-0.0070746690034866,-0.0103633900483449,0.4831177542606989,0.5355165501435597,735,0
-2.7730232810714224,-13.521911202235868,-1.3065744875740868,-0.0070842305819193,-0.0102930516004562,0.4830713669459024,0.5357938011487324,735,0
-2.786270453187643,-13.425085130723884,-1.3020925862867834,-0.0070893540978431,-0.0101796636978785,0.4830344617366791,0.5360652009646097,735,0
-2.807935423848002,-13.342205818651344,-1.304074015290519,-0.007102313141028,-0.009985531369845,0.4829847911993662,0.5363996922969818,735,0
-2.8332755979901068,-13.563833389057235,-1.3417642780030183,-0.0069885676105817,-0.0100922683874766,0.4829584211111069,0.5365758637587229,735,0
-2.8344057495428183,-13.91257946340624,-1.4071859772463604,-0.006746619939804,-0.0100596000750859,0.4829875230789184,0.5370003183682759,735,0
-2.819432817189263,-14.161585476446236,-1.4453070156155332,-0.0064650351802508,-0.0098808730642,0.4830522537231445,0.5374864439169565,735,0
-2.834989459996878,-14.36866633143376,-1.5022145235278193,-0.0062746554613113,-0.0097306619087855,0.4830913593371709,0.5379415849844614,735,0
-2.880169225376938,-14.480701085754072,-1.5563917103080287,-0.0062515959143638,-0.0096079210440317,0.4830551495154698,0.5383068819840748,735,0
-2.9258062209143523,-14.544383892973451,-1.5964838028510977,-0.0062939201792081,-0.0094729910294214,0.4829978595177332,0.5385948121547699,735,0
-3.0026827324454732,-14.58120105067497,-1.6488367804697548,-0.0064794570207595,-0.0092874492208162,0.4828181713819504,0.538846880197525,735,0
-3.063281733944013,-14.589870221126272,-1.6992432797091626,-0.006690335770448,-0.0092062503099441,0.4826044936974843,0.5389792223771412,735,0
-3.113542778052988,-14.591298460950137,-1.741902898186789,-0.00686660160621,-0.009207638601462,0.4824232161045074,0.5390174488226572,735,0
-3.1860334769206435,-14.547283132400777,-1.7607957849194082,-0.0070513834555943,-0.0092733154694239,0.4822286615769068,0.5389902094999949,735,0
-3.2799452351822627,-14.431052268577286,-1.7544167337823424,-0.0072902664542198,-0.0093395685156186,0.4819872130950292,0.538950651884079,735,0
-3.3633520815156444,-14.309304678277684,-1.7450268929718111,-0.0075266485412915,-0.0093938261270523,0.4817515710989634,0.5389127234617869,735,0
-3.4257063203131146,-14.190678820991833,-1.7341497028645685,-0.0077307050426801,-0.0094698692361513,0.4815514683723449,0.538880467414856,735,0
-3.450152999408041,-14.09139504771996,-1.7306386252813577,-0.007870465517044,-0.0095113640030225,0.481408029794693,0.538896510998408,735,0
-3.453828485581167,-14.014759155585994,-1.7328108748146276,-0.007957749068737,-0.0095369964838027,0.481310486793518,0.5389322539170582,735,0
-3.4616450549063336,-13.96109536219066,-1.7289920299348591,-0.008076769610246,-0.0095118929942448,0.4811791628599167,0.5390031536420186,735,0
-3.471300311319377,-13.920384249974648,-1.7232379895690648,-0.0081999624768892,-0.0094744712114334,0.4810413966576258,0.5390686690807343,735,0
-3.47831280663015,-13.90289324690588,-1.7199260335814888,-0.0083091879884401,-0.009440891444683,0.4809170017639795,0.5391010443369547,735,0
-3.471193213156547,-13.857021159828191,-1.71698654512663,-0.0083699747920036,-0.0094011922677357,0.4808280766010284,0.5391364296277363,735,0
-3.4519052006772335,-13.794941438829614,-1.709974588703342,-0.0083867460489273,-0.0093767469127972,0.4807548274596532,0.5391611456871033,735,0
-3.4248925428053125,-13.73468855682167,-1.7010853476613648,-0.008377102514108,-0.0093530764182408,0.4806972593069076,0.5391754607359568,735,0
-3.4018771820674645,-13.69076742729402,-1.6987890177615588,-0.0083616723616917,-0.0093741019566853,0.4806352456410726,0.5391910175482432,735,0
-3.38309608706873,-13.647834020342357,-1.6828004177563125,-0.0083533028761545,-0.0094577024380366,0.4805764158566792,0.5391994118690491,735,0
2.705873862883408,-3.422992517096898,-0.8404884156908852,0.0095270723104476,0.0189175059398015,0.5049090186754862,0.5925458371639252,1102,717
6.524622115577044,3.103652567699877,-0.2673674580713819,0.0211481923858324,0.029753694931666,0.5204234073559443,0.6296817859013875,1102,717
8.271904644379884,6.135865034817892,-0.1016344113062159,0.0269537344574928,0.0334418316682179,0.5279855628808339,0.6491491695245106,1102,717
8.050480982899398,5.811359874173986,-0.1820526167181821,0.0270297552148501,0.030627300341924,0.5277061263720194,0.6502988040447235,1102,717
7.944100637055314,5.613617072654157,-0.2221308602085808,0.0272078265746434,0.0302937030792236,0.5276791055997212,0.6505446135997772,1102,717
7.916504423063717,5.4780394996798405,-0.2467138584160757,0.0275026410818099,0.0302634090185165,0.5278343260288239,0.6506176888942719,1102,717
7.913708973035032,5.39707728004212,-0.2557950466286214,0.0277454281846682,0.0302292307217915,0.5279712279637654,0.6506393750508626,1102,717
7.90804652311781,5.29608068088859,-0.2855305208208846,0.0279806479811668,0.0302264342705408,0.5281295080979664,0.650506317615509,1102,717
7.901943350755339,5.20579167943214,-0.3240466381301993,0.0282258714238802,0.0302865281701087,0.5282806555430094,0.6502282222112019,1102,717
7.8607635631676605,5.080285071185694,-0.3698317424398579,0.0283277581135431,0.0303676550587018,0.5282887717088063,0.6498879492282867,1102,717
7.795698703109457,4.937898711456004,-0.4042526052557439,0.0283169597387313,0.0304729267954826,0.5282068848609924,0.6496095458666483,1102,717
7.744061841403094,4.829377882660598,-0.4260552070753574,0.0282501926024754,0.030518040060997,0.5280849536259968,0.6493911643822987,1102,717
7.691924907292881,4.724185318577556,-0.4314458236978455,0.028241162498792,0.0303962851564089,0.5280175606409708,0.649146149555842,1102,717
7.638188781995755,4.5781897988700395,-0.4351334358512524,0.0282426277796427,0.0302307779590288,0.5279602309068043,0.648908128341039,1102,717
7.577215505875487,4.451574506415289,-0.4315098142035726,0.0282654513915379,0.0300201450785001,0.5278939803441365,0.6487047771612803,1102,717
7.52507827533562,4.34639138829286,-0.4290432332285808,0.0282608022292455,0.0299191599090894,0.5277717709541321,0.6485467950503031,1102,717
7.476889853403371,4.232430258126264,-0.4305508689092107,0.0282171169916788,0.029887743294239,0.5276297430197397,0.6484150787194569,1102,717
7.431635686912864,4.147840466175385,-0.4339799909846076,0.0281148900588353,0.0299207493662834,0.5274001856644948,0.6483054061730702,1102,717
7.38043603280234,4.105527434236732,-0.4454315801401367,0.0278368691603342,0.0300066942969957,0.5270048479239146,0.6482302745183308,1102,717
7.337832061984934,4.095738569909397,-0.4572863528934401,0.0275066842635472,0.0300968661904335,0.526573121547699,0.6481624742348988,1102,717
7.315305131133735,4.076396916517703,-0.4559651037603925,0.0272993668913841,0.0300727610786755,0.5262679557005564,0.6479864418506622,1102,717
7.312364737945921,4.052704581919436,-0.4443494749876131,0.0272729396820068,0.0299729853868484,0.5261225899060566,0.6477199693520863,1102,717
7.31521231714615,4.023601940253478,-0.4305991725985499,0.0273116528987884,0.0298416217168172,0.5260498821735382,0.6474289198716481,1102,717
7.325688250190796,3.985721883281293,-0.4375764357238335,0.0273725638786951,0.0296514754494031,0.5260037978490193,0.6471195618311564,1102,717
7.342919066438299,3.938756992847557,-0.4581328203521184,0.0274357348680496,0.0293643847107887,0.525975505510966,0.6467592020829518,1102,717
7.314965189484214,3.8709177615717953,-0.4828790460541191,0.027370569606622,0.02895304809014,0.52585435907046,0.6462693015734354,1102,717
7.274331256821252,3.8055266895379862,-0.5022696393017336,0.0272990440328915,0.0285983383655548,0.5257359246412913,0.6458420157432556,1102,717
7.228503672183706,3.74450771989796,-0.5201897619689466,0.0272522792220115,0.0283167536060015,0.5256385107835133,0.6454581419626871,1102,717
7.190923399516178,3.6761827030172776,-0.5320042213952481,0.0272402092814445,0.0280962586402893,0.5255785485108693,0.6451436579227448,1102,717
7.167368484964625,3.6168319350729834,-0.5375597986747083,0.0272587562600771,0.0279094502329826,0.5255486567815144,0.6448412239551544,1102,717
7.151851197789758,3.5771396104944535,-0.5423465963998606,0.0272839814424514,0.0276745706796646,0.5255388518174489,0.6444797913233439,1102,717
7.134701654795597,3.5532704642236244,-0.5390452304524406,0.0273091519872347,0.0273841420809427,0.5255345404148102,0.6439559559027354,1102,717
7.120290314866427,3.5368894423306205,-0.5284500923592871,0.0273314590255419,0.0271820997198422,0.5255273381868998,0.6434769531091054,1102,717
7.184360531793796,3.406123415432714,-0.4498753399596644,0.0272288347283999,0.0270567660530408,0.5255259374777476,0.6431757509708405,1102,717
7.2290245219995635,3.2489857272279137,-0.3852069159209115,0.0270855575799942,0.0269582122564315,0.5255247851212819,0.6430272261301676,1102,717
7.263214909001888,3.1039807362632494,-0.3431834822419394,0.0269759595394134,0.0268212954203287,0.5255240599314371,0.6429153084754944,1102,717
7.276268477079968,3.0041311107085535,-0.3459420914160489,0.0269238998492558,0.0267724692821502,0.5255156755447388,0.6427528162797291,1102,717
7.327808875049106,2.9189326004850873,-0.3425883595851914,0.0269274140397707,0.0268525183200836,0.525518109401067,0.6426138381163279,1102,717
7.383072809163069,2.854509827599472,-0.3285186317671548,0.0269472847382227,0.0269743179281552,0.5255237221717834,0.642494410276413,1102,717
7.404687557797955,2.8420373873933262,-0.3715364277226148,0.0268947258591651,0.0269078984856605,0.5254853169123331,0.6422354380289713,1102,717
7.400403662289634,2.7935885178991224,-0.4211288744543676,0.0267933284242947,0.0263478284080823,0.5254450837771097,0.6415737271308899,1102,717
7.371550392525457,2.7442861265579523,-0.4616937259074074,0.0266185800234476,0.0257503390312194,0.5253847241401672,0.6409075458844502,1102,717
7.3203839386612835,2.71784198632501,-0.5334158465229126,0.0263729095458984,0.0252774879336357,0.5252653956413269,0.6402808527151743,1102,717
7.272882314206333,2.733816806684986,-0.6141164349833002,0.026186761756738,0.0247699047128359,0.5251440405845642,0.639433890581131,1102,717
7.246773157630846,2.7560065773922133,-0.6786173763408198,0.0261223713556925,0.024394283692042,0.5250760515530903,0.6387118399143219,1102,717
7.184650583836051,2.681865891672902,-0.7067648049797264,0.0259739855925242,0.023867463072141,0.5249021947383881,0.6377413471539815,1102,717
7.086555390104477,2.5514552771736154,-0.6963082330733059,0.0258633370200792,0.0237135117252667,0.5247228145599365,0.6370097696781158,1102,717
6.955758148973116,2.3826467743505857,-0.723320190656471,0.025770070652167,0.0237088824311892,0.5245041251182556,0.6361838678518931,1102,717
6.805223774810791,2.197021173828719,-0.7738356648992839,0.0255855421225229,0.0236786156892776,0.5241712431112925,0.6353216568628947,1102,717
6.682253422707512,2.0447716508233733,-0.8261317470539902,0.0253583962718645,0.0236446658770243,0.5238005022207896,0.6346032520135243,1102,717
6.541717483911001,1.9248159083941108,-0.8669010175060835,0.0249860559900601,0.0235702370603879,0.5233466823895772,0.6339223980903625,1102,717
6.385745663898839,1.8362540143912072,-0.9023197606565688,0.024545003970464,0.0235918735464413,0.5228694876035054,0.6334322293599446,1102,717
6.2401019070265065,1.7610428936872808,-0.9265095535455736,0.0241316656271616,0.0236320247252782,0.522443413734436,0.6331178645292918,1102,717
6.0576394539220155,1.7071280501054882,-0.9508594224733145,0.0236392418543497,0.0236398130655288,0.5219477415084839,0.632885197798411,1102,717
5.8958036993176215,1.6835159161395807,-0.9788327195460098,0.0232022851705551,0.0236347019672393,0.521519124507904,0.6326635380585988,1102,717
5.767099521871145,1.6821400957565198,-0.9953364396318644,0.022878145178159,0.0236748953660329,0.5212074319521586,0.6325244506200154,1102,717
5.693720645201926,1.7125650317146075,-1.0193869930484754,0.0227338795860608,0.0236745576063791,0.5210674901803334,0.6323525706926981,1102,717
5.652536693102158,1.7017171811674652,-1.0454183981966128,0.0226288437843322,0.0235074708859125,0.520959456761678,0.6318926115830739,1102,717
5.618767929232796,1.6396161372394722,-1.0600637673782534,0.0225157290697097,0.0233546321590741,0.5208411514759064,0.6314325133959452,1102,717
5.601266307961647,1.559617635968089,-1.076357638904193,0.022444133957227,0.0230647698044776,0.5207660694917042,0.6308091084162394,1102,717
5.603908476167407,1.5302169908545349,-1.1038239583425449,0.0224494511882464,0.0229703957835833,0.5207659502824147,0.6302848060925801,1102,717
5.608863917864499,1.517788897771598,-1.1421530474445571,0.0224360823631286,0.0226741606990496,0.5207401613394419,0.629638244708379,1102,717
5.609594079371397,1.5232270252131803,-1.1728907606419583,0.0224096228679021,0.0224138622482617,0.5206994215647379,0.6291426122188568,1102,717
5.582179583082475,1.4902207000486576,-1.192311920071671,0.0223516076803207,0.0221865649024645,0.5206297437349955,0.628712922334671,1102,717
5.542335583889722,1.4363617913748934,-1.2005736590975085,0.0222822229067484,0.0221196437875429,0.5205533305803934,0.6284704407056172,1102,717
5.486189658746113,1.3684107105854886,-1.1897395591442872,0.0221567302942276,0.0220604265729586,0.5204177796840668,0.6282297372817993,1102,717
5.4438318924092854,1.3312169089048131,-1.1844031434773452,0.0220429226756095,0.0220697075128555,0.5202903747558594,0.6278927326202393,1102,717
-7.920203343640811,0.4390873955907568,-1.85636104944996,-0.0254576976100603,0.0216817532976468,0.4646555036306381,0.6278287669022877,367,717
-16.19825539331108,-0.0560863825587491,-2.1373980885342667,-0.0521178394556045,0.0219560960928599,0.4300269683202107,0.6279132664203644,367,717
-19.72164929050736,-0.1468131849322718,-2.1394401898347764,-0.0624225710829099,0.0223815540472666,0.4143346200386683,0.6280284722646077,367,717
-18.87779438864752,0.0465241306569893,-1.9815768230798063,-0.0585693443814913,0.0227264886101086,0.4165879090627034,0.628083328406016,367,717
-18.356598008819937,0.2045301313509579,-1.9316960269144567,-0.0570017347733179,0.0228388185302416,0.4177843928337097,0.6281065742174784,367,717
-17.9540683976259,0.3557738020935946,-1.9304867295276489,-0.0562918583552042,0.0228797271847724,0.418401022752126,0.628099242846171,367,717
-17.628905041868904,0.5217125415848233,-1.9461695488169033,-0.0559608985980351,0.0229153931140899,0.418834924697876,0.6280809839566548,367,717
-17.37087602588851,0.6847857412419298,-1.9666811260004189,-0.0558388158679008,0.0229463800787925,0.4193381170431772,0.6280469000339508,367,717
-17.20941556626731,0.7838424399542276,-1.9926330284686185,-0.0557136088609695,0.0229834591348965,0.4199042866627375,0.6279962360858917,367,717
-17.007218850392313,0.8692592118072342,-2.006102542859914,-0.055220752954483,0.022972472012043,0.4207572788000107,0.6279221673806508,367,717
-16.735559229131468,0.917818838016254,-2.0127156238540103,-0.0543998479843139,0.0229606851935386,0.4218028634786606,0.6278714835643768,367,717
-16.483946856133784,0.9514482508355182,-2.017294875555404,-0.0536609714229901,0.022973321378231,0.4227009862661361,0.6278495490550995,367,717
-16.21074286653581,0.9395027659851904,-2.000852910443004,-0.0527076944708824,0.0230697393417358,0.4235732605059941,0.6278456449508667,367,717
-16.007051596514874,0.8944697987605782,-1.9917361256980524,-0.0519607613484064,0.0232178047299385,0.4241848737001419,0.6278280317783356,367,717
-15.845997089937832,0.8394108450705444,-1.9830610730975704,-0.0514684095978736,0.0233653088410695,0.4245668997367223,0.6277939677238464,367,717
-15.708857313848902,0.795037444559634,-1.9973770077786963,-0.0510775571068127,0.0234266792734464,0.4248856753110885,0.6277260184288025,367,717
-15.58476658574579,0.7278296459048785,-2.0089217783478808,-0.0508327931165695,0.0234604453047116,0.4252006560564041,0.627673069636027,367,717
-15.503513577558031,0.6637574311193051,-2.015867089776707,-0.0507113983233769,0.0234738538662592,0.4254657526810964,0.6276047627131144,367,717
-15.43435085517498,0.5885542624215447,-2.022198963070992,-0.0505912055571873,0.0234675978620847,0.4257544577121734,0.627520074446996,367,717
-15.346556603849546,0.5244811830377389,-2.026790766989913,-0.0502745409806569,0.023492860297362,0.4261864970127741,0.6274499495824177,367,717
-15.26451849385915,0.4618318332719863,-2.0286306469658637,-0.0499573697646458,0.0235214456915855,0.4265725860993067,0.6273772219816843,367,717
-15.120735357879411,0.3210156372854751,-2.0240958885761,-0.0495575492580731,0.0235460326075553,0.427029733856519,0.6272965868314107,367,717
-14.897076467968825,0.0955368964107996,-2.0327479588556576,-0.0491176495949427,0.0235377003749211,0.427515168984731,0.62710635860761,367,717
-14.720466741459465,-0.0789771117239321,-2.06043980083908,-0.0488334248463312,0.0235133692622184,0.4278715302546819,0.6269014577070872,367,717
-14.656524252108651,-0.1953056866273805,-2.09071044426748,-0.0488388588031133,0.0234736204147338,0.4280232290426889,0.6267179250717163,367,717
-14.666141372430989,-0.206419727360094,-2.138603778730088,-0.0489937017361323,0.0234572639067967,0.4280698349078496,0.6265836159388224,367,717
-14.6974469237566,-0.175964284324607,-2.184150516112898,-0.0492238799730936,0.0234917973478635,0.4280733515818913,0.6264934241771698,367,717
-14.689814172280949,-0.1612287627833273,-2.2531288482309644,-0.0492938781778017,0.023503507177035,0.4281523724397023,0.6263591945171356,367,717
-14.67911387203822,-0.1495472595938471,-2.3245269360092227,-0.0493134061495463,0.0235874081651369,0.428218737244606,0.6262333691120148,367,717
-14.720418449506065,-0.2285501944130592,-2.3831513205446493,-0.0493243137995402,0.0234808251261711,0.4282359282175699,0.6258826454480488,367,717
-14.781791891306588,-0.3331495744718507,-2.4150710143992375,-0.0493595153093338,0.0232906217376391,0.4282109042008717,0.625470886627833,367,717
-14.828455073686609,-0.4101548826837288,-2.425909881755322,-0.0493803992867469,0.0229887838164965,0.4281847278277079,0.6250399748484293,367,717
-14.858196146453292,-0.4430029665473698,-2.429773388750985,-0.0494140113393465,0.0227535491188367,0.4281623512506485,0.6247440278530121,367,717
-14.893887149377717,-0.4780102849175114,-2.404981837416782,-0.0494409104188283,0.0224888424078623,0.4281409531831741,0.6244211196899414,367,717
-14.854772572212651,-0.6212207623844674,-2.36477344549043,-0.0492066815495491,0.0216790785392125,0.428267831603686,0.6234598954518635,367,717
-14.683683197306303,-0.9489983547703064,-2.3360448113816323,-0.0486208523313204,0.0203336005409558,0.4286273866891861,0.6219607790311177,367,717
-14.488244723820555,-1.2668819686826511,-2.308953812916036,-0.0479407583673795,0.0192400738596916,0.4290493826071421,0.6207241217295328,367,717
-14.268658065540532,-1.4992320083481907,-2.315226898820798,-0.0472893739740053,0.0188233678539594,0.429493690530459,0.6201244990030924,367,717
-14.09642762511221,-1.615163384965476,-2.3388803594077636,-0.0466969981789588,0.0190624818205833,0.4299582044283548,0.620051513115565,367,717
-13.964112595060412,-1.6629176383175197,-2.367908275791073,-0.0462375059723854,0.0194652577241261,0.4303445617357889,0.6201521754264832,367,717
-13.863932014209096,-1.7260665245524036,-2.369998712760205,-0.045763649046421,0.0198284710446993,0.4307698955138524,0.6201214691003163,367,717
-13.81834372479829,-1.7769554764820343,-2.351319520962415,-0.0453912069400151,0.0201173101862271,0.4311425934235254,0.6200471222400665,367,717
-13.804488186916284,-1.8013877327315715,-2.325451608182295,-0.0451160818338394,0.0203335657715797,0.4314333150784174,0.6199724574883778,367,717
-13.800331605901029,-1.8299951483049808,-2.308332935704751,-0.0448667605717976,0.0205037593841552,0.4316983620325724,0.6199418505032857,367,717
-13.826118506804452,-1.9768024813648744,-2.267210544510605,-0.0446432729562123,0.0205615063508351,0.4319060345490773,0.6197373072306315,367,717
-13.85155699604352,-2.127311771200624,-2.222875194919419,-0.0444604183236757,0.0205792238314946,0.4320678363243738,0.6195156375567118,367,717
-13.900337681057838,-2.223970947915314,-2.192239959246826,-0.0443314711252848,0.0207804466287295,0.4320989549160003,0.6194310188293457,367,717
-13.94676692786135,-2.2148021919520664,-2.182507417652764,-0.0442054793238639,0.0210021237532297,0.4320600181818008,0.6194552679856618,367,717
-13.986940027869164,-2.1664198377943835,-2.1803728825908566,-0.0441107625762621,0.0211963554223378,0.4319946368535359,0.6195084849993387,367,717
-14.012828660530165,-2.075936478929929,-2.183241039971948,-0.0440518061319986,0.021249900261561,0.4319303631782532,0.6194904645284016,367,717
-13.994685634953996,-1.9721836448137369,-2.183202680248497,-0.0439387386043866,0.0210917939742406,0.4318752686182657,0.619304080804189,367,717
-13.963738853239152,-1.883262329734501,-2.1816040490945325,-0.0438378726442654,0.020838439464569,0.4318305253982544,0.6190615892410278,367,717
-13.93222761201536,-1.8111958381061315,-2.1862812440794306,-0.0438199018438657,0.0206169883410135,0.4317941963672638,0.6188966929912567,367,717
-13.904450003440328,-1.7434068995925558,-2.185175015551101,-0.0439003780484199,0.0204153632124265,0.4317642599344253,0.6187760929266611,367,717
-13.88853586803225,-1.6871515122269587,-2.1828512108969877,-0.0440237894654274,0.020221451918284,0.4317403535048166,0.618666003147761,367,717
-13.868198930840864,-1.6200988979820323,-2.1739970755153344,-0.0441508889198303,0.0200445602337519,0.4317220548788706,0.6185635030269623,367,717
-13.849990766159742,-1.5686920401210522,-2.1621876343187028,-0.0442728698253631,0.0199199194709459,0.4317314674456914,0.6185124417146046,367,717
-13.841712376221722,-1.538324978715206,-2.1470059832240227,-0.0444053138295809,0.0198172703385353,0.4317487527926762,0.6184841791788737,367,717
-13.852395413895447,-1.5095264945026203,-2.133889889218616,-0.0446310887734095,0.0197356790304183,0.4317568689584732,0.6184736490249634,367,717
-13.890265339830016,-1.4557496113720614,-2.11787839365872,-0.0449677978952725,0.0196356003483136,0.4317427476247151,0.6184619565804799,367,717
-13.93805043197305,-1.3837559266146098,-2.1034851971484616,-0.0453143840034802,0.0195493002732594,0.431724598010381,0.6184586385885874,367,717
-13.970596866390608,-1.258855577621586,-2.093291076500696,-0.0456053515275319,0.019446628789107,0.4317127217849095,0.6184708476066589,367,717
-13.979009741385436,-1.124439303745545,-2.102283824826876,-0.0457744598388671,0.0193595985571543,0.4317071437835693,0.6184936662515004,367,717
-13.964860927412625,-1.0165215115447894,-2.1180549037149508,-0.0458459282914797,0.0192821100354194,0.4317018091678619,0.6185107926527659,367,717
-13.950067327845373,-0.9509659547444386,-2.131226401050543,-0.045877290268739,0.019261434674263,0.4316950688759485,0.6185308992862701,367,717
-13.93574041650892,-0.9114156773600391,-2.138003329619083,-0.0459011048078537,0.0192544907331466,0.4316880404949188,0.6185492873191833,367,717
-13.927827317662349,-0.8888994739238796,-2.142719517099767,-0.0459306662281354,0.0192529633641242,0.4316752701997757,0.6185627381006876,367,717
-21.475018034406546,2.747895590959552,-4.3578545244926135,-0.0704801008105278,0.0246248046557108,0.4006017843882242,0.6439260840415955,0,956
-26.694170220298247,5.579700259536199,-6.057497904952126,-0.0870389242966969,0.0291461025675137,0.3798563331365585,0.6621913611888885,0,956
-29.493813593277743,7.277435901547744,-7.026368675577231,-0.095899723470211,0.0320703213413556,0.3692782372236252,0.6721529960632324,0,956
-29.779146150018548,7.649688982699873,-7.148522715534487,-0.0966420571009318,0.0328858196735382,0.3690127730369568,0.673139363527298,0,956
-29.926354504805925,7.856176818163165,-7.174912817046119,-0.0969922666748364,0.0333528444170951,0.368806446592013,0.6735770205656687,0,956
-29.889660612927983,7.931148375745286,-7.150569572760839,-0.0969291602571805,0.0336393043398857,0.368703136841456,0.6737866501013438,0,956
-29.81131282821959,7.949148266079026,-7.114359644290152,-0.0967679619789123,0.033782809972763,0.3686289638280868,0.6738618413607279,0,956
-29.75472188080276,7.905081632737055,-7.059482464334643,-0.0967599650224049,0.0337050929665565,0.3684760282437006,0.6738027135531107,0,956
-29.738590053484497,7.895550830494818,-7.0327056910372505,-0.0968968893090883,0.033736211558183,0.3682822088400522,0.6738453805446625,0,956
-29.730657111265312,7.92337850824623,-7.0315264470340555,-0.0970663155118624,0.0337644045551617,0.3681583702564239,0.6739197075366974,0,956
-29.720876643009383,7.975521461766439,-7.048382555857665,-0.0971299981077512,0.0338176637887954,0.3681745231151581,0.6740228831768036,0,956
-29.683825628867204,8.014187654192286,-7.089724379954614,-0.0970316727956136,0.0336512550711631,0.3683495620886484,0.6740205387274424,0,956
-29.643483206792,8.061458352371172,-7.174851903858313,-0.0968872159719467,0.0334993799527486,0.3685345302025476,0.6740392645200093,0,956
-29.547813807016148,8.124597415568244,-7.313587248301598,-0.0964068720738093,0.0334531068801879,0.368682324886322,0.6740828355153401,0,956
-29.436005924260755,8.132316574464062,-7.443682575188108,-0.0958512872457504,0.0334568644563357,0.3688538620869318,0.6740880111853281,0,956
-29.347839453560347,8.085774427829184,-7.542488064876706,-0.0954350953300793,0.0333568602800369,0.3690428435802459,0.6740195055802662,0,956
-29.22632158591621,8.014125420606941,-7.603649277760811,-0.0948609486222267,0.0331130524476369,0.3695791612068811,0.6738246182600657,0,956
-29.098565257926964,7.95357495437562,-7.649057309826664,-0.0941631471117337,0.032899481554826,0.3702786167462666,0.6736277441183726,0,956
-28.99388969232936,7.8975018419135825,-7.670177938682453,-0.0935850863655408,0.0327448199192682,0.3708249181509018,0.6734569867451985,0,956
-28.860629416946654,7.809346603047973,-7.670242526202472,-0.0929644058148066,0.0325648585955301,0.3713283787171045,0.6732504566510518,0,956
-28.664608586491003,7.734330422115386,-7.638494398753639,-0.0922460705041885,0.0323960458238919,0.3717252860466639,0.6729990144570668,0,956
-28.514253606159407,7.688287807165256,-7.620672264309949,-0.091710423429807,0.0321668833494186,0.3720633486906687,0.6726250350475311,0,956
-28.428150320248513,7.658283090391577,-7.599481430896742,-0.0914104829231897,0.0319991186261177,0.3722539693117142,0.6722924609978993,0,956
-28.389653689911967,7.63767316821948,-7.570907155719571,-0.0912241364518801,0.0319160421689351,0.3723422636588414,0.6720521648724873,0,956
-28.35605830421845,7.603976064145363,-7.5365022515440465,-0.0911367833614349,0.0319069946805636,0.3723622759183247,0.6718786358833313,0,956
-28.32763889865276,7.564418675472851,-7.500801868224233,-0.0910788575808207,0.0319249878327051,0.3723613967498143,0.6717539032300313,0,956
-28.303652090783377,7.481728218047017,-7.458710143932955,-0.0910451586047808,0.0318542718887329,0.3723538021246592,0.671474536259969,0,956
-28.339136457295112,7.286294868459109,-7.41060066962829,-0.0909935707847277,0.0317529241243998,0.3723093122243881,0.6709133585294087,0,956
-28.45226843137278,7.040751361609704,-7.338442080787439,-0.0911577890316645,0.0317759861548741,0.3721146782239278,0.6703728139400482,0,956
-28.53511900488975,6.850101378076211,-7.271959221817368,-0.091251087685426,0.0317834913730621,0.3719463646411896,0.6698668797810872,0,956
-28.58979557388374,6.724059133714422,-7.22639305134839,-0.0915132562319437,0.0317060425877571,0.3717207312583923,0.6694032947222391,0,956
-28.612960712716372,6.651009413175249,-7.202459525098435,-0.0917347768942515,0.0316076974074045,0.371526484688123,0.6690606673558552,0,956
-28.640368625141356,6.550787586812191,-7.173025692809322,-0.0920203526814778,0.0315077429016431,0.3712706963221232,0.6686607003211975,0,956
-28.64563502547479,6.455464661334865,-7.116496488625517,-0.0922172342737515,0.0315756797790527,0.3710815509160359,0.6682433386643727,0,956
-28.636123958800372,6.384761211581845,-7.055921982364209,-0.0923085883259773,0.0317031716307004,0.3709832827250162,0.6679052809874216,0,956
-28.623963210999474,6.341449182302878,-6.979303903418367,-0.0923228189349174,0.0318267221252123,0.3709433724482854,0.6676153143246968,0,956
-28.62843641514825,6.302230300085251,-6.896536996238398,-0.0923208867510159,0.0317569002509117,0.3709318687518437,0.6672791143258412,0,956
-28.629015042548247,6.258743225070839,-6.829190186953005,-0.092288814485073,0.0315544034043947,0.3709293852249781,0.666955401500066,0,956
-28.61488155261447,6.222942630248657,-6.781854582482201,-0.0922324781616528,0.0312559306621551,0.370939219991366,0.6666265428066254,0,956
-28.580550734760426,6.168424977293943,-6.742396543819574,-0.0920818969607353,0.0309095581372578,0.3709499935309092,0.6662497917811075,0,956
-28.547552366407615,6.101884624557645,-6.7005138937046524,-0.0919260183970133,0.0306967174013455,0.37095441420873,0.665936251481374,0,956
-28.52318799255489,6.034453796274411,-6.660313050445323,-0.0918314009904861,0.030528001487255,0.3709608515103658,0.6656381388505299,0,956
-28.464413359486915,5.919203657526067,-6.629734768216322,-0.0916422779361406,0.0301496187845865,0.3710644096136093,0.6651688317457835,0,956
-28.37732748983349,5.8169262362818746,-6.608420588334921,-0.0914211794734001,0.0297231848041216,0.3712418675422668,0.664699524641037,0,956
-28.244455678126855,5.728046599409776,-6.587047628712136,-0.0910216371218363,0.0293839300672213,0.371579756339391,0.6643364032109578,0,956
-28.114400480400015,5.671729532936343,-6.574460618754073,-0.0905612856149673,0.0292824159065882,0.3719526678323746,0.6641936997572581,0,956
-28.03316612704527,5.638994647905945,-6.5744099707014545,-0.0902542720238367,0.0293110559384028,0.3721965402364731,0.664164235194524,0,956
-28.006167332172055,5.614569235023067,-6.604015545225593,-0.0901110817988713,0.0294346287846565,0.3722835729519526,0.6641893287499745,0,956
-27.93370324246429,5.6208395158820785,-6.645837750878221,-0.0898108556866645,0.0296039705475171,0.3722986777623494,0.6642309029897053,0,956
-27.850593277418916,5.608128941810767,-6.665131893843933,-0.0895138680934906,0.0296912267804145,0.3723233640193939,0.6642138262589772,0,956
-27.780458985924888,5.6021009279844165,-6.690675943558434,-0.0893128712972005,0.0296638359626134,0.3723373512427012,0.6641231675942738,0,956
-27.692581336900588,5.587146612665882,-6.730477449289417,-0.0890075961748758,0.0295396198829015,0.3723554412523905,0.6639259457588196,0,956
-27.61630063609978,5.571939301354966,-6.771598679876772,-0.0887614786624908,0.0294073248902956,0.3723610639572143,0.6637069185574849,0,956
-27.567204795743752,5.532912975407497,-6.790796921112434,-0.0886815239985783,0.02913332482179,0.3723597079515457,0.6633150180180867,0,956
-27.55103345931382,5.478421850308893,-6.809975457701379,-0.0886955807606379,0.0288641800483067,0.3723497142394383,0.6628726422786713,0,956
-27.55963314694976,5.405234274901744,-6.821733881302842,-0.0887510925531387,0.0286143148938814,0.3723274320363998,0.6624354819456736,0,956
-27.55765348219019,5.323105193837854,-6.832310451799711,-0.088767980535825,0.0284089917937914,0.3723069628079732,0.6621245841185252,0,956
-27.56057932662567,5.26243443763998,-6.83819672342281,-0.0887650599082311,0.0282589917381604,0.372290089726448,0.6619110703468323,0,956
-27.54992153240368,5.217644602406782,-6.84298247418681,-0.0887361814578374,0.0281483232975006,0.3722833643356958,0.6617622872193654,0,956
-27.53682095995365,5.1745728702481,-6.85505634675934,-0.0886640474200248,0.0280440673232078,0.372287834684054,0.6616087357203165,0,956
-27.554283911239,5.1183666189961645,-6.866206570942157,-0.0885919630527496,0.0280110016465187,0.3722910930713017,0.6614662210146586,0,956
-27.58523153605496,5.065137770845188,-6.876275281768786,-0.0885513598720232,0.0280453066031138,0.37229123711586,0.6613725920518239,0,956
-27.604900092451828,5.032059253840927,-6.892038458410237,-0.0885430773099263,0.0280093376835187,0.3722959558169046,0.6612403591473897,0,956
-27.560606322060146,4.974062948840226,-6.902391690828562,-0.0884113659461339,0.0277761593461036,0.3724012027184168,0.6609078248341878,0,956
-27.5132123337647,4.924678847116606,-6.913492637877267,-0.0882627069950103,0.0274941648046175,0.372522309422493,0.6605406502882639,0,956
-27.460860139787233,4.784665677504727,-6.909466165963201,-0.0880960300564765,0.0271041865150133,0.3726313412189483,0.6600101987520853,0,956
-27.40170771187391,4.612937885808764,-6.902069365545333,-0.087879903614521,0.0268049364288647,0.372735450665156,0.6594925721486409,0,956
-4.519355886103863,1.5306048743858012,-3.5672344597590304,-0.0001021002729733,0.0230711450179417,0.4788786470890045,0.6379276911417643,1470,478
10.859298691335743,-1.4430154947635363,-0.955098600570083,0.0470958774288495,0.0178248534599939,0.5476483205954233,0.6184947590033213,1470,478
18.346308894946283,-3.079394040293398,0.6485705408125765,0.0660363535086313,0.0154793088634808,0.5817115704218546,0.6076133449872334,1470,478
18.35949448739583,-3.3406348608096277,1.0421328046933502,0.0606521641214688,0.0153960386912027,0.581724872191747,0.6059973935286204,1470,478
18.301779046661657,-3.300141555617185,1.290990903955238,0.0593591878811518,0.0156910941004753,0.582199881474177,0.6060521602630615,1470,478
18.286883183858073,-3.275718093090808,1.411711197771853,0.0590639238556226,0.0155035778880119,0.5824089447657267,0.6060809989770253,1470,478
18.3396551321854,-3.342722011893761,1.4932437179825586,0.0588623334964116,0.0148426915208498,0.5826569398244221,0.6057709654172261,1470,478
18.432235639423546,-3.4132060222925737,1.5495776011142737,0.0593357657392819,0.0148893172542254,0.5833456516265869,0.6055936515331268,1470,478
18.43508814951231,-3.4477285794895773,1.6000997873532945,0.0593847980101903,0.0153284867604573,0.5836437940597534,0.6055444677670796,1470,478
18.347168460188193,-3.435113564930073,1.6361034463006083,0.0591358145078023,0.0158191819985707,0.5836331446965535,0.6055766344070435,1470,478
18.24443218470458,-3.423289655920967,1.6410386949454885,0.0587335775295893,0.0157211100061734,0.583528051773707,0.6053099830945332,1470,478
18.179398755797727,-3.4069561623676488,1.6394674311366364,0.0585215836763381,0.015451523164908,0.5835073093573252,0.6050195296605427,1470,478
18.178193793728376,-3.4481645916155808,1.6165667935405976,0.0585268512368202,0.0150717670718828,0.5837603211402893,0.6045753260453541,1470,478
18.20146671366539,-3.5638281597699133,1.5865473009570987,0.0586660280823707,0.0147926236192385,0.5842337409655253,0.6040384570757548,1470,478
18.17708226144823,-3.665795213587181,1.5466342435709155,0.0586727187037467,0.0147551670670509,0.5846101244290669,0.6035912136236826,1470,478
18.12167204538371,-3.731054349574471,1.5025936364554338,0.0585246980190277,0.014866903424263,0.584784060716629,0.6033192773660023,1470,478
18.062613555650756,-3.72973611327091,1.485130315160443,0.058405727148056,0.0150691742698351,0.5847850640614827,0.6032876173655192,1470,478
18.007486274578476,-3.714521173821698,1.486036154485149,0.058263545234998,0.0152896444002787,0.5848224858442942,0.6032908658186594,1470,478
17.960957702377627,-3.690974490589467,1.501626869341175,0.0581825325886408,0.0154844696323076,0.5848610897858937,0.6033434669176737,1470,478
17.935729288481777,-3.6785660528760142,1.5079414537195437,0.0581502094864845,0.0156264901161193,0.5849526723225911,0.6033576826254526,1470,478
17.937659618365416,-3.656828653492339,1.5316762053391002,0.0582576369245847,0.0156424492597579,0.5850608944892883,0.603404680887858,1470,478
17.94182384457583,-3.6484412073930512,1.559157117998926,0.0583748842279116,0.0155779967705408,0.5851806104183197,0.6034174561500549,1470,478
17.940107845909353,-3.690161540226025,1.6061448541610974,0.0584344267845153,0.015485626955827,0.5852554142475128,0.6034343043963114,1470,478
17.893015797776684,-3.783299230014424,1.6378601089051057,0.05835472792387,0.0153476546208063,0.585272083679835,0.6033731301625569,1470,478
17.837512754379212,-3.9005132975462775,1.657360510940474,0.0582545672853787,0.0152162710825602,0.5852692822615305,0.6032902399698893,1470,478
17.81051426193042,-3.964856831165111,1.6760250574957405,0.0583951051036516,0.0151348461707433,0.5854331851005554,0.6032594442367554,1470,478
17.836924298852242,-3.996802766719838,1.7136265107562212,0.0585364152987798,0.0151079595088958,0.585700253645579,0.6032649676005045,1470,478
17.86500819630799,-4.017708709332384,1.768272271116744,0.0586154436071713,0.0151143719752629,0.5859386324882507,0.6032919784386952,1470,478
17.904819663810127,-3.9756433547407433,1.8007572859234675,0.0589472129940986,0.0152846947312355,0.5863145291805267,0.6033170223236084,1470,478
17.985673070810577,-4.0844690506884955,1.7898428541220437,0.0591434290011723,0.0153110449512799,0.5864862302939097,0.603102445602417,1470,478
18.053695187674876,-4.204708132594823,1.7695693613881962,0.0593078235785166,0.0153869514664014,0.5865778923034668,0.6028028726577759,1470,478
18.092947947194972,-4.290282659293705,1.7350623352073289,0.0593584378560384,0.0151624182860056,0.5865587294101715,0.602258950471878,1470,478
18.10966127238309,-4.3377981469352935,1.6459714417641251,0.0594410722454388,0.0149464209874471,0.5865501860777537,0.6014508008956909,1470,478
18.012483223348546,-4.3630769331810875,1.546201565109944,0.0592878982424736,0.0148075347145398,0.5863374869028727,0.6005429724852244,1470,478
17.857750030427283,-4.357078373522201,1.4631970122783242,0.0589594642321268,0.0147317424416542,0.5859849154949188,0.5998433430989583,1470,478
17.647088460432464,-4.344762792884347,1.4100447529304296,0.0585023835301399,0.0149271960059801,0.5855611860752106,0.5993088285128275,1470,478
17.454911438602384,-4.319857698128392,1.3573109941727748,0.0580813561876614,0.0150553633769353,0.5851480762163798,0.5989307165145874,1470,478
17.3015360095673,-4.292949706928803,1.3158850732485328,0.0577652578552563,0.0151148761312166,0.5848227739334106,0.5986605981985728,1470,478
17.191221645473885,-4.301605590328791,1.268156014582411,0.0575844819347063,0.0149727414051691,0.5845824877421061,0.598461906115214,1470,478
17.062014333796014,-4.328241261416189,1.2162917857744746,0.0574298724532127,0.0146918992201487,0.5843744377295176,0.5981752276420593,1470,478
16.954136187771855,-4.3591019179061945,1.170323896126237,0.0572974209984143,0.0143963769078254,0.5841942230860392,0.5978779494762421,1470,478
16.83704493833673,-4.3551081803813165,1.1453384031466511,0.0570699274539947,0.0141632134715716,0.5839228133360544,0.5976526737213135,1470,478
16.721273060381915,-4.346266691836709,1.1388338626270178,0.0567697410782178,0.0139996409416198,0.5835538109143574,0.5974339147408803,1470,478
16.630316353461396,-4.336700049454191,1.1401712671653967,0.056491253276666,0.0138740167021751,0.5831944743792216,0.5972521801789601,1470,478
16.57027942447533,-4.324268525282671,1.1685763047861524,0.0562849765022595,0.0138736913601557,0.582896073659261,0.5970688958962758,1470,478
16.502217577076465,-4.257628084357373,1.2382220361763665,0.0558442200223604,0.0141909668842951,0.5824355880419413,0.5970151722431183,1470,478
16.423667368702617,-4.159890168464253,1.3108445049137276,0.0553363114595413,0.01458324243625,0.5819474756717682,0.5970357755819956,1470,478
16.36624252839934,-4.106080561662684,1.3801010004127956,0.0549205789963404,0.0149991934498151,0.5815763473510742,0.5968436102072397,1470,478
16.290141150834454,-4.075793919191964,1.4061100361305177,0.0544567704200744,0.0154945527513821,0.5811546941598256,0.5965314110120137,1470,478
16.222123865356274,-4.048006247978007,1.4223924548862084,0.0540810525417327,0.0158624996741612,0.580783466498057,0.5962868531545003,1470,478
16.16048919028932,-4.016111110316043,1.4296194229392851,0.0538394873340924,0.0161881918708483,0.5805414418379465,0.5960410535335541,1470,478
16.07191795971255,-3.972857174194008,1.450094564003591,0.0536315813660621,0.0162996823589007,0.5803221464157104,0.5957353711128235,1470,478
15.982289157684471,-3.936663889835758,1.4703847431278718,0.0534245818853378,0.0163188551863034,0.5801202158133189,0.5954323907693226,1470,478
15.906033746125903,-3.923582997753415,1.4932043839962763,0.0532514154911041,0.0160505274931589,0.5799161791801453,0.5950416723887125,1470,478
15.849164650753996,-3.911404370157679,1.5012513745948677,0.0531295910477638,0.015745922923088,0.5797263383865356,0.5946858624617258,1470,478
15.810099078983184,-3.899811566019567,1.5014200057454603,0.0530413935581843,0.0155411089460055,0.5795614719390869,0.5944481492042542,1470,478
15.74043608844947,-3.865251306024973,1.5039170274796203,0.0527483051021893,0.0153952687978744,0.5792566736539204,0.5942989687124888,1470,478
15.607170924776671,-3.81261255991036,1.5003985228879335,0.052233542005221,0.0152673423290252,0.5787837902704874,0.594181478023529,1470,478
15.492764771024891,-3.7823357933253208,1.4870827567692737,0.0517866313457489,0.0151715949177742,0.5783702234427134,0.5941108961900075,1470,478
15.38217701511414,-3.7696387495717927,1.468909153846922,0.0513792609175046,0.0150721346338589,0.5779673854509989,0.5940349102020264,1470,478
15.308355162524627,-3.7808062120756016,1.4375974916784775,0.05113002906243,0.0149089321494102,0.577689915895462,0.5939028362433115,1470,478
15.258057083821608,-3.793942672010301,1.4031043099551543,0.050987792511781,0.0147499491771062,0.5775105456511179,0.5937751730283101,1470,478
15.234176279476696,-3.805978064493933,1.3763989144844282,0.0509272615114847,0.0146387790640195,0.5774195988972981,0.5936890443166096,1470,478
15.21834584867592,-3.82800766662054,1.3629052621313873,0.0509143273035685,0.0145145903031031,0.5773736834526062,0.5935897827148438,1470,478
15.209036585127116,-3.8564829840933568,1.352877064733684,0.0509337857365608,0.0143397947152455,0.5773677031199137,0.5934359033902485,1470,478
15.200461257423363,-3.887851667914177,1.3461976802955034,0.0509710758924484,0.0141402333974838,0.5773695906003316,0.5932592252890269,1470,478
15.18750045490998,-3.920131972808736,1.3386980526280825,0.0509799048304557,0.0139087165395418,0.5773466527462006,0.5930565496285756,1470,478
-4.15649770984062,-8.963347974496624,2.587452995080697,-0.011869544784228,0.0002267584204673,0.4978155891100565,0.5631056030591328,0,0
-17.241528767544118,-13.026102396148405,3.030557340621625,-0.0505906119942665,-0.0082240477204322,0.4439869771401087,0.5426489015420277,0,0
-23.64255946076988,-15.261503231447335,3.05940002732079,-0.0696803877751032,-0.0116998255252838,0.4164950052897135,0.5329035719235737,0,0
-23.382070818760766,-15.53126027611872,2.7305269681825086,-0.0687822227676709,-0.0107666527231534,0.4159195274114609,0.5334619184335072,0,0
-23.088452454866506,-15.53147237003133,2.5556287888754543,-0.0688693970441818,-0.0101911226908365,0.4157795806725819,0.5340747932593027,0,0
-22.82239232553645,-15.500207090465548,2.402931106199185,-0.0687441701690355,-0.0098909934361775,0.4158461491266886,0.5344832936922709,0,0
-22.566084373468303,-15.52750071268728,2.2551941238381135,-0.0684558177987734,-0.0096951971451441,0.4160775045553843,0.5348003109296162,0,0
-22.34702788875984,-15.607721780697094,2.1518979029773204,-0.0681370223561922,-0.0095407168070475,0.4163052638371785,0.5350611507892609,0,0
-22.144035069323714,-15.66638014477206,2.0522006196793323,-0.0675300036867459,-0.0094893698891003,0.4166788905858993,0.5352364281813303,0,0
-21.97114915512084,-15.651064752176282,1.9548565074483313,-0.0669409359494845,-0.0094535872340202,0.4170028865337372,0.5353762706120808,0,0
-21.83449351302342,-15.607936194555316,1.8784557614645396,-0.0665435716509819,-0.0094703286886215,0.4171978284915288,0.535449852546056,0,0
-21.69088859487624,-15.591222468061048,1.8229019233911328,-0.0660631557305653,-0.0093900114297866,0.4173639019330342,0.5356044173240662,0,0
-21.51314423911979,-15.554066425057991,1.791842368271845,-0.0656570270657539,-0.0090424592296282,0.4175121039152145,0.5360228717327118,0,0
-21.327436176764884,-15.514121427217232,1.8049428029774308,-0.0652784382303555,-0.0086772292852401,0.4175703873236974,0.5364720225334167,0,0
-21.1493867356864,-15.452663714646048,1.812702691913465,-0.0649447739124298,-0.0082454457879066,0.4175974577665329,0.5369694530963898,0,0
-20.991532747141484,-15.372623443986184,1.7641253099361172,-0.0647002359231313,-0.0077547108133633,0.4175549497207005,0.5375863512357075,0,0
-20.833643845693036,-15.283331984843002,1.681991934061929,-0.0645364721616109,-0.0073363408446311,0.4174610078334808,0.5382290283838908,0,0
-20.71946569196441,-15.16638460474084,1.597274659535575,-0.0644808784127235,-0.006623330215613,0.4173049877087275,0.5392814874649048,0,0
-20.634853299683755,-15.055182979324842,1.5270007263537213,-0.0642886832356453,-0.0060500924785931,0.4172033667564392,0.5403432846069336,0,0
-20.543086592738327,-14.7686140347245,1.44240818769275,-0.0641357973217964,-0.0051685671011606,0.4171072095632553,0.541815419991811,0,0
-20.471751688778255,-14.473758346707536,1.3803641739280603,-0.0640990907947222,-0.004375139872233,0.4169687430063883,0.5430554648240407,0,0
-20.36575473598428,-14.149055911876216,1.32804493515128,-0.0639323368668556,-0.0036855861544609,0.4169223308563232,0.5441401998202006,0,0
-20.271047657471392,-13.819873542572042,1.2515931072717683,-0.0638004789749781,-0.0031538953383763,0.41680575410525,0.545078823963801,0,0
-20.2115574617469,-13.526754173055757,1.181011769982907,-0.0637724623084068,-0.0027849500377972,0.4166232347488403,0.5458381474018097,0,0
-20.15343660503371,-13.305040244640782,1.1245940647885044,-0.0636616771419843,-0.0027322421471277,0.4164128849903742,0.546380619208018,0,0
-20.11372772883344,-13.19259294126299,1.0717545455701067,-0.0636460483074188,-0.0028471921881039,0.4160765459140141,0.5466954509417216,0,0
-20.08954020729564,-13.140519412108413,1.0242065948469623,-0.0636891399820645,-0.0029478917519251,0.4157117307186126,0.546952873468399,0,0
-20.091619616699138,-13.136118420921774,0.9827275845457746,-0.0637435788909594,-0.0032241096099217,0.4153982599576314,0.5469489097595215,0,0
-20.083001130543835,-13.156679045121544,0.9639160701099228,-0.063613290588061,-0.0035382037361462,0.4152867396672566,0.5467793842156727,0,0
-20.053343782297244,-13.17167312258172,0.9601787941855908,-0.0633987734715143,-0.0038152784109115,0.4153078148762384,0.54657182097435,0,0
-20.028985046240265,-13.192211074173372,0.975331421101675,-0.0632145851850509,-0.0040045579274495,0.4153691679239273,0.5464056034882863,0,0
-20.022389987252826,-13.21666664167867,0.9993096806367594,-0.0631094624598821,-0.004202311237653,0.4153951505819956,0.5462787747383118,0,0
-20.027418784510907,-13.24217222900695,1.0213418842099358,-0.0630938758452733,-0.0043772334853808,0.4153710057338078,0.5461775362491608,0,0
-20.02982394764857,-13.263346923132747,1.0361868732284454,-0.0630847215652465,-0.0045786375800768,0.4153657456239064,0.5461015899976094,0,0
-20.02275398613219,-13.288284730907414,1.0202060456347304,-0.0630117530624071,-0.0047674154241879,0.4153801103432973,0.5461058715979258,0,0
-20.01402869912933,-13.333879221361276,0.982735485291138,-0.0628667920827865,-0.0050261120001475,0.4153946787118912,0.5461159447828928,0,0
-19.99885178231309,-13.363432302111384,0.9511160269196568,-0.0626836145917574,-0.0051396836837132,0.4154015282789866,0.5462166269620259,0,0
-19.9676310907705,-13.352776507390626,0.9279997193608724,-0.0624816864728927,-0.0050422002871831,0.4154113829135895,0.5464713871479034,0,0
-19.934113914173032,-13.322468863617562,0.9116443473277052,-0.0623236621419588,-0.0048597306013107,0.4154240240653356,0.5467568337917328,0,0
-19.90090147363381,-13.292275874409963,0.9043488071880188,-0.062230959534645,-0.0047709022959073,0.4154460380474726,0.5468821426232655,0,0
-19.857454048399944,-13.261322907210424,0.9355179936144682,-0.0621898546814918,-0.0046448583404223,0.4154877016941706,0.5468485752741495,0,0
-19.80599524851585,-13.230633326384758,0.9935468050511692,-0.0621403704086939,-0.0044897521535555,0.4155630320310592,0.5467244982719421,0,0
-19.73666246584858,-13.241638747519406,1.0455165419712085,-0.0620480800668398,-0.0043475528558095,0.4156721134980519,0.5465935269991556,0,0
-19.649119999406473,-13.26484353063471,1.0729026497321708,-0.0618579934040705,-0.0042297691106796,0.4158549507459004,0.5465011298656464,0,0
-19.56223710743894,-13.282264303429836,1.0843561836457811,-0.0616516048709551,-0.0041282599171002,0.4160267561674118,0.546449472506841,0,0
-19.471317970605664,-13.278629955657228,1.0839075640147224,-0.0614202295740445,-0.0040568858385086,0.4161676317453384,0.5464241703351338,0,0
-19.38712218564718,-13.264786928096832,1.0831300414683485,-0.0612773249546686,-0.0040508856376012,0.4162261088689168,0.5464079479376475,0,0
-19.31565795604382,-13.257527667716973,1.0838337232395523,-0.0612061098217964,-0.0040605142712593,0.4162442336479822,0.5463969906171162,0,0
-19.274112537757297,-13.224349676387398,1.0779253714530026,-0.0613126804431279,-0.0043486977616945,0.4161151051521301,0.5464604397614796,0,0
-19.19265868068323,-13.126956215961371,1.069753585530267,-0.0612646813193957,-0.0044635534286499,0.4160168866316477,0.5468452274799347,0,0
-19.09880570139576,-13.01806243169428,1.0576048665182158,-0.0611184835433959,-0.0045302336414655,0.4159662971893946,0.547243187824885,0,0
-19.0350968671806,-12.898213620019432,0.996684328403718,-0.0611341694990793,-0.0044596468408902,0.4158363938331604,0.5480383038520813,0,0
-19.017620091376106,-12.727171031076924,0.8310035141392769,-0.0611654172341028,-0.0037080074350039,0.4157513380050659,0.5496282577514648,0,0
-19.01663306314825,-12.583439890047613,0.702856562848004,-0.0611715987324714,-0.0030575121442476,0.4157103399435679,0.5509471893310547,0,0
-19.046999948432997,-12.464797939877794,0.5946220183027664,-0.0611782396833101,-0.0024594912926355,0.4157127787669499,0.5521778762340546,0,0
-19.076234271273737,-12.413488510139052,0.5447930796697711,-0.061219185590744,-0.0022426272432009,0.4157545914252599,0.5529709259668986,0,0
-19.095527961097147,-12.40134710621312,0.5216742891696775,-0.0612253372867902,-0.0021513973673184,0.4158385694026947,0.5534824728965759,0,0
-19.10189146433923,-12.445973703917756,0.5447149571813941,-0.0611656258503595,-0.0022297178705533,0.4160382151603699,0.5536453326543171,0,0
-19.077446821741763,-12.525989510926944,0.6229438963095191,-0.0610109443465868,-0.0024793967604637,0.4163117359081904,0.5535499453544617,0,0
-19.051939900405863,-12.601008746995278,0.7030265459982061,-0.0608783364295959,-0.0027681911985079,0.4165708025296529,0.553356925646464,0,0
-19.033824106236775,-12.653957217979308,0.777356735261723,-0.0607891529798507,-0.0029652069012324,0.4168058484792709,0.5532249907652537,0,0
-19.04455785022575,-12.684283994645789,0.8297768715748977,-0.0609357903401056,-0.0030311619242032,0.4169178555409113,0.553184429804484,0,0
-19.072185180111447,-12.704720993187056,0.8684025982745762,-0.061205876370271,-0.0030555675427118,0.4169539213180542,0.553182711203893,0,0
-19.100133243089193,-12.678496722926967,0.8487352637778858,-0.0613949547211329,-0.0029351636767387,0.4170032540957132,0.553399384021759,0,0
-19.11316934871563,-12.478113819776764,0.7773058441699503,-0.0614950036009152,-0.0026487310727437,0.4170658340056737,0.5540394484996796,0,0
-19.11966056605369,-12.24299371672108,0.7097356290034127,-0.0615376929442087,-0.0025372082988421,0.4171209782361984,0.5545749763647715,0,0
-19.06870288656383,-11.935808196575785,0.6286674544421972,-0.0615046148498853,-0.0022762864828109,0.4172070473432541,0.5552954971790314,0,0
-10.199871651912934,-1.6022568234417929,0.138076549493114,-0.0358207722504933,0.0234845379988352,0.4463730901479721,0.6076825658480326,735,956
-4.26907621415981,5.161526564455002,-0.3431832054782037,-0.017214020093282,0.0327588245272636,0.4669543852408727,0.6421545843283335,735,956
-1.3398907949892644,8.413296770094991,-0.6931257782208897,-0.0074678758780161,0.0356435477733612,0.4776369382937749,0.659558892250061,735,956
-1.4189839446791643,8.226614466916878,-0.8538227874606668,-0.0069706936677296,0.0328659166892369,0.47804094851017,0.6599938273429871,735,956
-1.5198366021642042,8.062545876290134,-0.9499543954888868,-0.0071336577335993,0.0328135689099629,0.4779112736384073,0.6606230934460957,735,956
-1.6072956352645795,7.936411247151266,-0.9919054968962024,-0.0073487311601638,0.0328840414683024,0.4777250438928604,0.6610131959120432,735,956
-1.6828347048719952,7.863808692912506,-1.035266806277895,-0.007619818051656,0.0329509352644284,0.4774820456902185,0.6613056759039561,735,956
-1.7274857277419369,7.808833481505103,-1.0789126956357755,-0.0078135033448537,0.0330413505434989,0.4773010164499283,0.661475936571757,735,956
-1.7486003631186835,7.779840777923294,-1.113282176801247,-0.0079300751288731,0.0330928067366282,0.4771921684344609,0.6615651547908783,735,956
-1.7576189240789897,7.749926358579159,-1.1370029474269767,-0.0079875439405441,0.0330927843848864,0.4771440873543421,0.6615466773509979,735,956
-1.7622061572675904,7.715604287741925,-1.143477938813246,-0.0079914381106694,0.033055638273557,0.4771480659643808,0.6614895860354105,735,956
-1.7625882759357747,7.686320525746893,-1.1490915062201346,-0.0079827109972635,0.0330173075199127,0.4771606624126434,0.6614667375882466,735,956
-1.7653299403330192,7.645720861551253,-1.142755797537008,-0.0079866796731948,0.0329866831501324,0.4771491140127182,0.6614886224269867,735,956
-1.7780891616348806,7.613535962437668,-1.1186597673862138,-0.0080395191907882,0.0330778683225313,0.4770860622326532,0.6616885662078857,735,956
-1.7904243759700955,7.587894687139858,-1.0969019062377283,-0.008095679183801,0.0332444136341412,0.4770090927680333,0.6619399785995483,735,956
-1.802183131346261,7.5707031412608625,-1.0845799889256758,-0.0081593915820121,0.0334391842285792,0.4769340405861536,0.66214719414711,735,956
-1.8078582137710455,7.556715509079438,-1.0957895437291454,-0.0082018127044041,0.0335472847024599,0.4768762737512588,0.6622545222441355,735,956
-1.8184060537490805,7.518192831629454,-1.1175348332294028,-0.0082314908504486,0.0335070217649141,0.4768290768067041,0.662216067314148,735,956
-1.828821625849508,7.46685260319312,-1.1417622332376045,-0.0082517092426617,0.0333959311246871,0.4767879297335942,0.6621207992235819,735,956
-1.8566114556429136,7.409524834284749,-1.16521787389936,-0.0082916393876075,0.0332785348097483,0.4767306397358576,0.6620061993598938,735,956
-1.9003863116769335,7.365460410112466,-1.1929193803243845,-0.0084195236365,0.0331544478734334,0.4765872657299042,0.6619084278742472,735,956
-1.9528615148977553,7.328282312336913,-1.220626542436582,-0.008589948217074,0.0330669110020001,0.4764008571704228,0.6618244548638661,735,956
-2.004376243845379,7.296066323315885,-1.247914861966151,-0.00879434744517,0.0329762448867162,0.4761873433987299,0.6617647906144459,735,956
-2.0604010595564377,7.082257377838877,-1.2277736134012964,-0.0089762831727663,0.0324265758196512,0.4760389576355616,0.6615627706050873,735,956
-2.08934227298001,6.880068923836449,-1.1984429633732256,-0.0090853497385978,0.0317826022704442,0.4759719471136728,0.6613852779070536,735,956
-2.116845700185657,6.762073182193426,-1.1536959558301874,-0.0091359789172808,0.0312145675222078,0.4759393235047658,0.6612760821978251,735,956
-2.154032695535676,6.765222216955366,-1.1099386236782474,-0.0091811294356981,0.0308837542931238,0.4758827437957127,0.661236584186554,735,956
-2.1948209818300786,6.812980696031509,-1.0631572534869431,-0.0092193434635798,0.0306804751356442,0.4758159319559732,0.6612126926581064,735,956
-2.231023460295147,6.868419742457068,-1.008838725409237,-0.0092506433526674,0.030595526099205,0.4757442623376846,0.6611930926640828,735,956
-2.2521923506168102,6.88801346599972,-0.954256092548038,-0.0092725281914075,0.0305577168862024,0.4756932109594345,0.6611776947975159,735,956
-2.262783643299217,6.885555192222773,-0.9088527329046132,-0.0092892199754714,0.0305346846580505,0.4756585558255513,0.6611644327640533,735,956
-2.271258943166162,6.877791741406362,-0.8769054363252703,-0.0093227227528889,0.0305334627628326,0.475639800230662,0.6611521343390147,735,956
-2.288315854760623,6.864317770009184,-0.8586903684192498,-0.0093991632262865,0.0304860273996988,0.4756115724643071,0.6610761284828186,735,956
-2.3111385205310953,6.840334241981262,-0.8508362175265791,-0.0094738379120826,0.0303854991992314,0.4755870898564656,0.6609439452489216,735,956
-2.329849046036066,6.786733071849296,-0.8530425307469197,-0.0095270151893297,0.0302089850107828,0.4755704253911972,0.6607416272163391,735,956
-2.3479079077281524,6.697597038794678,-0.8846773475902154,-0.0095709214607874,0.0300074170033136,0.4755633374055226,0.6605177521705627,735,956
-2.381712846990375,6.615182639431806,-0.939431932694228,-0.0096188286940256,0.0298026353120803,0.4755432456731796,0.6602944135665894,735,956
-2.4232534160788175,6.555599329376616,-0.995394811315853,-0.0096722344557444,0.0296488950649897,0.4755152811606725,0.6601236661275227,735,956
-2.461151376383569,6.527672806863453,-1.042256362730186,-0.0097114890813827,0.029541939496994,0.475480243563652,0.660004715124766,735,956
-2.5061862543378517,6.506276058260839,-1.075558145943906,-0.00979828586181,0.0294889782865842,0.4754278014103571,0.6599367956320444,735,956
-2.5541999267256688,6.481601602664841,-1.1012500765451207,-0.0099399462342262,0.0294598912199338,0.4753487805525461,0.6598779261112213,735,956
-2.603037909244461,6.458235514977625,-1.1162601940134411,-0.0101548433303833,0.0294416745503743,0.4752664218346277,0.659799853960673,735,956
-2.648002484371435,6.444530959010634,-1.137386430663896,-0.0104523872335751,0.0293216605981191,0.475146268804868,0.659620612859726,735,956
-2.684577918477892,6.43016725404993,-1.1619267086533769,-0.0107171982526779,0.0291467110315958,0.4750265876452127,0.6594037711620331,735,956
-2.7140256864652335,6.418402520161337,-1.185951784664028,-0.0109745735923449,0.0290007914106051,0.4748811225096384,0.6591927111148834,735,956
-2.7225876919749785,6.420477963272116,-1.1992253422412895,-0.0111124763886133,0.0288506671786308,0.47478815416495,0.6589947839577992,735,956
-2.72240886242424,6.438765063491118,-1.2080396937405933,-0.0111803412437438,0.0287398273746172,0.4747324089209238,0.6588513950506846,735,956
-2.7166808900945276,6.449303591416815,-1.21481329780697,-0.0111882264415423,0.0286532094081242,0.4747176418701807,0.6587349375089009,735,956
-2.717007672698607,6.447667860625099,-1.221792603255282,-0.0111839224894841,0.0285395855704943,0.4747146070003509,0.6585993568102518,735,956
-2.720242553407587,6.441401840856852,-1.2278548628187644,-0.0111746142307917,0.0284254923462867,0.4747175325949986,0.658466895421346,735,956
-2.7280410801801898,6.441824389422843,-1.2234203519571525,-0.0111694236596425,0.0283105994264284,0.4747170209884643,0.6583253939946492,735,956
-2.7341839533254433,6.444492629974849,-1.2079915495923197,-0.0111427580316861,0.028270033498605,0.4747350513935089,0.6582119564215342,735,956
-2.7413073663749454,6.447127047134499,-1.1865025583273143,-0.0111140434940656,0.0282771363854408,0.4747550735870997,0.65811221798261,735,956
-2.7403756596667765,6.4353104471635,-1.171298236969406,-0.0110621054967244,0.0282636533180872,0.4747962206602096,0.6579594512780507,735,956
-2.73226532168802,6.394778842497395,-1.1465832099624358,-0.0109997664888699,0.0281160026788711,0.4748303492863973,0.6576120257377625,735,956
-2.7224561659984863,6.348994256132217,-1.1197790944134014,-0.0109435344735781,0.0279590785503387,0.4748583684364954,0.6572223504384358,735,956
-2.716194003125459,6.308328961495205,-1.1005863723221243,-0.0108999411265055,0.0278172940015792,0.4748751272757848,0.6568276683489481,735,956
-2.7085949262466027,6.265320784798115,-1.0874907197801318,-0.010859876871109,0.0277018174529075,0.474884753425916,0.6564088265101115,735,956
-2.6980269034922033,6.2274932511944066,-1.0804360783001703,-0.0108213673035303,0.0276526684562365,0.4748930682738622,0.6560454368591309,735,956
-2.692784706295992,6.204548688809609,-1.071252080200448,-0.0108039577802022,0.0276700307925542,0.4748968829711278,0.6557579735914866,735,956
-2.700602580451617,6.178886984369732,-1.0569995262439749,-0.0108336110909779,0.0274555385112762,0.4748934755722681,0.6553778847058613,735,956
-2.7099887112525134,6.156119509949485,-1.0458891915091448,-0.0108757565418879,0.0271219039956728,0.4748887419700622,0.6549995740254719,735,956
-2.7268887014801386,6.118730542648715,-1.0383189328745026,-0.0109135011831919,0.026608757674694,0.474884216984113,0.6545031070709229,735,956
-2.756234923728212,6.049178328179167,-1.0489706036970892,-0.0109480569760004,0.0260502472519874,0.4748751769463221,0.6539688209692637,735,956
-2.7947533852993836,5.964851769043444,-1.063702985764945,-0.0109899019201596,0.0255568400025367,0.4748628089825312,0.6534977356592814,735,956
-2.814557233551959,5.829401448422592,-1.0658464725767651,-0.0110608687003453,0.0249142994483311,0.4748412917057673,0.6528412699699402,735,956
-2.843744224836562,5.642415636005431,-1.0501453841079806,-0.0111529578765233,0.0239831830064455,0.4747821340958277,0.6518941223621368,735,956
4.3607345750133195,-3.8513202859366658,-0.8367457331684875,0.01276795566082,0.0117749695976575,0.5089877645174662,0.6134594778219858,1470,0
10.731617401260223,-10.69948228382341,-0.5316713078602686,0.0332081541419029,-0.0017769535382588,0.5366216450929642,0.5726728638013203,1470,0
14.442009476631172,-14.135864262946528,-0.5293424820473742,0.0456893543402353,-0.0100426127513249,0.5528383751710255,0.547561635573705,1470,0
15.258638571317537,-14.24280540065677,-0.6568826792328343,0.0488476653893788,-0.012603814403216,0.5559794902801514,0.5402701298395792,1470,0
15.469826583344592,-14.175460471241784,-0.7737346085409988,0.049941266576449,-0.0129167238871256,0.5568855106830597,0.5390235582987467,1470,0
15.690415445576232,-14.250690332068707,-0.8089868779259829,0.0507955104112625,-0.0132961273193359,0.5576652586460114,0.5381824672222137,1470,0
15.94993336898436,-14.416872466010457,-0.8050899991520195,0.0515802477796872,-0.0135676711797714,0.5584726730982462,0.5373568832874298,1470,0
16.13506631457213,-14.51780062810872,-0.7905512778615862,0.0521289482712745,-0.0135053942600886,0.5590393940607706,0.5369861125946045,1470,0
16.190952739781164,-14.573438385032317,-0.7478277412595022,0.0521925911307334,-0.0135849143067995,0.5591725508371989,0.5364256799221039,1470,0
16.23679229654752,-14.70124649190026,-0.7593440927835506,0.052056739727656,-0.0135918383797009,0.5591720143953959,0.5357367595036824,1470,0
16.28956859005781,-14.83671479369905,-0.8005843864302037,0.0520334268609682,-0.013575496772925,0.5592550933361053,0.5352429151535034,1470,0
16.431103050435475,-15.177984464874273,-0.8848713147853561,0.0520626480380694,-0.0134967813889185,0.5593217213948567,0.5346209307511647,1470,0
16.5535122893414,-15.431828179422425,-1.0256280529132498,0.0523220325509707,-0.01350882401069,0.5596133371194203,0.5337832470734913,1470,0
16.626046111674377,-15.5593303621482,-1.1679911021151264,0.0525587697823842,-0.0135152265429496,0.5599199136098225,0.5330712993939717,1470,0
16.641119010820844,-15.631185766441105,-1.2806654258153614,0.0526379197835922,-0.0134952664375305,0.5601197183132172,0.5323817531267802,1470,0
16.594044785553223,-15.79145468336866,-1.4004678589019597,0.0523159181078275,-0.0135939319928487,0.5600309471289316,0.5315853158632914,1470,0
16.548006139813594,-15.951796707338437,-1.455557868972453,0.0519604906439781,-0.0138478974501291,0.5599481562773386,0.5309121807416279,1470,0
16.505297842780124,-16.03932670874982,-1.4872160656855211,0.0517257625857989,-0.0141820634404818,0.5599374771118164,0.5304828882217407,1470,0
16.504316432293514,-16.174989075750744,-1.4895325186874326,0.0516580467422803,-0.0144064376751581,0.559946318467458,0.530257095893224,1470,0
16.531553445866432,-16.290754987634877,-1.4676578322967957,0.0517366925875345,-0.0145435060063997,0.5599776903788248,0.5300642848014832,1470,0
16.58301171345232,-16.423684314926795,-1.4465768254324023,0.0518381198247273,-0.0145095934470494,0.5600055158138275,0.5299753050009409,1470,0
16.596583301480713,-16.455662923536867,-1.429045389660283,0.0518636355797449,-0.0143712709347407,0.5599676171938578,0.5300266544024149,1470,0
16.57764870586727,-16.478588856058153,-1.4133757779026843,0.051821490128835,-0.0142570088307062,0.5598784685134888,0.5301251610120137,1470,0
16.548879551894927,-16.50793134675513,-1.4008768851494682,0.051761137942473,-0.0141962716976801,0.5597817500432332,0.5302175581455231,1470,0
16.52354664731708,-16.523209100474993,-1.3891032590036665,0.0517430752515792,-0.0140997792283693,0.5597108999888102,0.5303580264250437,1470,0
16.509578654090326,-16.504722368253873,-1.3747787971763552,0.051759086549282,-0.0138784348964691,0.5596532821655273,0.5305655697981516,1470,0
16.500012477991866,-16.471855827132934,-1.362525855475384,0.0517813364664713,-0.0135961423317591,0.5596030652523041,0.5307873288790385,1470,0
16.501298266891588,-16.426708954006898,-1.3508335106873912,0.0518157755335172,-0.0133282343546549,0.5595606466134389,0.5309856235980988,1470,0
16.477669799355017,-16.33636418656461,-1.3344046908145706,0.051839955151081,-0.0131381750106811,0.5595214466253916,0.5311270753542582,1470,0
16.436357934474536,-16.254926104243793,-1.317434561418822,0.051824947198232,-0.0130410914619763,0.5594703654448191,0.5312015215555826,1470,0
16.367297557796128,-16.14584824521482,-1.3026679564081651,0.0517626081903775,-0.0130038236578305,0.5593845744927723,0.5312028129895527,1470,0
16.191826213989547,-15.993272277631522,-1.304872552509516,0.0514051094651222,-0.0131232018272082,0.5590191384156544,0.531071662902832,1470,0
16.02520433563108,-15.90383719375447,-1.3301506624648334,0.050987293322881,-0.0133770157893498,0.5586032668749491,0.5308501124382019,1470,0
15.85866054330062,-15.7734474760454,-1.389979109697911,0.0502615571022033,-0.0136411587397257,0.5580155352751414,0.530751605828603,1470,0
15.70207953224087,-15.63189291932726,-1.4405516220341417,0.0494730820258458,-0.0138552611072858,0.5573832790056864,0.5307391881942749,1470,0
15.574896577862749,-15.48578323497888,-1.478848414700138,0.0487538228432337,-0.0139834433794021,0.5568049550056458,0.5307696561018626,1470,0
15.481918774039109,-15.382247298793162,-1.4948101524575996,0.0482313459118207,-0.0140482708811759,0.556386927763621,0.5307994286219279,1470,0
15.417368018794097,-15.325737431648918,-1.534171874140649,0.0479171673456827,-0.0140986343224843,0.5561186075210571,0.5308116177717844,1470,0
15.37062068825082,-15.28214470445586,-1.5815414014752416,0.0477268546819686,-0.0141364783048629,0.5559484163920084,0.5308141708374023,1470,0
15.344085381143724,-15.28074141361022,-1.6313201485828586,0.0476880297064781,-0.0142073308428128,0.5559055308500925,0.5307652254899342,1470,0
15.318450996462136,-15.440671965665604,-1.6613222676972683,0.0477040285865465,-0.0144421284397443,0.5559214154879252,0.5305433670679728,1470,0
15.302338695603924,-15.669253434971992,-1.6862779450214955,0.0477308804790178,-0.0147135158379872,0.5559572279453278,0.5302740236123402,1470,0
15.27848314480595,-15.879550567229003,-1.6843647243608442,0.0477427691221237,-0.0148579279581705,0.5560487111409504,0.5300577580928802,1470,0
15.286868833774562,-15.95028636083376,-1.6382858249573409,0.0479806760946909,-0.0147320354978243,0.5564145843187968,0.529984176158905,1470,0
15.304687800165992,-15.907008851403427,-1.574090964808999,0.0482952818274498,-0.0144566819071769,0.556853304306666,0.5299890836079915,1470,0
15.341970661041852,-15.842145353197925,-1.5215874689474247,0.0486526414752006,-0.0141889030734697,0.5573265353838602,0.5300505657990773,1470,0
15.388941000159306,-15.795322404911436,-1.4786265597243764,0.0490776648124059,-0.0140035947163899,0.5578969220320383,0.5301515758037567,1470,0
15.464663422095844,-15.778974226877828,-1.425167513165829,0.0495787759621938,-0.0138944188753763,0.5585109194119771,0.5302466054757435,1470,0
15.534600426250602,-15.770850584370466,-1.3703591923791958,0.0500033472975095,-0.013813907901446,0.5590128898620605,0.5303306182225545,1470,0
15.586301645886827,-15.758851675121722,-1.33071824090292,0.0502729242046674,-0.0136796534061431,0.5593609809875488,0.5304690003395081,1470,0
15.62366968628616,-15.749895077243927,-1.3107567977373886,0.0504096820950508,-0.0135490198930104,0.5595820546150208,0.5306104123592377,1470,0
15.657524230500286,-15.726981552550852,-1.2880970170253796,0.0505006859699885,-0.0132853612303733,0.5597745974858601,0.5309205949306488,1470,0
15.678290606512816,-15.662399305433112,-1.2510173878468782,0.0505638793110847,-0.0130089670419693,0.5599414706230164,0.531322826941808,1470,0
15.704051161357034,-15.548233781806111,-1.1995651864559789,0.0507376194000244,-0.012758565445741,0.5601852536201477,0.531723936398824,1470,0
15.73144210202436,-15.42621388794825,-1.1487912672199396,0.0509387205044428,-0.0125194489955902,0.5604128539562225,0.5320825974146525,1470,0
15.726940346608783,-15.273403502953556,-1.0927528616438358,0.0510599861542383,-0.0123730277021725,0.5605322917302449,0.5324280758698781,1470,0
15.685005550592702,-15.047811950878252,-1.0336526504096757,0.0510822484890619,-0.012288341919581,0.5605425735314686,0.5327650010585785,1470,0
15.647271249115118,-14.842083377553497,-0.9818184508482636,0.0510659391681353,-0.0122373327612876,0.5605059961477915,0.533071090777715,1470,0
15.590062960651675,-14.68349433329534,-0.9377724259612072,0.0509906510512034,-0.0121350089708964,0.5604183872540791,0.5333260198434193,1470,0
15.55200396537822,-14.604547847357775,-0.9089107041068928,0.0509285082419713,-0.0120424876610438,0.5603464643160502,0.5334977010885874,1470,0
15.513010573691924,-14.570450463482398,-0.8926034110299073,0.0507948150237401,-0.0119277810057004,0.5601969261964161,0.533687671025594,1470,0
15.461306715487549,-14.542579275213388,-0.8867885099514589,0.0505794063210487,-0.0117589806516965,0.5599412620067596,0.5339994132518768,1470,0
15.420324026774868,-14.52396288137988,-0.886567160564601,0.0504053433736165,-0.0115756566325823,0.5596961379051208,0.5343512793382008,1470,0
15.383969233850369,-14.509366063572866,-0.8893157216394147,0.0502792621652285,-0.0114052022496859,0.5594930946826935,0.5346716940402985,1470,0
15.356393940075383,-14.499673382773974,-0.8712443096958633,0.050138475994269,-0.0112799579898516,0.5592386027177174,0.5349954863389332,1470,0
15.283069339065824,-14.477187385698349,-0.8641294500889094,0.0497946615020434,-0.0111075565218925,0.5587293605009714,0.5355181992053986,1470,0
15.199727793565533,-14.45164249725118,-0.8541786309510739,0.0494115302960077,-0.0109614307681719,0.5582037369410197,0.5360270639260609,1470,0
13.993384328631882,-3.8139026080409786,1.3858493584335303,0.0465440278251965,0.016572135190169,0.5600999991099039,0.592350701491038,1470,956
13.206769781530868,2.786885923166093,2.693863948726261,0.0444677596290906,0.0284437437852223,0.5611979762713114,0.6323171555995941,1470,956
12.820244796982916,5.916693827304031,3.175580442290694,0.0438306331634521,0.0331566259264946,0.5618805785973866,0.6535354653994242,1470,956
12.74381591342994,5.720044663439809,2.96892972299007,0.0440887610117594,0.0311184898018836,0.5618858337402344,0.6552302738030751,1470,956
12.673360387742058,5.635244703882911,2.8866798391764967,0.0442965378363927,0.0312948326269785,0.5619331002235413,0.6554074486096699,1470,956
12.643380138041737,5.502861902014239,2.8671574272039932,0.0443785538276036,0.0312772889931996,0.5619392096996307,0.6548925737539927,1470,956
12.650463886672476,5.370726661416419,2.862726132494399,0.0444510728120803,0.0311864515145619,0.5619455675284067,0.6543650428454081,1470,956
12.679466633432067,5.22388456838474,2.859221606888275,0.0445316756765047,0.0309875234961509,0.5619813700517018,0.653692901134491,1470,956
12.70996698703356,5.156819963732365,2.843668843776367,0.044633666674296,0.0309601848324139,0.5620562732219696,0.6531489888827006,1470,956
12.754453270787003,5.129900610608383,2.8161362856885614,0.0448346734046936,0.031035820643107,0.562194416920344,0.6527485748132069,1470,956
12.792352886825547,5.111329501529332,2.8043961610538712,0.0450483212868372,0.0310304438074429,0.5623501936594645,0.6523650487263997,1470,956
12.83121461100794,5.073623094835688,2.811075283783373,0.0452447061737378,0.0308963482578595,0.562507410844167,0.6519711017608643,1470,956
12.867746890891754,5.029776573519869,2.8247039675361494,0.0453862870732943,0.0307180409630139,0.5626336435476939,0.6516449352105458,1470,956
12.915895148537064,4.973776859074835,2.84255580134829,0.0455367341637611,0.0305592392881711,0.5627337892850239,0.6513816515604655,1470,956
12.980491395435006,4.920605299628341,2.860087873495549,0.0457602764169375,0.0303790767987569,0.5627799332141876,0.6511749525864918,1470,956
13.07024627446926,4.871768288297629,2.8876067004932606,0.0460578650236129,0.0302025352915128,0.5627949734528859,0.6510169208049774,1470,956
13.157695327367854,4.835817443401414,2.914269975485637,0.0463332509001096,0.0300486013293266,0.5627953410148621,0.650909920533498,1470,956
13.232819572508014,4.798042645083804,2.936870624369157,0.0465097526709238,0.0299588839213053,0.562786877155304,0.6508335471153259,1470,956
13.295502700238975,4.748622007933559,2.9535311349973927,0.046598141392072,0.0299049839377403,0.5627737939357758,0.650774856408437,1470,956
13.316189784643235,4.711059947010507,2.9650355707849245,0.0465642313162485,0.0298308432102203,0.5626812974611918,0.6507024466991425,1470,956
13.308107193006618,4.6837177186860774,2.9727066379532845,0.0464488640427589,0.0296924337744712,0.5625424087047577,0.6505601008733113,1470,956
13.268872643122815,4.67381926946414,2.98640469079302,0.0462722058097521,0.0296078572670618,0.5623600383599598,0.6503986120223999,1470,956
13.223781658227846,4.66766932863762,3.003316835399026,0.0460960542162259,0.0295609881480534,0.5621903240680695,0.6502495308717091,1470,956
13.159862777821772,4.650999246101923,3.013155301873904,0.0458421011765797,0.0294843142231305,0.5619608263174692,0.6500719984372456,1470,956
13.137041000608225,4.609904559395767,3.0340274349003034,0.0456696997086207,0.0293384045362472,0.561838964621226,0.6498987078666687,1470,956
13.132857959714048,4.544928276501544,3.060661295273192,0.0455573598543802,0.029157022635142,0.5617735584576924,0.6496996482213337,1470,956
13.109085828358436,4.406098393317055,3.216877407979762,0.0454797074198722,0.0290444443623224,0.561785101890564,0.6496711770693461,1470,956
13.139992946746757,4.127483612787582,3.3672853790789063,0.0455130736033121,0.0287782028317451,0.5618647038936615,0.6497563223044077,1470,956
13.231605169321618,3.8740495554275345,3.45261360186748,0.0457093839844067,0.0286355266968409,0.5620526770750681,0.6499903897444407,1470,956
13.321720083801903,3.729765088252037,3.4843742486671907,0.0459546993176142,0.0285955940683682,0.5622866253058115,0.6501603821913401,1470,956
13.356101386171128,3.708292560306416,3.483637124180506,0.0462328270077705,0.0286587600906689,0.5627014935016632,0.6502645611763,1470,956
13.376141176091764,3.7262784958335016,3.478462179699756,0.0465978880723317,0.0287016406655311,0.5631991922855377,0.6503128012021382,1470,956
13.365351619832188,3.7592138486932134,3.4482620637740533,0.0467701976497968,0.0287060538927714,0.5636111696561177,0.6503295997778574,1470,956
13.41382491465997,3.8382677938538863,3.4121579585295123,0.0473589524626731,0.0287279287974039,0.5643372436364491,0.6503432095050812,1470,956
13.468303558652538,3.918637506299705,3.3966843825220385,0.0478804359833399,0.0287460510929425,0.5649602214495341,0.650349885225296,1470,956
13.507974029004703,3.962541498316076,3.37968113467652,0.0482141797741254,0.0287722224990526,0.565446525812149,0.6503542164961497,1470,956
13.471342925774843,4.0018153476768505,3.3153407527484005,0.0480485012133916,0.0288738757371902,0.5657259623209635,0.650337815284729,1470,956
13.424198563443714,4.053941498797242,3.2653738178926823,0.0477518166104952,0.0289699782927831,0.5658673048019409,0.6503209471702576,1470,956
13.396658220211176,4.095732612326256,3.238385141548344,0.0474850287040074,0.0290322403113047,0.5660633146762848,0.6503104269504547,1470,956
13.385949531764917,4.134003613003957,3.213633950042201,0.0471880088249842,0.0290561070044835,0.5662247041861216,0.6503088970979054,1470,956
13.376610769702816,4.179523976437292,3.1858590606101136,0.0469405353069305,0.0290619432926177,0.5663485626379648,0.650312175353368,1470,956
13.355805791506985,4.2180013388533695,3.153440946381608,0.0466868604222933,0.0290627082188924,0.5665177404880524,0.6503134469191233,1470,956
13.40742634084122,4.195177742629135,3.134840433206027,0.0467543204625447,0.0290622413158416,0.5669113496939341,0.6503251989682515,1470,956
13.527015307974429,4.134577022031624,3.1392605452942037,0.0472353796164194,0.0290771946310997,0.5676526526610056,0.6503586967786152,1470,956
13.660119947937826,4.080010026977711,3.1572220120567325,0.0478154122829437,0.0291073049108187,0.5683761040369669,0.6504028737545013,1470,956
13.78068605643605,4.024614995922288,3.186919706273887,0.048359677195549,0.0291547576586405,0.5690121849377949,0.6504581868648529,1470,956
13.856050416981958,3.9587829469037215,3.2374522627015643,0.0486260876059532,0.0292410477995872,0.5693794588247935,0.6505533059438069,1470,956
13.89005394654412,3.909019023462793,3.292581293835334,0.0487090647220611,0.0293405205011367,0.5695673425992329,0.6506637036800385,1470,956
13.91258510697842,3.8463179657872257,3.351069904340215,0.0487164457639058,0.0294113854567209,0.5696486035982767,0.6507567663987477,1470,956
13.931676850533188,3.775464749455601,3.398278744871515,0.0486999452114105,0.0294476250807444,0.5696829954783121,0.6508138676484425,1470,956
13.931976175318765,3.709415542972974,3.4345952861603086,0.0486261223753293,0.0294464379549026,0.5696872174739838,0.6508471270402272,1470,956
13.926398083929271,3.631185535061678,3.46079459085977,0.0485101838906606,0.0294017369548479,0.5696501731872559,0.6508594055970509,1470,956
13.918587664191495,3.5376123353758224,3.481397310740983,0.0484203547239303,0.0293529133001963,0.5696020225683848,0.6508553226788838,1470,956
13.909979663745236,3.4577850626186644,3.4966884072043443,0.0483619719743728,0.0293357372283935,0.5695594549179077,0.6508486370245615,1470,956
13.885140419689966,3.323689408945244,3.5125482255413134,0.0481977810462315,0.0292912671963373,0.5693694551785786,0.6508049070835114,1470,956
13.88543196416979,3.168124903470421,3.516061212877487,0.0481717760364214,0.0290160079797108,0.5691215097904205,0.6508205235004425,1470,956
13.875996837344804,3.0892992978922695,3.497558983748138,0.0481338053941726,0.0288827617963155,0.5688038865725199,0.6509962280591328,1470,956
13.90476974646544,2.9753906243178605,3.492903246670227,0.0480504060784975,0.0286729236443837,0.5684423247973124,0.6511169075965881,1470,956
13.924711378237284,2.9168224587958274,3.5053713248594427,0.0479449008901913,0.0284800380468368,0.5680400331815083,0.6511301398277283,1470,956
13.9531361162246,2.886649051222394,3.518335387508129,0.0479062845309575,0.0283064022660255,0.5677366157372792,0.6510769327481587,1470,956
13.923295527288843,2.9125471571655046,3.5202016179062676,0.0477808862924575,0.0281671956181526,0.5673869252204895,0.6509776314099629,1470,956
13.840354644179808,3.021581485374741,3.542169669825066,0.0475386704007784,0.0280800685286521,0.5670004586378733,0.6508683860301971,1470,956
13.760405824701628,3.11585451209327,3.5654836787817454,0.0473011036713918,0.028014284869035,0.5666587948799133,0.6507429579893748,1470,956
13.616658794961555,3.364587699655349,3.5235311561798968,0.0471774290005366,0.0282405118147532,0.5664116342862446,0.6504609882831573,1470,956
13.542705292930956,3.516097859463552,3.433850423904901,0.0472663417458534,0.0281959921121597,0.5662709275881449,0.6497098704179127,1470,956
13.496059397109294,3.6047904245446887,3.354148299530239,0.0473532304167747,0.0279998381932576,0.5661710798740387,0.6489242613315582,1470,956
13.489243138994931,3.632636184983717,3.297068127278019,0.0474909494320551,0.027674396832784,0.5661394000053406,0.6481396357218424,1470,956
14.634820818928238,-2.475716862719776,2.0591044676014008,0.0503389090299606,0.0121775418519973,0.5687138239542643,0.6104823350906372,1470,478
15.450177170559767,-6.791392274743119,1.1033255476179114,0.0523120909929275,0.0022158026695251,0.5704824725786845,0.5839303731918335,1470,478
15.869155192330403,-9.039178420196851,0.4904003706989835,0.0532982572913169,-0.0019468789299329,0.5713745256265004,0.5703360736370087,1470,478
15.916451055451963,-9.132393020380166,0.3388797387962114,0.053373967607816,-0.0010353798667589,0.5713923275470734,0.5698174834251404,1470,478
15.953000043359005,-9.113176851325022,0.2619523299104584,0.0534211297829945,-0.0003812611103057,0.571375161409378,0.5699547926584879,1470,478
15.98318236340204,-9.078051516791948,0.2285886659565469,0.0534541184703509,-8.799384037653604e-05,0.5713349779446919,0.5700947145620981,1470,478
15.998096824364792,-9.03313645168046,0.2187638182544101,0.0534625177582104,0.0001926546295483,0.5712753732999165,0.5703546007474263,1470,478
15.99779826617362,-8.995548620950697,0.2153158156121203,0.0534524619579315,0.0004276111721992,0.5712128678957621,0.570577472448349,1470,478
15.9902854025577,-8.96924232706392,0.2151366826460641,0.0534373397628466,0.0006089558204015,0.5711555778980255,0.5707577069600422,1470,478
15.953607607787616,-8.965605285327632,0.1983562925580671,0.0532990917563438,0.0007709711790084,0.5709944168726603,0.570905327796936,1470,478
15.865123370563548,-8.94545611184424,0.1793229215615392,0.0529039651155471,0.0009187906980514,0.5705816944440205,0.5711540182431538,1470,478
15.779817339710636,-8.93636079615263,0.150537058353119,0.0525195250908533,0.0010500277082125,0.5701912442843119,0.5713849465052286,1470,478
15.643163943733416,-8.93665823166926,0.1171726244571877,0.0520954330762227,0.0011099105079968,0.5697464048862457,0.5715926289558411,1470,478
15.540981005462232,-8.933904878155317,0.0768296237939699,0.0518146802981694,0.0011519119143486,0.5694277683893839,0.5717433591683705,1470,478
15.467653268239934,-8.92487514135141,0.0421734211562775,0.051615205903848,0.0011605198184649,0.5691866676012675,0.5718332330385844,1470,478
15.402613768886962,-8.912182385121337,0.0147745837906433,0.0513273278872172,0.0012133866548538,0.5688584844271342,0.571958988904953,1470,478
15.328555548127916,-8.890943399957454,0.0016268055580852,0.0509503732124964,0.001344658434391,0.5684513648351033,0.5721598764260609,1470,478
15.270787079201398,-8.865546834863888,-0.0032645436449526,0.0506820653875668,0.0014889736970265,0.5681566099325815,0.5723692178726196,1470,478
15.237530914828978,-8.828825706249972,0.010718254058692,0.0505401516954104,0.0016927967468897,0.5679638087749481,0.5726268291473389,1470,478
15.213268675678568,-8.71555638130055,0.0470464994428519,0.0505045975248018,0.0020000139872233,0.5678574045499165,0.5730004012584686,1470,478
15.17708128723986,-8.537233864212295,0.1020540235703452,0.0504847069581349,0.0024200156331062,0.5677550137042999,0.5735293328762054,1470,478
15.143889861552946,-8.362527606269762,0.1510751907372032,0.0504729424913724,0.0028108581900596,0.5676784912745158,0.5740441183249155,1470,478
15.11832323590005,-8.256208676900933,0.1723268192794758,0.0504771396517753,0.0030168816447257,0.5676189164320627,0.5744155943393707,1470,478
15.097096662948656,-8.236787541457852,0.1423709106930734,0.0503999938567479,0.0029004290699958,0.5674810210863749,0.5746405720710754,1470,478
15.088589643458937,-8.255003051862689,0.1017391223025959,0.0503757347663243,0.002701645096143,0.5673936208089192,0.5747604270776112,1470,478
15.06305002297275,-8.206547020466154,0.0572908173295688,0.0502557754516601,0.0033861721555391,0.567240019639333,0.5757132768630981,1470,478
15.03405059016501,-8.173152976149652,0.0193100790735899,0.0502394909660021,0.0044438714782396,0.5671655833721161,0.5771124958992004,1470,478
14.995505158287546,-8.17429057359627,-0.0137885485507648,0.050199935833613,0.0052906597654024,0.5670969982941945,0.5782697598139445,1470,478
14.976325616641748,-8.198172251799942,-0.0470873599745597,0.0501970003048578,0.0056325296560923,0.5670514106750488,0.5789605279763539,1470,478
14.947276581718036,-8.24097644835454,-0.0908257531796594,0.0500790427128473,0.0057478994131088,0.566895971695582,0.5793102582295735,1470,478
14.92109774254562,-8.274236650126223,-0.136460592381983,0.0499566793441772,0.005757895608743,0.5667434732119242,0.5794979333877563,1470,478
14.906695129644556,-8.297142771760731,-0.161617642950364,0.0498361587524414,0.0056700607140858,0.5665071606636047,0.5795367360115051,1470,478
14.867807177597196,-8.329036044874076,-0.1777994825641806,0.0495372389753659,0.0054890438914299,0.5660328765710194,0.5794672667980194,1470,478
14.834351635218372,-8.365227726502441,-0.1920126537112784,0.0492681687076886,0.0052957658966382,0.5655848185221354,0.5793580114841461,1470,478
14.803127177795616,-8.421279773628505,-0.2370239069162407,0.0491503526767094,0.005038763086001,0.5652444064617157,0.5791833698749542,1470,478
14.779252856805734,-8.48478924967137,-0.2904060473467539,0.0491708169380823,0.0046680693825085,0.5650057892004648,0.5788642565409342,1470,478
14.760294868309552,-8.537081022567275,-0.3361199551220822,0.0492122024297714,0.0042906999588012,0.5648222068945566,0.5785102645556132,1470,478
14.730802350560662,-8.56064928978767,-0.3761571972955608,0.0492161537210146,0.0039607534805933,0.5646202266216278,0.578189065059026,1470,478
14.6811366232022,-8.495187309198668,-0.4057215764242784,0.0491407439112663,0.0038095464309056,0.5643873314062754,0.5780378778775532,1470,478
14.617649452786164,-8.401847834475985,-0.425591065641803,0.049032541612784,0.0037612095475196,0.5641809701919556,0.5779871543248494,1470,478
14.574494130255385,-8.329395084684474,-0.4216869286496635,0.0489295025666554,0.0037466809153556,0.5640050868193308,0.5779691338539124,1470,478
14.548967584002874,-8.287382294460059,-0.4166389927297706,0.0488304545481999,0.0036861722668011,0.5638416608174641,0.5778852502504984,1470,478
14.542921991813522,-8.25935331425361,-0.4085267741897576,0.0487827310959498,0.0036300296584765,0.5637212495009104,0.5777999560038248,1470,478
14.528473475366496,-8.24789365036942,-0.3996884161185308,0.0486907660961151,0.0035079990824063,0.5635694265365601,0.5776396989822388,1470,478
14.516203113366688,-8.257184715036875,-0.3821933018166826,0.0485662991801897,0.0033521652221679,0.5633655687173207,0.5774629910786946,1470,478
14.515333954222369,-8.276436034758872,-0.3644251396981278,0.0485341449578603,0.0031969373424847,0.5632179776827494,0.5772902270158131,1470,478
14.533852748629617,-8.321094688982297,-0.3531655743560421,0.04859293003877,0.0030826081832249,0.5631331702073414,0.5771681865056355,1470,478
14.561674743990377,-8.383047389057364,-0.3465007331887993,0.0486742407083511,0.0029804234703381,0.5630564292271931,0.5770702560742695,1470,478
14.589932998744068,-8.45121043635107,-0.3426296730827318,0.0487540910641352,0.0028660049041112,0.5629851718743641,0.5769672095775604,1470,478
14.60997832877878,-8.503900781085878,-0.3345753039950464,0.0487514734268188,0.0027678733070691,0.5628850956757863,0.5768791635831196,1470,478
14.615905604007253,-8.526463650518913,-0.3152990215333328,0.048648568491141,0.0026998221874237,0.56272820631663,0.5768361787001292,1470,478
14.615466733728857,-8.534520750244017,-0.2964362823962287,0.0485359628995259,0.0026623134811719,0.5625879267851511,0.576823353767395,1470,478
14.594152013587715,-8.530521853561412,-0.2754176037830297,0.0483238647381464,0.0026479785641034,0.5623530745506287,0.5768390496571858,1470,478
14.5350759095849,-8.5289627943791,-0.2555987172597425,0.0479636266827583,0.0026521608233451,0.5619778434435526,0.5768656035264332,1470,478
14.462809894334304,-8.527585608033945,-0.2392765542105986,0.0476016948620478,0.0026647225022315,0.5616088410218556,0.5768949786822001,1470,478
14.4001178655436,-8.52482997372288,-0.2319608141703052,0.0473133772611618,0.0027004977067311,0.5613003174463908,0.5769339303175608,1470,478
14.32813482703586,-8.546605717732753,-0.2354963942834274,0.0470289016763369,0.0027457177639007,0.5609833598136902,0.5769658784071604,1470,478
14.260076325730312,-8.5717628577727,-0.2417566534020158,0.0467913920680681,0.0027956614891688,0.5607154667377472,0.5770000318686167,1470,478
14.201169641580991,-8.595159771415481,-0.251903392751097,0.0465563560525576,0.0028191978732744,0.5604715545972188,0.577021966377894,1470,478
14.16028651902732,-8.60783767110896,-0.2712321921283517,0.0463509857654571,0.0028120477994283,0.5602569182713826,0.5770319998264313,1470,478
14.138434022972248,-8.622690472136181,-0.2945876071305097,0.0462352707982063,0.0027991756796836,0.5601282715797424,0.57703697681427,1470,478
14.08564354181831,-8.609662585678063,-0.3151078328338593,0.0460394869248072,0.002776729563872,0.5599268575509389,0.5770493348439534,1470,478
14.001882774974792,-8.57252658028365,-0.3462674284756795,0.0457490260402361,0.0027436465024948,0.5596163272857666,0.5770652989546458,1470,478
13.921730602627129,-8.533168193586636,-0.3769737261858491,0.045499267677466,0.0027106280128161,0.5593368013699849,0.5770796835422516,1470,478
13.83525475451486,-8.491297631386676,-0.4044455134773067,0.0452013164758682,0.0026871015628178,0.5589942435423533,0.5770864983399708,1470,478
13.697969624162726,-8.393736381137908,-0.4059515206748946,0.0447747285167376,0.0027189006408055,0.5585071444511414,0.5771119693915049,1470,478
13.5743076211343,-8.28977590555284,-0.3922804795064407,0.0443951313694318,0.002777395149072,0.5580670932928721,0.577150821685791,1470,478
7.642557003454032,-2.4753270371882223,0.3772029210170862,0.024260143438975,0.0133106683691342,0.5332445800304413,0.604393869638443,1102,717
3.4189981960097393,1.509351198345752,0.9058846056240686,0.0102950657407442,0.0207608342170715,0.5161839524904887,0.6231944362322489,1102,717
1.165045252551526,3.510011795393284,1.1829246819607562,0.0030534242590268,0.0244854638973871,0.5074352622032166,0.6328668395678202,1102,717
0.9591525266521908,3.5664531178722467,1.2055289441869688,0.002783328294754,0.0247764562567075,0.5072195927302042,0.6334461569786072,1102,717
0.897365261295764,3.550331569148736,1.2179191400936515,0.0028092687328656,0.0249078447620073,0.5072831014792124,0.6337289114793141,1102,717
0.8566560566117601,3.5715609435389215,1.2202106734546865,0.0029193038741747,0.0251913194855054,0.5074113806088765,0.6340122421582539,1102,717
0.838429686101919,3.585077406969191,1.2175751909936745,0.0030396034320195,0.0254318589965502,0.5075433154900868,0.6341979602972666,1102,717
0.833995026189699,3.5861520320565674,1.214874791620817,0.0031606977184613,0.025632749001185,0.507671703894933,0.634317268927892,1102,717
0.8493613246863225,3.553775455578423,1.2151172477004315,0.0032561818758646,0.0257473563154538,0.5077791512012482,0.6343328654766083,1102,717
0.8682963767303064,3.5008779709286895,1.2134902690318452,0.0033406491080919,0.0257157484690348,0.5078523655732472,0.6342086295286814,1102,717
0.8713124162541308,3.435812731093665,1.208851564402588,0.003382089237372,0.0256293912728627,0.5078723827997843,0.6339958508809407,1102,717
0.8735130675451037,3.3813922721636693,1.2037202087131162,0.0034227520227432,0.0255193213621775,0.507874071598053,0.6337734162807465,1102,717
0.8727945903546843,3.3320766148073733,1.1991778543869285,0.0035167410969734,0.0254768505692482,0.5078818500041962,0.63363712032636,1102,717
0.8736048828333994,3.2834345207641342,1.1941528466619635,0.0036171451210975,0.0252945199608802,0.5078720450401306,0.63339497645696,1102,717
0.869187651558073,3.237405524139408,1.1884308479892285,0.003673642873764,0.0251088018218676,0.5078240036964417,0.6331520676612854,1102,717
0.8699341099169664,3.2090580124221697,1.1767330637610751,0.0037110845247904,0.024971584479014,0.5077415704727173,0.6329669257005055,1102,717
0.869295437933407,3.182732664919798,1.1622067912098153,0.0037248730659484,0.0249236971139907,0.5076287190119425,0.6328440209229786,1102,717
0.86971621477636,3.158006934815763,1.1483814558730647,0.0037398760517438,0.0248876387874285,0.5075230101744334,0.6327155431111653,1102,717
0.8687356515505089,3.094063202443864,1.129092649009305,0.0037292639414469,0.024699126680692,0.5074425836404164,0.6324496666590372,1102,717
0.9084551356863436,2.961382852873367,1.0803750780243295,0.0037577201922734,0.0244549363851547,0.507334013779958,0.6322396794954935,1102,717
0.9374619399916192,2.8470099904524,1.02873798760012,0.0037401542067527,0.0242630019783973,0.5071790516376495,0.6321343680222828,1102,717
0.9499102556174152,2.752755258041711,0.9977076189257624,0.0036578327417373,0.0241361632943153,0.5069911976655324,0.6321072280406952,1102,717
0.9409701918307756,2.728044933384841,0.9851929646272796,0.0035091042518615,0.0240844537814458,0.5067882835865021,0.6320881843566895,1102,717
0.9472079496701122,2.7280174968268787,0.9873704420291552,0.0034179513653119,0.0240771199266115,0.5066534678141276,0.6320702334245045,1102,717
0.9451093343569944,2.737216223492072,0.9447130240431864,0.0033435076475143,0.0241090406974156,0.5065496265888214,0.6320367256800333,1102,717
0.9430741588057192,2.7308884154452637,0.8417482458651699,0.003294438123703,0.0240002671877543,0.5064578354358673,0.6318260431289673,1102,717
0.923535909736004,2.6505880765892944,0.7312310781495956,0.0032520393530527,0.0238636831442515,0.5063757499059041,0.6314634680747986,1102,717
0.909851479502194,2.505748763840139,0.6488033326439837,0.0032533009847005,0.0237007116278012,0.506342738866806,0.6309852600097656,1102,717
0.8805295438002574,2.3507506572718544,0.6113735266048543,0.0032827258110046,0.0236209904154141,0.5063371658325195,0.6304806073506672,1102,717
0.8564889092587497,2.2283734367744863,0.6198557854777798,0.0033729622761408,0.0235120902458826,0.5063451329867045,0.6298734347025553,1102,717
0.8477302728869238,2.132497426983293,0.6470711169571363,0.0034625257054964,0.0233646581570307,0.506352961063385,0.6293075978755951,1102,717
0.8538705695498399,2.063269765764546,0.6806602287103015,0.0035630762577056,0.023272360364596,0.506361295779546,0.6288185715675354,1102,717
0.8692706138707706,2.002771707838868,0.7122768959421217,0.0036536678671836,0.0232708578308423,0.5063685675462086,0.6283856431643168,1102,717
0.8901828867543479,1.948176468495198,0.7436877750506363,0.0037727380792299,0.02332337697347,0.506375362475713,0.6280229489008585,1102,717
0.9120017996004952,1.9015779384941751,0.7705308032087862,0.0038722082972526,0.0233304252227147,0.5063813726107279,0.6277328034241993,1102,717
0.9346594909182956,1.8676645975390325,0.785859925974705,0.0039327517151832,0.023273376127084,0.5063866774241129,0.6275264124075571,1102,717
0.951741303661752,1.8499012050051973,0.7908480550743955,0.0039625192681948,0.0232038448254267,0.5063910881678263,0.6273845632870991,1102,717
0.9608123238022452,1.8428607725541415,0.7911958433744601,0.0039799163738886,0.0231193353732426,0.5063929160435994,0.6272395650545756,1102,717
0.9598960927987124,1.836940153235262,0.7944866968433231,0.0039869422713915,0.0230993529160817,0.5063923796017964,0.6270883083343506,1102,717
0.9573048288520596,1.8282533881319023,0.8023576409439198,0.0039959698915481,0.0230626612901687,0.5063923994700114,0.6269086201985676,1102,717
0.9492163210399056,1.8219068936185572,0.8143820796391333,0.0039965435862541,0.0230206698179245,0.5063900450865427,0.6267383396625519,1102,717
0.9375437679368884,1.8237906633241796,0.8255477698532844,0.0039855763316154,0.02302202830712,0.5063802103201548,0.626614620288213,1102,717
0.9282466100132148,1.827011388066496,0.8323252699471168,0.003975527981917,0.0230406845609347,0.5063739717006683,0.6265135208765665,1102,717
0.9182033521262264,1.8222217285276603,0.8399038330772614,0.0039675459265708,0.0230458925167719,0.5063670476277669,0.6263731122016907,1102,717
0.9062712989460068,1.814717759420456,0.8473194092836958,0.0039343486229578,0.0231009249885876,0.5063281555970509,0.6262079576651255,1102,717
0.8959912873214491,1.809173173153094,0.8554296233944539,0.0038974334796269,0.0232012793421745,0.5062762498855591,0.626066247622172,1102,717
0.8831896422623486,1.8070138325445777,0.8511136003245681,0.0038562690218289,0.023306980729103,0.5062143305937449,0.6259292960166931,1102,717
0.8646524153365882,1.8136453784311757,0.8398163225603903,0.0037948216001192,0.0233391026655832,0.5061493217945099,0.6257850130399067,1102,717
0.844952384605449,1.8317000581182876,0.8272920293544912,0.0037255138158798,0.0233730003237724,0.5060887634754181,0.6256667176882426,1102,717
0.8302697670224322,1.8457933037614915,0.8199527337631781,0.0036748424172401,0.0233939637740453,0.5060433248678843,0.6255379617214203,1102,717
0.8213024837771419,1.851238021332003,0.813240219837682,0.0036538814504941,0.0234032521645228,0.5060173571109772,0.6253986457983652,1102,717
0.8161807946666173,1.8496956787205536,0.805477860237567,0.0036509210864702,0.0234066819151242,0.5060036182403564,0.6252736151218414,1102,717
0.8119045423301474,1.8498912414485444,0.7947428076314719,0.0036515196164449,0.0233971650401751,0.5059990386168162,0.6251453757286072,1102,717
0.8045755882007081,1.877523557845666,0.7803075622524404,0.0036570578813552,0.0232513000567754,0.5060173173745472,0.6249400277932484,1102,717
0.8007062143229933,1.9188463609800697,0.7715992355206199,0.0036852409442265,0.0231212625900904,0.5060586730639139,0.6247709393501282,1102,717
0.7887688821779071,1.953586687612985,0.767262475930415,0.0036884918808937,0.0229636604587237,0.5060922404130299,0.6246004899342854,1102,717
0.7799258368579339,1.968621737149733,0.76432301969209,0.0036516288916269,0.022789679467678,0.5061268210411072,0.6244235336780548,1102,717
0.7757638288313948,1.972566359353119,0.7605467270864986,0.003606821099917,0.0225973576307296,0.5061617493629456,0.6242333054542542,1102,717
0.7745176053969185,1.9716186905964743,0.7533479712764672,0.0035887956619262,0.0224773560961087,0.5062148471673329,0.6241042216618855,1102,717
0.7747566915522949,1.9698127035685369,0.7454065183526384,0.003626729051272,0.0224332610766092,0.5063027342160542,0.6240359445412953,1102,717
0.7756978493001745,1.9673350871202584,0.7361156766474066,0.0036804278691609,0.0224111874898274,0.506395677725474,0.6239965657393137,1102,717
0.7714284865445757,1.973427068410171,0.7257649566245045,0.0037357732653617,0.0224290564656257,0.5064828197161356,0.6239809989929199,1102,717
0.7641885637482989,1.9788524750237668,0.7221805164601507,0.0037619123856226,0.0224272484580675,0.5065556168556213,0.6239411135514576,1102,717
0.7567505446674165,1.9831295929247943,0.7241270768564051,0.0037848850091298,0.0224377587437629,0.5066220859686533,0.6239077150821686,1102,717
0.7454382615869445,1.987312486482862,0.7196509539847955,0.003717228770256,0.022390271226565,0.506655732790629,0.623857965071996,1102,717
0.7345152629240204,1.9973012172572164,0.7131828411812939,0.0036231353878974,0.0223074232538541,0.5066733757654825,0.6238159735997517,1102,717
0.7257161387299036,2.0084204096450735,0.7054686346689889,0.0035343045989672,0.0222082734107971,0.5066887537638346,0.6237818797429402,1102,717
-8.218483284168062,-3.8591692560055977,0.1474006612753254,-0.025273082156976,0.0101765071352322,0.4678368022044499,0.597488651672999,367,238
-13.97668027785319,-7.6342614511494915,-0.3173753223182011,-0.0431590427954991,0.0034136151274045,0.4423832992712656,0.5796140333016713,367,238
-16.72988486273203,-9.41087025699121,-0.5813465718409172,-0.0516436025500297,0.0002784083286921,0.4298771073420842,0.5703665216763814,367,238
-16.538432786616777,-9.235803219645028,-0.6237683709044446,-0.0509050736824671,0.0008635967969894,0.4302623520294825,0.5699311892191569,367,238
-16.46553172881838,-9.117753852301243,-0.625414556962658,-0.0508703837792078,0.0011719341079394,0.4302049577236175,0.569690724213918,367,238
-16.4429230714267,-9.084574913412702,-0.6063359584236274,-0.0509451925754547,0.0011544525623321,0.4301103701194127,0.5693161288897196,367,238
-16.44152034893331,-9.092380318877726,-0.5788330535526598,-0.05103716502587,0.0009824732939402,0.430035134156545,0.5689460237820942,367,238
-16.419566882724617,-9.10176075472641,-0.552648259920814,-0.0509930998086929,0.0007563779751459,0.4301373412211736,0.5686269799868265,367,238
-16.372010226431605,-9.092363814414169,-0.5475509922182473,-0.0507417346040407,0.00071515639623,0.430420974890391,0.5685664415359497,367,238
-16.3213023216318,-9.073702508914309,-0.5524547197379139,-0.0504461204012234,0.0007729902863502,0.4307204534610112,0.5686350067456563,367,238
-16.27404337761448,-9.058979699516591,-0.5473827283216532,-0.0502186293403307,0.0009042496482531,0.430970087647438,0.5688014924526215,367,238
-16.248043470592208,-9.050580401716484,-0.543891672445515,-0.0501796429355939,0.0010658949613571,0.4310847024122873,0.5689528783162434,367,238
-16.233649318880026,-9.050687483666575,-0.5372516246632929,-0.0501538068056106,0.0012353807687759,0.4311798512935638,0.5690404077370961,367,238
-16.21761842869836,-9.09297193658368,-0.4975487581897583,-0.0501345545053482,0.0013604685664176,0.4312895437081654,0.5691177845001221,367,238
-16.09289398011579,-9.159604864388829,-0.4269725361835512,-0.0493728294968605,0.0013621573646863,0.4321914861599604,0.5691834092140198,367,238
-15.948796836765124,-9.208267550990266,-0.3780491302330335,-0.0484776273369789,0.0012845074137051,0.4332293272018432,0.5692239304383595,367,238
-15.76598654346618,-9.219293250737252,-0.3234611287251301,-0.0475256120165189,0.0012529343366622,0.4343738704919815,0.5693245530128479,367,238
-15.627062227441108,-9.232553143044893,-0.242269145583072,-0.046986569960912,0.0011597449580828,0.4352166205644607,0.5693919956684113,367,238
-15.525549343063794,-9.259441791338883,-0.1590530449160694,-0.0467705453435579,0.0011000285545984,0.4357412308454513,0.5694587926069895,367,238
-15.444320378103187,-9.252122368925328,-0.0927845205840063,-0.0466876253485679,0.0012011354168256,0.4361709902683893,0.5696301460266113,367,238
-15.375498227529691,-9.218124795016251,-0.0545632586792902,-0.0466541995604832,0.0014462520678838,0.4365466634432474,0.5699049631754557,367,238
-15.2877178335409,-9.16005794048263,-0.019442025407876,-0.046481783191363,0.0017442628741264,0.4370150615771611,0.5702666640281677,367,238
-15.230937391652771,-9.103231887527066,0.0076114351629495,-0.04643115401268,0.0019581913948059,0.4373290240764618,0.5705551107724507,367,238
-15.142562758862631,-9.126016953069424,0.0892808406519629,-0.0461400821805,0.0019138803084691,0.4377625485261281,0.5707045495510101,367,238
-15.034318826543222,-9.39593712277997,0.1590710648089351,-0.0457304567098617,0.0016660938660303,0.4383206168810526,0.5709106624126434,367,238
-14.959314157680591,-9.74444500688446,0.2078594815540355,-0.0454385230938593,0.0013836274544397,0.4388177543878555,0.5710723201433817,367,238
-14.9018589664716,-10.054559217854845,0.20038769333505,-0.0453277677297592,0.0011822755138079,0.4391453266143799,0.5712198813756306,367,238
-14.864296002300012,-10.197080546022551,0.1778589930980745,-0.0453543290495872,0.0010611141721407,0.4392845233281453,0.571314791838328,367,238
-14.835903981280262,-10.249660405968577,0.1538279470450774,-0.0454180066784222,0.0009930034478505,0.4393325547377268,0.5713937481244404,367,238
-14.80683397047016,-10.22954680856092,0.1378794236479376,-0.0454217940568923,0.0010754416386286,0.439439445734024,0.5715454518795013,367,238
-14.794734819119338,-10.170969039641612,0.0843795404878557,-0.0454272876183191,0.0013038292527198,0.4395565390586853,0.5718277096748352,367,238
-14.792035534168011,-10.108073380266752,0.0355464873373736,-0.0454443097114563,0.0015629927317301,0.439642126361529,0.5721239348252614,367,238
-14.806335274395288,-10.027907799646975,-0.0119472979926862,-0.045455977320671,0.0021583686272303,0.4396929641564687,0.5727302928765614,367,238
-14.792466931687253,-9.915055243760095,-0.0502935912727234,-0.045280468960603,0.002775768438975,0.4398510108391443,0.5733428001403809,367,238
-14.774314699328135,-9.81321408779493,-0.089245033884164,-0.0450406794746716,0.0032557919621467,0.4400313595930735,0.5738161404927571,367,238
-14.75748101876716,-9.64793743120169,-0.1211334200820472,-0.0447649881243705,0.0035918156305948,0.4401837388674418,0.5741298099358876,367,238
-14.734527689461968,-9.505860054227895,-0.1462059299588616,-0.044458935658137,0.0037546133001645,0.4403209388256073,0.5742633938789368,367,238
-14.714046101147073,-9.39295618339845,-0.163292394171873,-0.0441941022872924,0.0038402775923411,0.4404317339261372,0.5743293662865956,367,238
-14.691519867944136,-9.316288136872585,-0.1737691281945829,-0.0439951196312904,0.0039108494917551,0.4405448287725448,0.574388454357783,367,238
-14.67432649865214,-9.25758931854023,-0.1745783527784682,-0.043934961160024,0.0039656708637873,0.4405768861373265,0.5744360685348511,367,238
-14.666775837458694,-9.221091579051802,-0.1729795143719875,-0.0439444805185,0.0039993127187093,0.440564826130867,0.5744643608729044,367,238
-14.661161867353512,-9.210834235373426,-0.1570389515071766,-0.0439755221207936,0.0038937032222747,0.440542052189509,0.5743583540121714,367,238
-14.647894918361768,-9.184835526102496,-0.144189513362571,-0.0440302218000094,0.0037601664662361,0.4404854277769724,0.574236234029134,367,238
-14.631063317155736,-9.144699931183588,-0.1338936990738167,-0.0440848345557848,0.0036335786183675,0.4404261310895284,0.5741367240746815,367,238
-14.607918514383686,-9.095428915271576,-0.1304751574521576,-0.0441447049379348,0.003445453941822,0.4403336445490519,0.5739788909753163,367,238
-14.589536360407095,-9.008206818218714,-0.1268310163006764,-0.044275626540184,0.0031611000498135,0.4401967426141103,0.5737410982449849,367,238
-14.577593545758305,-8.919589068992089,-0.126657814899831,-0.0444285223881403,0.0028721392154693,0.4400557577610016,0.5734944740931193,367,238
-14.564470325420825,-8.851665743188581,-0.1279626231864837,-0.0444966753323872,0.0025997757911682,0.4399407009283701,0.5732704699039459,367,238
-14.54033816414078,-8.745985506869976,-0.1381335954079686,-0.0445231894652048,0.0024061525861422,0.4398391594489415,0.5731508533159891,367,238
-14.5182628993377,-8.624848858077424,-0.1470213634090332,-0.0445536524057388,0.0022589142123858,0.439742957552274,0.5730909804503123,367,238
-14.469724426861834,-8.505356565695648,-0.1614349260577755,-0.0445033411184946,0.0021419276793797,0.439676562945048,0.5730766256650288,367,238
-14.424165998136328,-8.4103167108354,-0.2069999566554091,-0.0444612577557563,0.0020926569898923,0.4395436892906824,0.5731448729832966,367,238
-14.38629153764844,-8.32719660029761,-0.2511677533810702,-0.0444649110237757,0.0020664011438687,0.4394061764081319,0.573239266872406,367,238
-14.361774398141415,-8.288804868219124,-0.2975204966232622,-0.0444464609026908,0.0020113711555798,0.4392358114322026,0.5733342071374257,367,238
-14.354215513256024,-8.251428505584876,-0.3532748079447579,-0.0444549868504206,0.0020286639531453,0.4390410234530766,0.573542058467865,367,238
-14.35555929625907,-8.219351244288514,-0.4054311093999879,-0.0444766283035278,0.0020834729075431,0.4388611117998758,0.5737749834855397,367,238
-14.361340192765354,-8.202828681810963,-0.4590092099257967,-0.044478066265583,0.002112920085589,0.4387262811263402,0.5740060607592264,367,238
-14.352118383245358,-8.19824096456319,-0.5156675843749574,-0.0443996091683705,0.0022346079349517,0.4386287331581116,0.574237197637558,367,238
-14.318685802126256,-8.153765554358838,-0.5564363198992297,-0.0442766745885213,0.002493197719256,0.4385788689057032,0.5746006468931834,367,238
-14.269334383477336,-8.106720937493861,-0.6033453359431789,-0.0440840621789296,0.0027341097593307,0.4385521312554677,0.5749302605787913,367,238
-14.223865485282666,-8.043713513487202,-0.6399068963809365,-0.0439892932772636,0.0029638384779294,0.4384858210881551,0.5752620498339335,367,238
-14.155314762867915,-7.958165637283882,-0.6792587664689086,-0.043879876534144,0.0031342382232348,0.43842846651872,0.5755654275417328,367,238
-14.083808538896168,-7.856343813562319,-0.7009363089578454,-0.043799618879954,0.0032925779620806,0.4383808821439743,0.5758439103762308,367,238
-14.011067450909842,-7.77101296777254,-0.7155037635269901,-0.0436759640773137,0.0034240831931432,0.4383642276128133,0.5760901769002278,367,238
-13.928931963132984,-7.655508357752852,-0.7283961880488193,-0.04356582959493,0.0036645357807477,0.4383613963921864,0.5764928559462229,367,238
-13.857309375991829,-7.551643652581232,-0.7407759346303961,-0.0434874122341473,0.0039078742265701,0.4383637557427088,0.5768767992655436,367,238
-13.806365479312444,-7.462694248068738,-0.751121519296977,-0.0434501965840657,0.0042044073343276,0.4383701433738072,0.5773522754510243,367,238
-20.783447912605475,-1.1716145462436311,-3.8884054098335903,-0.0662483697136243,0.0199122404058774,0.4113592406113942,0.6195776263872782,0,956
-25.12617319720522,3.0597440733192496,-5.813735374386448,-0.079528937737147,0.0276222949226697,0.3941737562417984,0.6474409401416779,0,956
-26.960560799264833,5.222452163783777,-6.743087702451574,-0.0849107752243677,0.0300997296969095,0.3860249867041905,0.6611575186252594,0,956
-26.586392171353584,5.251585113176218,-6.636414073361305,-0.0834479331970214,0.0288165360689163,0.3866615792115529,0.6608475049336751,0,956
-26.335276477053423,5.2436224303868695,-6.519726684577012,-0.0827911545832951,0.0287723019719123,0.3870196789503097,0.6602273186047871,0,956
-26.13936409916774,5.189441559628454,-6.391858618630945,-0.0821174159646034,0.0288868447144826,0.3873100231091181,0.6596272885799408,0,956
-25.87216271839361,5.071951181386146,-6.258239585780824,-0.081148957212766,0.0289638737837473,0.3875303218762079,0.6590482890605927,0,956
-25.687247149618067,4.944661083434227,-6.125930454513883,-0.0806381727258364,0.029133861263593,0.3877168546120325,0.6585738758246104,0,956
-25.558342520068635,4.849494382804531,-5.9909527752572656,-0.0804115384817123,0.02939389894406,0.38785021007061,0.6582162777582804,0,956
-25.323990821752457,4.733058839328516,-5.866358517188518,-0.0798710957169532,0.029243916273117,0.3880287011464436,0.6576160490512848,0,956
-25.05505482501613,4.548740656869942,-5.749320824419433,-0.0793093368411064,0.0285637329022089,0.3882705171902974,0.6565957168738047,0,956
-24.809267136861493,4.362139925691073,-5.660309766871167,-0.0787331089377403,0.0277738670508066,0.3885612338781357,0.6555250684420267,0,956
-24.688509721459273,4.146258949727261,-5.557289771898775,-0.0785857240358988,0.026605024933815,0.3887294779221216,0.6541681389013926,0,956
-24.591813116708753,3.9237369142404273,-5.504210990947376,-0.0785567089915275,0.0248904277880986,0.3887964139382044,0.6523218055566151,0,956
-24.49611911772993,3.743174597543843,-5.496237763061394,-0.0785790930191675,0.0235387856761614,0.388813853263855,0.6508344809214274,0,956
-24.388363026547317,3.628809238527116,-5.500740551068364,-0.0785505895813306,0.0224773213267326,0.3888266185919443,0.6495733459790547,0,956
-24.248476920613708,3.5288943168170803,-5.507619634438206,-0.0784807354211807,0.0217740113536516,0.3888365825017293,0.6483267446358998,0,956
-24.11070233756712,3.551449995770203,-5.54281534704822,-0.0783654029170672,0.0214597806334495,0.3888351569573084,0.6473739047845204,0,956
-23.992892498392987,3.6262406597426344,-5.578730114693123,-0.0782485430439313,0.0214779501159985,0.3888188699881235,0.646828959385554,0,956
-23.91542199530241,3.718078918380069,-5.635648059360475,-0.0781421264012654,0.0218185583750406,0.3888119260470072,0.6467222968737284,0,956
-23.869488387885852,3.782373073783963,-5.69377912280339,-0.0780492275953292,0.0222240487734476,0.3888244926929474,0.6467695335547129,0,956
-23.862041432313692,3.809351251382439,-5.726125026478683,-0.0780185187856356,0.0226480265458424,0.3888376355171203,0.6468732853730519,0,956
-23.92651037255183,3.768587011726224,-5.742278936649301,-0.0780715743700663,0.0230341802040735,0.3888472567001978,0.6468842923641205,0,956
-24.061368043368233,3.71423508296857,-5.735110087561361,-0.0783430015047391,0.023536870876948,0.3888527105251947,0.6468943456808726,0,956
-24.21031259387837,3.663148239664994,-5.7467458224388155,-0.0786773016055425,0.0239279046654701,0.3888644476731618,0.6469065348307291,0,956
-24.31578647238178,3.64029854987277,-5.7337159444276296,-0.0789308945337931,0.0244214584430058,0.3890305707852045,0.6469116906325022,0,956
-24.261376487983725,3.627090799851074,-5.65061265168478,-0.0782480413715044,0.0249662349621454,0.3902904838323593,0.6469086110591888,0,956
-24.199038492457102,3.6229049675621288,-5.554985816972815,-0.077496829132239,0.0254754126071929,0.3916614204645157,0.6469089984893799,0,956
-24.161849994094077,3.6190720111499903,-5.44499124723178,-0.0770104552308718,0.0257332101464271,0.3930882265170415,0.6467995643615723,0,956
-24.08059854095271,3.56988450329776,-5.348628690305397,-0.0764937549829483,0.0259640912214914,0.3943406740824381,0.6465291380882263,0,956
-23.980226304388616,3.4882449354402723,-5.25940048249189,-0.0762553761402765,0.026135412355264,0.3952419062455495,0.6462594568729401,0,956
-23.79880110804265,3.45154987700748,-5.221410208063728,-0.0760648300250371,0.0263381004333496,0.3957872788111368,0.6460662881533304,0,956
-23.610538572114223,3.339133486001997,-5.1918204000029915,-0.0762044365207354,0.026417871316274,0.3958462178707123,0.6455442905426025,0,956
-23.45955053360823,3.197374524505326,-5.15233067565519,-0.076413278778394,0.0262610887487729,0.395771657427152,0.6448620756467183,0,956
-23.36331216414036,3.041125186769964,-5.08020520543809,-0.0765014688173929,0.026029552022616,0.3957024713357289,0.644100656112035,0,956
-23.26044891528877,2.9430567751144716,-4.99654169470287,-0.0762167523304621,0.0254469340046246,0.395910382270813,0.6432607173919678,0,956
-23.182784422024874,2.874971650741554,-4.892568603167909,-0.0758302857478459,0.0245410477121671,0.3962324460347493,0.6423353155453999,0,956
-23.108051700564808,2.838785912902537,-4.836631401734415,-0.0754479666550954,0.0237561439474423,0.3965829412142435,0.6416441798210144,0,956
-23.014921438910942,2.8049027270155023,-4.7921152839354635,-0.0752536778648694,0.023293654123942,0.3968421071767807,0.6412351429462433,0,956
-22.85839897712785,2.6638532669656736,-4.739546593629643,-0.0749746784567833,0.0231065799792607,0.3972027401129404,0.641004890203476,0,956
-22.7105621950156,2.499053008623407,-4.683520325795202,-0.0747047265370686,0.0230261286099751,0.397526204586029,0.6408844292163849,0,956
-22.608416852157266,2.3733861568209527,-4.642913820251959,-0.0745366439223289,0.0229257767399152,0.3977043430010477,0.6408163607120514,0,956
-22.59712291685459,2.2723483545470016,-4.646173045719522,-0.0745935216546058,0.0225665122270584,0.3976784348487854,0.6406102975209553,0,956
-22.613268753774783,2.150360373323988,-4.673219438788059,-0.074705680211385,0.0222350756327311,0.3975810408592224,0.6404603123664856,0,956
-22.66132354621392,1.8995416710067936,-4.712880217265639,-0.0747861315806706,0.0219648778438568,0.3975030829509099,0.6402636369069417,0,956
-22.74249844094271,1.5590214760744043,-4.746138017958268,-0.0747495094935099,0.0211023141940434,0.3973226100206375,0.639250506957372,0,956
-22.816282896830646,1.2933726059355355,-4.7501450019161195,-0.074658195177714,0.0203776831428209,0.3971366882324219,0.6383165518442789,0,956
-22.888448377570604,1.1196637487077623,-4.744078120096828,-0.0745641315976778,0.0197685634096463,0.3969419300556183,0.6373340884844462,0,956
-22.965358674023307,1.0213095441948483,-4.707831981170904,-0.0745314682523409,0.0196193382143974,0.3966555049022038,0.6365902423858643,0,956
-23.02534743939654,0.9755896521260228,-4.654940860544857,-0.0745134328802426,0.019804244240125,0.396396001180013,0.6361503899097443,0,956
-23.115311183987227,0.9224609638939208,-4.596577184810453,-0.0746287405490875,0.0200786044200261,0.396105632185936,0.6356889108816782,0,956
-23.241329305280573,0.8271265530062863,-4.541893455463292,-0.0747851133346557,0.0201133886973063,0.3958136190970738,0.635119765996933,0,956
-23.362331744268825,0.738448448291364,-4.510494194744952,-0.0749302009741465,0.0201835309465726,0.3955349326133728,0.6346639494101206,0,956
-23.43104901480884,0.7003749062662347,-4.521518312792482,-0.0750225683053334,0.0202814961473147,0.3953411181767781,0.6343605617682139,0,956
-23.507650617337195,0.6660642102483526,-4.5455944945375935,-0.0751087168852488,0.0204627042015393,0.3950516482194264,0.6341856122016907,0,956
-23.53239721278363,0.6409290711112005,-4.545677395486816,-0.0750364437699318,0.0207019870479901,0.3947173704703648,0.6340699593226115,0,956
-23.493721319541123,0.5823196678941664,-4.5482655299042065,-0.0746543655792872,0.0208487088481585,0.3945287416378656,0.6337254742781321,0,956
-23.334752579554795,0.5422941525143855,-4.534673644543215,-0.073738989730676,0.0210924595594406,0.3946050802866617,0.6332043011983235,0,956
-23.181883156172205,0.5189824478441618,-4.531051056956249,-0.0729165251056353,0.0213824734091758,0.3948213209708531,0.6328957080841064,0,956
-23.061563667849743,0.4991093481264214,-4.52193960234907,-0.0722978363434473,0.0214644968509674,0.3951030671596527,0.6323144336541493,0,956
-22.957710944931677,0.4185218128059158,-4.527004477620641,-0.0716789762179056,0.0214672610163688,0.3956418931484222,0.6315905451774597,0,956
-22.86991209032162,0.3088352230328569,-4.527413683241386,-0.0710987399021784,0.0214900324741999,0.396205186843872,0.6309767762819926,0,956
-22.7710902522228,0.1538351422250502,-4.505671026640707,-0.0705773383378982,0.0214778929948806,0.3967294494311014,0.6302792727947235,0,956
-22.700711468054163,0.0522084872272689,-4.500516493379113,-0.0702537323037783,0.0211746444304784,0.3970843950907389,0.6293828884760538,0,956
-22.662755311866903,0.0191388118214708,-4.500370407862736,-0.0700423444310824,0.020881397028764,0.3973844250043233,0.628653476635615,0,956
-22.660064259543113,0.0303977596124403,-4.513837777941636,-0.0700215523441632,0.020502229531606,0.3974933177232742,0.627965639034907,0,956
-12.981700610440768,-1.395739813553694,-2.611276894864342,-0.0387291088700294,0.0150161013007164,0.4401507526636123,0.6140133043130238,735,478
-6.715589255126343,-2.0375145910918073,-1.507483053894505,-0.0196052292982737,0.0121624122063318,0.468199407060941,0.6050398051738739,735,478
-3.5513308189226875,-2.166522833914588,-0.994574407670229,-0.0103887642423311,0.0111838281154632,0.4823952267567316,0.6007910470167795,735,478
-3.5534697425706345,-1.898128991772493,-1.0797089616015407,-0.011042187611262,0.0118293290336926,0.4824926108121872,0.6010747651259104,735,478
-3.5315703773574354,-1.772497583731624,-1.102591192099033,-0.0111948425571123,0.0121917302409807,0.4825855940580368,0.6012927691141764,735,478
-3.521844885643521,-1.691457520009764,-1.1180680791751594,-0.0112680395444234,0.0124421765406926,0.4826032817363739,0.6014703412850697,735,478
-3.517166211925356,-1.6558799781268114,-1.1218870896927466,-0.0112665320436159,0.0126206701000531,0.482601116100947,0.6016045113404591,735,478
-3.5120686728556327,-1.6505954847252342,-1.1100947622532165,-0.0112610533833503,0.0127206519246101,0.4825322131315867,0.6016974548498789,735,478
-3.524788050276628,-1.6644875225572615,-1.1036872687071022,-0.011298914750417,0.0127988855044047,0.4823818057775497,0.6017576853434244,735,478
-3.5420659928995337,-1.6842191507676572,-1.1063719536172916,-0.0113396470745404,0.0128620093067487,0.4822509785493215,0.6018044352531433,735,478
-3.5348132407905126,-1.673991362439517,-1.1278368175632738,-0.0113457466165224,0.0129171460866928,0.4821466406186421,0.6018458207448323,735,478
-3.529455907834695,-1.640261740049287,-1.165303671750749,-0.0114247476061185,0.012964238723119,0.4819756944974263,0.6018813749154408,735,478
-3.527502173179304,-1.6062179011705366,-1.2027277362513011,-0.0115243718028068,0.0130002424120903,0.4817897627751032,0.6019092599550883,735,478
-3.5272620712032117,-1.5800305975874451,-1.2377730362735888,-0.0116090377171834,0.0130298187335332,0.4816387941439946,0.6019224921862284,735,478
-3.5265913900730204,-1.5588345103838464,-1.2601067078493913,-0.0116770515839258,0.0130497266848882,0.4815227538347244,0.6019335289796193,735,478
-3.5290602409413268,-1.5421476134584782,-1.2729378226267412,-0.0117307702700297,0.0130650599797566,0.4814305603504181,0.6019428074359894,735,478
-3.528260058325154,-1.5322466603893643,-1.2894759199183774,-0.0117722551027933,0.013057234386603,0.4813598146041234,0.6019420524438222,735,478
-3.5792530010248687,-1.6097899452036284,-1.3680902494881813,-0.0118113507827123,0.0129294668634732,0.4812833468119303,0.6019027630488077,735,478
-3.666262013707964,-1.7395789555577736,-1.4560380399123654,-0.0118570427099863,0.012731318672498,0.4811831464370091,0.6018209258715311,735,478
-3.775792512075868,-1.9281536591879216,-1.5635323224433104,-0.0119638169805208,0.0124933645129203,0.4810366878906885,0.6018459995587666,735,478
-3.852429022403818,-2.0977205936830625,-1.6120690573624583,-0.0121100644270579,0.0122345859805742,0.4808646341164906,0.6019032597541809,735,478
-3.8843707563644134,-2.204627600992162,-1.6260769121765104,-0.0122350628177324,0.0119673535227775,0.4807227949301401,0.6019575496514638,735,478
-3.9097832394895335,-2.2410050052816186,-1.6110441602805063,-0.0124140505989392,0.0116848473747571,0.4805239637692769,0.6019948422908783,735,478
-3.936378953324893,-2.2505851564285657,-1.6252416182234026,-0.0125508954127629,0.0115053877234458,0.4803648293018341,0.6020145018895466,735,478
-4.0394407503018535,-2.3225732614987264,-1.647554538233421,-0.0127601772546768,0.0114589904745419,0.4801873962084452,0.6020153164863586,735,478
-4.12657224661606,-2.3992127857668306,-1.6643288417407025,-0.0129408364494641,0.0114731416106224,0.4800553868214289,0.6020120680332184,735,478
-4.177388132109167,-2.4714100563415182,-1.68198101219309,-0.0130738069613774,0.0114399095376332,0.4799652447303136,0.6019724905490875,735,478
-4.20356263106477,-2.5036387198443357,-1.6891897152502175,-0.0131920104225476,0.0113848422964413,0.4799146105845769,0.6019166012605031,735,478
-4.217709253397132,-2.5190946385152877,-1.692170704734571,-0.013283538321654,0.0113287443916002,0.4798860450585683,0.6018674075603485,735,478
-4.2109824263876465,-2.5157897383710752,-1.6814332730490251,-0.0133409847815831,0.0112892140944798,0.4798732101917267,0.6018291115760803,735,478
-4.187059110246858,-2.4832498615849614,-1.6605749471543017,-0.0133784661690394,0.0112683624029159,0.4798653225104013,0.6018109321594238,735,478
-4.158057188499103,-2.438536808685595,-1.6364214959488672,-0.0134045158823331,0.0112572560707728,0.4798597147067387,0.6017986138661702,735,478
-4.132584754068681,-2.364622561192862,-1.6109543302647775,-0.0134255439043045,0.0112562179565429,0.4798538287480672,0.6017898122469584,735,478
-4.11901092274422,-2.239977134507595,-1.583162559622156,-0.0134379317363103,0.0113054042061169,0.4798487077156702,0.601783017317454,735,478
-4.120535961132737,-2.1056348503342353,-1.5523347896612596,-0.0134468103448549,0.0114519695440928,0.4798394391934076,0.6017826696236928,735,478
-4.11770122906387,-2.005611680016071,-1.5224152294567082,-0.01344795525074,0.0116270035505294,0.4798376709222793,0.6017851829528809,735,478
-4.092258221588918,-1.9200831142818,-1.503510078506637,-0.0134105260173479,0.0117765764395395,0.4798614482084909,0.6017896831035614,735,478
-4.061656509117864,-1.8517441006271296,-1.4934597040580828,-0.0133575896422068,0.0118857324123382,0.4798994114001592,0.6017962992191315,735,478
-4.0077307051480355,-1.8508534715784837,-1.4880085941367809,-0.0132334331671396,0.0118903691569964,0.4799728691577911,0.6018276413281758,735,478
-3.877239420615236,-1.946746394125136,-1.4879061281778965,-0.0129462008674939,0.0116439908742904,0.4801297883192698,0.6019354363282521,735,478
-3.7447426719030767,-2.0479529462706565,-1.4942776321529898,-0.0126095314820607,0.0114272187153498,0.4803008486827214,0.602083295583725,735,478
-3.6547397330288582,-2.110152400925593,-1.509964027013794,-0.0123631060123443,0.0112596700588862,0.4803979098796844,0.6022210717201233,735,478
-3.596605288319732,-2.1237264328827563,-1.5213015748625265,-0.012189378341039,0.0112050349513689,0.4804378201564153,0.6023542483647664,735,478
-3.551442029106881,-2.119674337071868,-1.528798801922438,-0.0120428651571273,0.0111864954233169,0.4804562677939732,0.602476139863332,735,478
-3.518440231107867,-2.0985454807184563,-1.5276959407285806,-0.0119103888670603,0.0112406139572461,0.4804685612519582,0.6025930146376292,735,478
-3.5051861109432867,-2.0723164626508783,-1.5224391497895262,-0.0118190422654151,0.011299230158329,0.4804727186759313,0.6026785671710968,735,478
-3.5005309881714175,-2.0473726733598783,-1.517258114014513,-0.0117540856202443,0.0113495935996373,0.4804721971352895,0.602737287680308,735,478
-3.5121185520790714,-2.0487008538750855,-1.530526031272144,-0.0117205083370208,0.0113762617111206,0.4804494480292002,0.6027609209219614,735,478
-3.5493643262986905,-2.0433305549593763,-1.5731064524696403,-0.0117262800534566,0.0113689402739206,0.4804071933031082,0.6027332146962483,735,478
-3.595746318941128,-2.0336272763229273,-1.6213544042591257,-0.0117535044749577,0.0113553628325462,0.4803602149089177,0.6026944915453593,735,478
-3.6636643229617767,-1.9787031028813973,-1.6643143769916224,-0.0118435422579447,0.0114179899295171,0.4802690645058949,0.6026558677355448,735,478
-3.737322834968292,-1.9000706816328623,-1.6739489669045309,-0.0119644775986671,0.0115572114785512,0.4801559646924336,0.6026379466056824,735,478
-3.799246085907421,-1.8248649880805257,-1.6707287163863227,-0.012069580455621,0.0116889576117197,0.4800586700439453,0.6026342213153839,735,478
-3.847565508907396,-1.7436487511646763,-1.6563027967676462,-0.012186586856842,0.0117867390314737,0.4799464295307795,0.6026408572991688,735,478
-3.8841901485256134,-1.6534051163211618,-1.6341593210125978,-0.0123009259502093,0.0118584136168162,0.479832703868548,0.6026460329691569,735,478
-3.912748679641703,-1.5695184298744782,-1.6104312900620972,-0.0124011139074961,0.0119221260150273,0.479732741912206,0.6026483774185181,735,478
-3.932478675670683,-1.5190067627573778,-1.5992116042421043,-0.0124644860625267,0.0120248471697171,0.4796671867370605,0.6026481588681538,735,478
-3.943643485609038,-1.496838441919761,-1.598465355586019,-0.0125173057119051,0.0121895894408226,0.4796054114898045,0.6026490330696106,735,478
-3.955159934705264,-1.4865929073331083,-1.599854219814286,-0.0125689407189687,0.0123582457502683,0.4795457969109217,0.6026536126931508,735,478
-3.9666259086706104,-1.4800035510100398,-1.605968910883911,-0.0126217206319173,0.0125534310936927,0.4794883479674657,0.6027036805947621,735,478
-3.9808757473231857,-1.478227559919627,-1.6136077903527932,-0.0126719797650973,0.0128252779444058,0.4794366806745529,0.6028167307376862,735,478
-3.993727054094128,-1.4773402260355604,-1.6208377758444603,-0.0127091606458028,0.0131539056698481,0.4793991893529892,0.6029715538024902,735,478
-4.007025274467811,-1.4795197038690304,-1.625334497932838,-0.0127442652980486,0.0134148374199867,0.4793706784645716,0.6030956208705902,735,478
-4.018427386212952,-1.473431491673681,-1.6396936805141005,-0.0127844214439392,0.0135576749841372,0.4793438663085301,0.6031621694564819,735,478
-4.0336492576795475,-1.4671682328826607,-1.6594051119022084,-0.0128498946626981,0.0136206522583961,0.4792952388525009,0.6031872232755024,735,478
-4.043055852163212,-1.4579882628246308,-1.680243548904322,-0.0128985395034154,0.01364499827226,0.4792611002922058,0.6031889716784159,735,478
-4.052876098196179,-1.455910422720882,-1.6942095562087158,-0.0129481554031372,0.0136294787128766,0.4792268524567286,0.603159228960673,735,478
-12.53288741450394,-10.514125697625545,0.4049522372902963,-0.0370820810397466,-0.0017054279645284,0.4508760472138722,0.5671043296655018,0,0
-18.326351915346223,-16.361557326755065,1.9106960916102904,-0.0535176669557889,-0.0104034294684727,0.4316662301619847,0.542315661907196,0,0
-21.243654375632246,-18.99969940001279,2.6067030467501477,-0.0620539660255114,-0.0139618242780367,0.4217534611622492,0.5298524896303812,0,0
-21.25355858628074,-18.538255580093605,2.5125077072129307,-0.0623008335630098,-0.0126531273126602,0.4215170343716939,0.5300578574339548,0,0
-21.218993752135212,-18.22005481011991,2.3917876065388883,-0.0623803560932477,-0.0120120470722516,0.421434611082077,0.530502567688624,0,0
-21.236479033144327,-18.07962726192309,2.35069319122986,-0.0624841004610061,-0.011901040871938,0.4213482240835825,0.5306640764077504,0,0
-21.308240147789228,-17.908822345623186,2.357738393412307,-0.0627594888210296,-0.0118594467639923,0.4210691402355829,0.5309772789478302,0,0
-21.374044079515144,-17.750841829422637,2.3793917010373,-0.0630470886826515,-0.011825772623221,0.4207825561364491,0.5312854746977488,0,0
-21.46518445325772,-17.547923250565216,2.369779555611135,-0.0633532653252283,-0.0118405297398567,0.4204583366711934,0.5316427449385325,0,0
-21.53602478380509,-17.397487573489833,2.3369679707307025,-0.0636912882328033,-0.0120353798071543,0.4200819035371144,0.5318079789479573,0,0
-21.56824880683513,-17.280855856889517,2.2956434478433123,-0.0639444639285405,-0.0121418858567873,0.4197751979033152,0.5319986740748087,0,0
-21.559840026638703,-17.169197583759868,2.230707454838612,-0.0640335554877916,-0.0119002560774485,0.419588178396225,0.5324624081452687,0,0
-21.53462856171244,-16.92956372623913,2.1803613779554265,-0.0641269286473592,-0.0111808627843856,0.4194227258364359,0.5334965089956919,0,0
-21.510485321140756,-16.67007485551923,2.152443334404616,-0.0642185012499491,-0.0104002505540847,0.419297973314921,0.5345901846885681,0,0
-21.458663840104656,-16.40255722987965,2.1570547236646,-0.0642851640780766,-0.0098253786563873,0.419229765733083,0.5356034735838572,0,0
-21.38140182181128,-16.197293920729365,2.1671796453978485,-0.0642253657182057,-0.0094003230333328,0.4192740023136139,0.5364608665307362,0,0
-21.30337235324071,-16.02977048181122,2.175734120271948,-0.0641354322433471,-0.0090979412198066,0.4193432331085205,0.5371676882108052,0,0
-21.228363875012633,-15.930756256685005,2.1692121402094444,-0.0641200070579846,-0.0090194816390673,0.4193146526813507,0.5376106401284535,0,0
-21.154720641488584,-15.84626132094416,2.123411730422215,-0.0640618974963823,-0.0088873406251271,0.4192926237980524,0.5380833546320597,0,0
-21.069471650411227,-15.792170942777176,2.04116810035861,-0.06387210637331,-0.0088567932446797,0.4193072418371836,0.5385059714317322,0,0
-20.99225444692942,-15.764451121999564,1.949145918605212,-0.0636235351363817,-0.0088388969500859,0.419368028640747,0.538853923479716,0,0
-20.879895047193827,-15.686601304491315,1.8598232983220584,-0.0633485118548075,-0.0087836732467015,0.4194265305995941,0.53919318318367,0,0
-20.7808958524831,-15.579988468111647,1.769725272956583,-0.0630854020516077,-0.0085454458991686,0.4194728881120682,0.5397094587484995,0,0
-20.70429162443522,-15.495828110501526,1.6872873616398334,-0.0628271500269571,-0.0083355704943339,0.419512058297793,0.5401718318462372,0,0
-20.606556779883697,-15.372652081824462,1.601844221115077,-0.0624970172842343,-0.0079519574840863,0.4196330855290094,0.5408199926217396,0,0
-20.50773179330485,-15.211176720825016,1.5051864827512036,-0.062216098109881,-0.0074382821718851,0.4197229146957397,0.5416062076886494,0,0
-20.40730568602515,-15.04138846843678,1.407983630292497,-0.0619799271225929,-0.007024032374223,0.4197783221801122,0.5423176387945811,0,0
-20.314733783614347,-14.866451073629229,1.3306492322161096,-0.0617242405811945,-0.0064612825711568,0.4198703964551289,0.5432257950305939,0,0
-20.277771854085515,-14.773398189410536,1.2501050308501167,-0.0615485981106758,-0.0060993582010269,0.4199349333842595,0.5440998176733652,0,0
-20.25803542512552,-14.736133295014737,1.1770615545425755,-0.0614135811726252,-0.0060652295748392,0.4199741631746292,0.5446533759435017,0,0
-20.235784506805658,-14.698227191991467,1.1399396272717377,-0.0613384768366813,-0.0063302889466285,0.4199879566828409,0.5449657340844472,0,0
-20.21176011549143,-14.647051117089672,1.101146238418902,-0.0612330933411916,-0.0064659292499224,0.4199999074141184,0.5453896323839823,0,0
-20.184377482573684,-14.60422021481417,1.0653869461959835,-0.0610585858424504,-0.0065388555328051,0.4200097322463989,0.5457898875077565,0,0
-20.11949150381256,-14.555311465149458,0.9987483406086444,-0.0606883540749549,-0.0064863090713818,0.420073057214419,0.546255350112915,0,0
-20.056726458725283,-14.487205777790113,0.9468050704291632,-0.060386540989081,-0.0063648248712221,0.4201322495937347,0.5466660857200623,0,0
-20.00185135019869,-14.42956291851321,0.9051711574513568,-0.0601665874322255,-0.006256786485513,0.4201834549506505,0.5469761987527211,0,0
-19.93713810245913,-14.318946360360098,0.8663005274737101,-0.0600882495443026,-0.0059438248475392,0.4202040036519368,0.5474362274010975,0,0
-19.888774224409936,-14.20605903781227,0.8305036002276275,-0.060069794456164,-0.0053728992740313,0.4202247063318888,0.5481083591779072,0,0
-19.85761973938426,-14.12870072773861,0.8071557422587765,-0.060069332520167,-0.0048789630333582,0.4202498942613601,0.5486491421858469,0,0
-19.81233204920889,-14.075032579007305,0.7984718649406298,-0.0600037326415379,-0.004674012462298,0.4203282296657562,0.5489007929960886,0,0
-19.76370322028079,-14.040495301911507,0.7843526356716245,-0.0599204823374748,-0.0046776309609413,0.4204265425602594,0.5489505132039387,0,0
-19.72490793602207,-14.019569869649033,0.7666586418160459,-0.0598504667480786,-0.0047234818339347,0.420508990685145,0.5489555299282074,0,0
-19.67733339074069,-14.011560692915946,0.7523167266969444,-0.0597595870494842,-0.004715676108996,0.4206163833538691,0.5490555763244629,0,0
-19.64684408900974,-13.970201586968336,0.7434645311253228,-0.0597718333204587,-0.0045292650659879,0.4206977635622024,0.5494703253110249,0,0
-19.630213405074628,-13.93269300000366,0.7473698500181756,-0.059806004166603,-0.0043236191074053,0.4207799782355626,0.5498783985773722,0,0
-19.60786350265702,-13.841329041100636,0.7544157455218057,-0.0597938324014345,-0.0038232778509457,0.4209651152292887,0.5506497720877329,0,0
-19.56159684351034,-13.75773045790162,0.7919497781521081,-0.0596435119708379,-0.0034960235158602,0.4212385565042496,0.5513435800870259,0,0
-19.512169795948346,-13.699990224816933,0.8210243896095974,-0.0594199448823928,-0.0033118153611818,0.4215336392323175,0.5519169966379801,0,0
-19.460469609556476,-13.678097183511984,0.8543400793419678,-0.0590290799736976,-0.0031756882866223,0.4219483484824498,0.5524170796076456,0,0
-19.360507430982608,-13.68793497506707,0.9298532326347906,-0.0581625252962112,-0.0030642971396446,0.4228182733058929,0.5529486338297526,0,0
-19.268347970301058,-13.71259890758306,1.0149054204350942,-0.0573632270097732,-0.0030201127131779,0.4236136724551518,0.553387314081192,0,0
-19.00380212620486,-13.687510563562412,1.0590839696530687,-0.0557852064569791,-0.0030562803149223,0.4251504937807718,0.553741027911504,0,0
-18.615457974461517,-13.644831823988689,1.1119583088047142,-0.0539348448316256,-0.0031172881523768,0.4269368400176366,0.5540760656197865,0,0
-18.314692194322568,-13.620470758165428,1.1629196583556167,-0.0527123262484868,-0.0031299690405527,0.4281306564807892,0.5543885330359141,0,0
-17.94406890096149,-13.62856947434695,1.2601461384425114,-0.0516576096415519,-0.0032619088888168,0.429176444808642,0.5546158850193024,0,0
-17.417160203138458,-13.350644976390676,1.292111646484842,-0.0502654587229092,-0.0032369742790857,0.4307063420613606,0.555202970902125,0,0
-17.021756414387276,-13.109893098173622,1.289065678645514,-0.049272413055102,-0.0032166590293248,0.4318282057841618,0.5557679335276285,0,0
-16.467087109185417,-12.590475876939433,1.207689151972866,-0.0478469903270403,-0.002659464875857,0.4334150950113932,0.5570852061112721,0,0
-15.732351472292448,-11.987321969456705,1.1053587336090298,-0.0457642674446105,-0.0013326356808344,0.4356612861156463,0.5590929786364237,0,0
-15.13100746328048,-11.519362759626045,1.0279124335161842,-0.0441564445694287,-0.0001636743545532,0.4374177654584248,0.5607357919216156,0,0
-14.665242126436812,-11.125800473237192,0.9641698575460876,-0.0427102372050285,0.0002897679805755,0.4392444292704264,0.5619388123353322,0,0
-14.103911999848304,-10.57126782726516,0.72052818196921,-0.041169340411822,0.0002225538094838,0.4415258169174194,0.5633506576220194,0,0
-13.661012170877612,-10.14012433934473,0.5123791241092747,-0.0400552228093147,-0.0001837114493052,0.4432858576377232,0.5642753144105275,0,0
-13.02545698500295,-9.523160971485236,0.3628406290733678,-0.0386779755353927,0.000357744594415,0.4453844726085663,0.5659146706263224,0,0
-12.345492151257766,-9.116356237434696,0.3814127267075051,-0.0368389884630839,0.0007340312004089,0.4477246701717376,0.5671800374984741,0,0
-11.55851502900651,-8.65910629900428,0.4018352424692452,-0.0345607250928878,0.0016983772317568,0.450567364692688,0.5691078305244446,0,0
-11.086750672378765,-8.41971934884867,0.4009603773797934,-0.0332539429267247,0.0022153953711191,0.4523222943147023,0.5703283747037251,0,0
-5.826434986222725,1.9987363338713413,-0.0850334250967623,-0.0184713800748189,0.0332253898183504,0.4688154011964798,0.627982755502065,735,956
-2.4719289278531043,9.27093063052518,-0.7765044569310969,-0.0085732092459996,0.0448691050211588,0.4794178356726964,0.6686821679274241,735,956
-0.8786557758159796,12.638140980731333,-1.2695624090964968,-0.0036541248361269,0.0476002345482508,0.4846042195955912,0.6896710097789764,735,956
-0.9990230976747606,12.422787355562392,-1.4550810839375343,-0.0036545842885971,0.0432755450407663,0.4843835433324178,0.6908088028430939,735,956
-1.0824603057289603,12.202157030340372,-1.5155757496959277,-0.0037306348482767,0.0424418523907661,0.4840900351603825,0.6912899414698283,735,956
-1.1187176800401772,12.15148010403026,-1.5806632959197224,-0.0037581821282704,0.0422746092081069,0.4838657677173614,0.6916952828566233,735,956
-1.171897345634974,12.144323284589763,-1.6627369697500685,-0.0038035660982131,0.0421978235244751,0.4836483498414357,0.6919944286346436,735,956
-1.2228932732515152,12.054584753245663,-1.715365744677858,-0.0038612981637318,0.0420183589061101,0.4834519227345784,0.6919777691364288,735,956
-1.2642476575466617,11.937656341639322,-1.743825974815838,-0.0039432495832443,0.0418606773018837,0.4832785626252492,0.6918622155984242,735,956
-1.2597130869980204,11.865279986548014,-1.7656259119730908,-0.0039594521125157,0.0416410441199938,0.4831646730502446,0.6915562649567921,735,956
-1.220102806889768,11.870582590895497,-1.805214561372923,-0.0039574156204859,0.0414427667856216,0.4831016659736633,0.6913069784641266,735,956
-1.1832084661136744,11.893614795203453,-1.8385620424764424,-0.0039549767971038,0.0412612209717432,0.4830669263998667,0.6910876035690308,735,956
-1.143645820378295,11.956257842304089,-1.8737275587448077,-0.0039363180597623,0.0412175531188646,0.4830555866161982,0.6910833815733591,735,956
-1.109796436962023,12.012848754257488,-1.9027379070089163,-0.003915379444758,0.0411993091305096,0.4830360462268193,0.6911539733409882,735,956
-1.0858999816554027,12.061466167572608,-1.92891385376794,-0.0039009302854537,0.041239246726036,0.4830137193202972,0.6912352244059244,735,956
-1.0705857475297536,12.080413085202409,-1.954964160470696,-0.003864732881387,0.0411885480086008,0.4829899221658706,0.6911547183990479,735,956
-1.0670527780042298,12.064716343294949,-1.9723097536564025,-0.003804825246334,0.0411494771639506,0.4829713851213455,0.6910195748011271,735,956
-1.0667635069259522,12.016085280099215,-1.980885926096992,-0.0037382195393244,0.0410985176761945,0.4829553614060083,0.6908574004968007,735,956
-1.0396105781706244,11.998842145256752,-1.9581221439220928,-0.0036047026515007,0.0410846372445424,0.4829766949017842,0.6908027430375416,735,956
-1.0092271846187788,11.990931053962,-1.88191064267426,-0.0033011411627133,0.0410145670175552,0.4829897036155064,0.6907271047433217,735,956
-0.9645488590362076,11.97426653383086,-1.857953290610021,-0.0027766525745391,0.0409362514813741,0.4829626530408859,0.6906413733959198,735,956
-0.949142199999103,11.90730702018762,-1.8330388177669503,-0.0023892919222513,0.040792408088843,0.4828737725814183,0.6905437608559926,735,956
-0.9060556679804416,11.862892363148958,-1.825373189790176,-0.0019544760386149,0.0407816792527834,0.4828082720438639,0.6904790004094441,735,956
-0.8458930207534083,11.839810345612882,-1.79349132022206,-0.0015959267814954,0.0408963039517402,0.4826913078625997,0.6904373069604237,735,956
-0.7843098453500972,11.824970200957337,-1.7514885301877623,-0.001346044242382,0.0410420596599578,0.4825668434302012,0.6903964082400004,735,956
-0.7277248305169368,11.797534563536695,-1.729815779269721,-0.0012314841151237,0.0412163585424423,0.4823316385348637,0.690371036529541,735,956
-0.7419247108738152,11.725124269067454,-1.7423221450539712,-0.0014334594209988,0.0412456591924031,0.4817526986201604,0.690086305141449,735,956
-0.772703314250984,11.636979456841152,-1.7763577067817602,-0.0016584048668543,0.0411311065157254,0.4811360289653142,0.6896660725275675,735,956
-0.8176565717216498,11.56532734215693,-1.8745553651443496,-0.0019257018963495,0.0409520889321963,0.4805659999450047,0.689221163590749,735,956
-0.8602483297342428,11.543486636140482,-2.127062268803426,-0.0022733484705289,0.040905346473058,0.4800040622552236,0.688899040222168,735,956
-0.94502442486286,11.524630601253133,-2.3603193718267197,-0.0028224239746729,0.0407977377374966,0.4793970237175623,0.6885522504647572,735,956
-1.0485000066458758,11.475328378044637,-2.5318801796504724,-0.0033504739403724,0.0406013031800587,0.4788356125354767,0.6881468296051025,735,956
-1.1271481521543665,11.476502858933117,-2.573482222335206,-0.003690555691719,0.0405890569090843,0.4784561643997828,0.6877765655517578,735,956
-1.173041948410294,11.474037772274514,-2.5510481951641246,-0.0038592567046483,0.0406166662772496,0.4782138367493947,0.6874004205067952,735,956
-1.2020336529333715,11.490717595844371,-2.540849253107055,-0.0040043368935585,0.0408153111735979,0.4780085235834121,0.6870283285776774,735,956
-1.2293625614260284,11.42618185929504,-2.5386267581109885,-0.0041645218928654,0.040730374554793,0.4777911901473999,0.6862596670786539,735,956
-1.258122793897364,11.32868629298746,-2.527711557612658,-0.0043106252948443,0.040491243203481,0.477602461973826,0.6854068040847778,735,956
-1.2602081833215015,11.23889057556563,-2.5313778135002982,-0.0044120450814565,0.0403036798040072,0.4774661312500635,0.6846304933230082,735,956
-1.2380710189146704,11.164568217872594,-2.51934180017121,-0.0044508452216784,0.0398821433385213,0.4773864050706227,0.6837981243928273,735,956
-1.2085976756150187,11.111532247678172,-2.5052723339555847,-0.0044341286023457,0.0395856450001398,0.4773529668649037,0.6832184195518494,735,956
-1.2077049523087584,11.001588797756485,-2.503340441120765,-0.0044145186742146,0.0393637344241142,0.4773450394471486,0.6826893190542856,735,956
-1.2219792198497246,10.91281891695669,-2.4734383556158135,-0.0043988650043805,0.0392773499091466,0.4773483077685038,0.6822440723578135,735,956
-1.2398625570058344,10.8759410240987,-2.4357095444974193,-0.0043986613551775,0.0392417485515276,0.4773478706677754,0.6819263299306233,735,956
-1.2287958843595832,10.844477498905851,-2.402353402163137,-0.0043894425034523,0.0393292680382728,0.4773621608813603,0.6817732055981953,735,956
-1.2226395212846004,10.837701210578846,-2.3874818485388487,-0.0044100930293401,0.0394414414962132,0.477380762497584,0.6816695729891459,735,956
-1.2184475329201487,10.840548973427197,-2.38919667513007,-0.0044365276892979,0.0395304188132286,0.4773961653312047,0.6815915505091349,735,956
-1.2397604831440694,10.797944893752232,-2.3830295500728296,-0.0045478120446205,0.039487101137638,0.477413922548294,0.6812734305858612,735,956
-1.269029702570892,10.706745864745695,-2.347097008751387,-0.0047044157981872,0.0392830620209376,0.4774253418048222,0.6807168821493784,735,956
-1.2891421399996896,10.624170087695308,-2.302393109891022,-0.0048542991280555,0.0390832647681236,0.4774435361226399,0.680236925681432,735,956
-1.337068535635232,10.562970843594496,-2.270193040806915,-0.0050829350948333,0.0390229175488154,0.4774944732586542,0.6798852781454722,735,956
-1.3716520911359673,10.49725151596289,-2.2531737799439844,-0.0051260938247044,0.0391166061162948,0.4778643747170766,0.6794885794321696,735,956
-1.383982351739617,10.419005977083252,-2.249763656060213,-0.0051187202334403,0.0391945441563924,0.4782931903998056,0.6790686349074045,735,956
-1.3457356337846746,10.294998607066836,-2.268637555358877,-0.0047820483644803,0.0392510493596394,0.4790195624033609,0.6784333686033884,735,956
-1.3222438419476417,10.071509003586076,-2.2834039031537188,-0.0044611121217409,0.0386057645082473,0.4797539909680684,0.6771486004193623,735,956
-1.2999610363610414,9.851603491750408,-2.2787602923128265,-0.0042252987623214,0.0378671710689862,0.4803207168976465,0.67595903078715,735,956
-1.3169218990474438,9.710463712632784,-2.2066408853319985,-0.004188468058904,0.0373726685841878,0.480608120560646,0.6750144263108571,735,956
-1.3392994093956672,9.60352054430096,-2.056921828170479,-0.0041498218973477,0.0371251652638117,0.4808097382386525,0.674028734366099,735,956
-1.3514878691069443,9.522302762948554,-1.941553734717897,-0.0041439980268478,0.0370279277364412,0.4809580941994985,0.6732384860515594,735,956
-1.3233281533793553,9.314602564635598,-1.9063951085539437,-0.0041866178313891,0.0366636961698532,0.4810802191495895,0.672124703725179,735,956
-1.2634800460561235,9.065198962171532,-1.903929306409497,-0.0042056317130724,0.0364017362395922,0.4813042332728703,0.6710378229618073,735,956
-1.2039976398569172,8.870465661196874,-1.901511163715074,-0.0041865383585294,0.0362839251756668,0.4815492928028106,0.6701861023902893,735,956
-1.159964749844093,8.745552191997568,-1.8808724871583755,-0.0042095159490903,0.0362316593527793,0.4817313800255457,0.6695779959360758,735,956
-1.1497311880491083,8.70642936042086,-1.8430697280553496,-0.0043440361817677,0.0362452566623687,0.4818203846613565,0.6691583295663197,735,956
-1.146287035078536,8.720801163987993,-1.8109381132173972,-0.0044716273744901,0.0363087678949038,0.4818799545367558,0.6689184506734211,735,956
-1.158539377246797,8.760850120559422,-1.789292410750129,-0.004619133969148,0.036340723435084,0.4818887760241826,0.6687451501687367,735,956
-1.1784446020517048,8.795168628736166,-1.766651823296559,-0.0047346005837122,0.036365861694018,0.4818801085154215,0.668561299641927,735,956
-1.196567120149075,8.828060612565395,-1.745616084095511,-0.0048162564635276,0.0363949264089266,0.4818748186031977,0.668400506178538,735,956
-16.048514104181653,1.4746320625405729,-1.4003278248044122,-0.0512277806798617,0.0202670147021611,0.4290394335985183,0.6342221200466156,0,478
-25.52068262029344,-3.587990807531577,-1.08562803438618,-0.0800041009982426,0.0107473631699879,0.3940925548473993,0.6114003360271454,0,478
-30.033906578583036,-6.1893250138076485,-0.9381234248948302,-0.0932278608282407,0.0065173308054606,0.3766010602315267,0.5998114943504333,0,478
-29.67747895100057,-6.310388230130651,-0.9281318007867316,-0.0914918854832649,0.0072313199440638,0.3767084628343582,0.5994650820891062,0,478
-29.49329210434314,-6.3369418266992845,-0.9663046350948052,-0.0907054170966148,0.0074096197883288,0.3766955484946568,0.5992741386095682,0,478
-29.35267617959415,-6.375471575400648,-0.9806586379068508,-0.0901673560341199,0.0073658476273218,0.3767737249533335,0.5990841786066691,0,478
-29.272492883330937,-6.385147767477912,-0.9805755408195234,-0.0899478842814763,0.0074789946277936,0.3767445137103398,0.5990694264570872,0,478
-29.22107700666453,-6.35642226295752,-0.9695385432312348,-0.0898482079307238,0.0077603658040364,0.3768125077088674,0.599214603503545,0,478
-29.22097310844357,-6.250520188366547,-0.96384542424385,-0.0898064176241556,0.0078427195549011,0.3771265894174576,0.5992486079533894,0,478
-29.22935674246007,-6.155349011180366,-0.9711013358536738,-0.0897195935249328,0.0079201584060986,0.377508540948232,0.599310686190923,0,478
-29.22244595650931,-6.095540086137323,-0.9873074531813568,-0.0896082445979118,0.0077371845642725,0.3778760234514872,0.5991728802522023,0,478
-29.1945229432532,-6.072109999280345,-0.998738954238258,-0.0895029554764429,0.0075899685422579,0.3781692634026209,0.5990385909875233,0,478
-29.1597581418794,-6.060295553135944,-1.0096963471922975,-0.0894155949354171,0.0075652847687403,0.3784097135066986,0.5989684462547302,0,478
-29.12648507059465,-6.044580981522833,-1.0275609258646956,-0.0893347635865211,0.0076495632529258,0.3785943190256754,0.5989815294742584,0,478
-29.11697030761968,-6.042551279117307,-1.038182481007486,-0.0893490314483642,0.0077670117219289,0.3786917924880981,0.599064956108729,0,478
-29.10757808015781,-6.024383038252664,-1.0567772106604636,-0.089378165702025,0.0078810155391693,0.3787678231795628,0.5991259415944417,0,478
-29.093683028549016,-5.9965434360212395,-1.0869872186017786,-0.0894379466772079,0.0078818996747334,0.3788343022267023,0.5991248985131581,0,478
-29.07666236970068,-5.939497675509712,-1.116082130758728,-0.0894545937577883,0.0078599080443382,0.3788903504610061,0.5991321603457133,0,478
-29.05244141900168,-5.877782271239948,-1.134820304789197,-0.0895135526855786,0.0077680150667826,0.3789233565330505,0.5991331835587819,0,478
-29.03405936987343,-5.833966836748125,-1.145620834776043,-0.0895470653971036,0.0076917136708895,0.3789445757865906,0.5991436839103699,0,478
-28.999252338693093,-5.7736901141435775,-1.177100935361103,-0.0896751210093498,0.0075217559933662,0.3789573609828949,0.5991488099098206,0,478
-28.97822408362055,-5.6933365872674395,-1.2258690781444608,-0.0898760929703712,0.0073106040557225,0.3789858371019363,0.5991845726966858,0,478
-28.96998773947921,-5.597671109552571,-1.2826812491437862,-0.090120588739713,0.0070688451329867,0.3790264179309209,0.5992432137330372,0,478
-28.975173497421913,-5.516244311017086,-1.341583550976765,-0.0902771800756454,0.0069007600347201,0.3790995875994364,0.5993023812770844,0,478
-28.99632411377104,-5.465286343171032,-1.3942175402028645,-0.0904681086540222,0.006822350124518,0.3791429102420807,0.5993393560250599,0,478
-29.013237473077083,-5.439590733768812,-1.434216598198627,-0.0906289319197336,0.0068018486102422,0.3791686693827311,0.5993627607822418,0,478
-29.00219688150635,-5.439428682555169,-1.457332177474476,-0.0907060032089551,0.006794328490893,0.3791874398787816,0.5993676284948984,0,478
-28.925119119710935,-5.485055370491388,-1.4784179308464662,-0.0904486750562985,0.0068186322848002,0.3792647471030553,0.5993562042713165,0,478
-28.814217476267338,-5.53269765914345,-1.4989899676069045,-0.0899800360202789,0.006852184732755,0.3794300258159637,0.5992857118447621,0,478
-28.680515371164603,-5.637561069112015,-1.4920829414715726,-0.0894040043155352,0.0069763163725535,0.3795388688643773,0.5992433130741119,0,478
-28.49217301509173,-5.621077287716085,-1.4892744937025029,-0.08889968196551,0.0070888474583625,0.3796341965595881,0.5992173850536346,0,478
-28.355797967306508,-5.590946613293518,-1.4773715197155086,-0.0886201014121373,0.0071572363376617,0.3796967764695485,0.5992135405540466,0,478
-28.280579340192276,-5.57730078659082,-1.4706609553721737,-0.0884958505630493,0.0071671282251675,0.3797403077284494,0.5992001891136169,0,478
-28.260845038728696,-5.592056110784193,-1.4617189443020633,-0.0884575918316841,0.0071655809879302,0.379757821559906,0.5991840263207753,0,478
-28.25617831835161,-5.59652273405009,-1.4398702258293796,-0.088441510995229,0.007156694928805,0.3797650039196014,0.599175860484441,0,478
-28.255748951003177,-5.580223842783812,-1.4133341026247006,-0.088441881040732,0.0071411430835723,0.3797711879014969,0.5991688172022501,0,478
-28.256718235087156,-5.555544087754022,-1.3901633263817197,-0.0884468505779902,0.0071022485693295,0.3797762195269266,0.5991690258185068,0,478
-28.25513272352918,-5.550607666954253,-1.3696835620241643,-0.0884502977132797,0.0070797900358835,0.3797805160284042,0.5992018083731333,0,478
-28.251239616043815,-5.560431066169928,-1.3554313814027736,-0.0884401723742485,0.007071187098821,0.379780113697052,0.599251647790273,0,478
-28.239096405801753,-5.565382772271221,-1.3539510950188256,-0.0883610546588897,0.0070708195368448,0.3798335045576095,0.599335898955663,0,478
-28.214295334071604,-5.543479923719933,-1.3637948520347267,-0.0882420862714449,0.0070801824331283,0.3799246152242024,0.5994643072287241,0,478
-28.181062916072833,-5.506485740817839,-1.377461425124128,-0.0881264607111612,0.0070865328113238,0.380024363597234,0.5996006627877553,0,478
-28.15527113731857,-5.459312090513892,-1.3934658089388918,-0.0880730003118515,0.0071173980832099,0.3800835857788721,0.5997652411460876,0,478
-28.12188313024891,-5.418837511827471,-1.407198585554644,-0.0880414868394533,0.0071200852592786,0.3801169196764627,0.5998857319355011,0,478
-28.082247376702377,-5.381837854239091,-1.416952987744811,-0.0880148361126581,0.0071116313338279,0.3801424652338028,0.5999681750933329,0,478
-28.041380001950102,-5.336320954244815,-1.432408995994134,-0.08801847944657,0.0070205355683962,0.3801599442958832,0.6000615855058034,0,478
-28.019479765091745,-5.29826645529205,-1.4557433667220707,-0.0880163758993148,0.0068947672843933,0.3801648120085398,0.6001906295617421,0,478
-27.99910443297564,-5.277320748586756,-1.489208229185094,-0.0879848599433898,0.0067018369833628,0.3801657309134801,0.6002777616182963,0,478
-27.968919284735005,-5.27868561672404,-1.534166707714339,-0.087902379532655,0.0064705436428387,0.3801661729812622,0.6003227631251017,0,478
-27.867000110313494,-5.27953518365363,-1.5971772126916206,-0.0877249737580617,0.0062455708781878,0.3801850825548172,0.6003338595231373,0,478
-27.72772184046132,-5.263828046799967,-1.667543804443045,-0.0875077818830808,0.0060748209555943,0.3802173237005869,0.6003391643365223,0,478
-27.59799102805338,-5.2260464127432416,-1.7323858038881648,-0.0873056352138519,0.0059830794731775,0.3802364617586136,0.600343237320582,0,478
-27.519822433188914,-5.188528648997691,-1.7825504171204662,-0.0871550912658373,0.0059394439061482,0.3802404602368672,0.6003457605838776,0,478
-27.476422548986548,-5.171862326400378,-1.8087899141786703,-0.0870647231737772,0.0059482852617899,0.3802340030670166,0.6003460784753163,0,478
-27.450950528014467,-5.16572138713879,-1.799270539440605,-0.0869366849462191,0.006027248998483,0.3802039970954259,0.6003459592660267,0,478
-27.42036990313681,-5.149438885186516,-1.7775944328919686,-0.0867951835195223,0.0061941271026929,0.3801803638537724,0.6003794074058533,0,478
-27.403153688368,-5.124695526003324,-1.7544780103993851,-0.0867029651999473,0.0064006671309471,0.3801662673552831,0.6004416247208912,0,478
-27.396877757189262,-5.107123038077464,-1.733360885876666,-0.0866837302843729,0.0065378745396931,0.3801442235708236,0.6004919906457264,0,478
-27.39327264363783,-5.101220954318948,-1.71885507405357,-0.0866947670777638,0.006630390882492,0.3801294863224029,0.6005343596140543,0,478
-27.39025052718653,-5.096014670739173,-1.715314450022634,-0.086706352730592,0.0067185337344805,0.3801210522651672,0.6006022393703461,0,478
-27.388186281990073,-5.088974456123501,-1.7130343132680688,-0.0867239634195963,0.0067743559678395,0.3801060517628987,0.6006567180156708,0,478
-27.389927138527625,-5.086621208529516,-1.7097782586031145,-0.0867516969641049,0.0067896122733751,0.3800912251075108,0.600677986939748,0,478
-27.395554834683395,-5.087353987308481,-1.7051777343288643,-0.0867711429794629,0.006781131029129,0.3800723801056543,0.6006727814674377,0,478
-27.40127000298385,-5.087394534307341,-1.7058896256806184,-0.0867627585927645,0.0067906553546587,0.3800632605950037,0.600660502910614,0,478
-27.390582612668737,-5.06755368007741,-1.711632033901401,-0.0867338130871454,0.0068013792236646,0.3800671150286992,0.6006565690040588,0,478
-27.371715697166152,-5.042052231892587,-1.719646711674952,-0.0866887147227923,0.0068058694402376,0.3800821999708811,0.6006531417369843,0,478
-27.334268855138905,-5.053643099626323,-1.7258611429579291,-0.0866226404905319,0.0067059745391209,0.3801148533821106,0.6005778114000956,0,478
-14.81171207224104,-8.291280193430183,-0.0229846541036372,-0.0456107954184214,-0.0012104883790016,0.4345142940680185,0.5735260049502054,735,0
-6.769515231867909,-10.43585154571116,1.0338386343180956,-0.020027553041776,-0.0056604171792666,0.4703906675179799,0.5543124477068583,735,0
-2.8745323363091533,-11.48845234085102,1.4971882559334482,-0.007959375778834,-0.0076926549275716,0.4881930947303772,0.5441632767518361,735,0
-3.093463585200418,-11.452373400017006,1.4585153349511912,-0.0091340790192286,-0.0072425777713457,0.4877657443284988,0.5433439711729685,735,0
-3.2277163148733634,-11.414999666866482,1.4872895919558986,-0.0097935423254966,-0.0069287394483884,0.4871680587530136,0.5431734522183735,735,0
-3.337030874323903,-11.398500278981768,1.5236322009721546,-0.0102267240484555,-0.0067202101151148,0.4866525133450826,0.5430614352226257,735,0
-3.40775810776288,-11.393904477736532,1.5627789892496242,-0.0105733300248781,-0.0065940096974372,0.4860702256361643,0.5430103441079457,735,0
-3.4175727126318436,-11.472897581448604,1.5571969497875284,-0.0109370599190394,-0.006823385755221,0.4854688197374344,0.5427121718724568,735,0
-3.421487158596547,-11.54732325588663,1.5245086491000304,-0.0110952332615852,-0.0070540085434913,0.4849313745896021,0.5424816310405731,735,0
-3.4459400355086145,-11.583048811851516,1.4865988948668116,-0.0110570862889289,-0.0071945860981941,0.4845396727323532,0.5423393348852793,735,0
-3.5625846112190307,-11.710481659296535,1.45743000118379,-0.0113268742958704,-0.007433700064818,0.4838814338048299,0.5420804421106974,735,0
-3.685375485698001,-11.872178261725196,1.4069947640065117,-0.0116910636425018,-0.0076024383306503,0.4830663452545801,0.5419509212176005,735,0
-3.785186275715689,-11.997027000119246,1.3659711077917187,-0.0120522305369377,-0.0076179405053456,0.482290431857109,0.5419154564539591,735,0
-3.842720606406176,-12.029615079413876,1.3044724227880988,-0.0123059501250584,-0.0075690199931462,0.4816113859415054,0.5420291821161906,735,0
-3.906332937699296,-12.014490624980052,1.2490499313953594,-0.0127877543369928,-0.0075501203536987,0.4808160463968912,0.5421564777692158,735,0
-3.978547668184825,-11.975492397631967,1.2061053361795786,-0.0133200039466222,-0.0075596322615941,0.4800910303990046,0.5422744552294413,735,0
-4.014486654546422,-11.949078713716258,1.1679885678489152,-0.0135760580499966,-0.0075579658150672,0.4796389589707056,0.5423742234706879,735,0
-4.022191114385641,-11.91925435714855,1.1234312829365432,-0.0136081178983052,-0.007566399872303,0.4793873528639475,0.5424270729223887,735,0
-4.019053675121726,-11.899100575360356,1.084375945295108,-0.0135659674803415,-0.007557342449824,0.4792093634605407,0.5424772997697194,735,0
-4.011275672878758,-11.873836299742145,1.0409922691444442,-0.0134504735469818,-0.0074592381715774,0.4791220625241597,0.5426800847053528,735,0
-4.002903185740392,-11.855464155286036,1.013225528205634,-0.0133414367834726,-0.0073197782039642,0.479079579313596,0.5429371992746989,735,0
-3.988211506560041,-11.825666432321704,1.0016425891549574,-0.0132004072268803,-0.0071731433272361,0.4790862699349721,0.5432796875635783,735,0
-3.985887458263651,-11.792096956825407,1.0028077417872872,-0.0131309702992439,-0.0070890535910924,0.4790640125672022,0.5435480276743571,735,0
-3.979473714334936,-11.75652974756692,1.012667967361864,-0.0130666916569073,-0.0070382853349049,0.4790627211332321,0.5438294013341267,735,0
-3.987020367826677,-11.724114101236433,1.0072067450823528,-0.0129979600509007,-0.0070225795110066,0.4790693819522857,0.5440117220083872,735,0
-3.9975866255609063,-11.693307175470474,0.9929344367899916,-0.0129327227671941,-0.006993368268013,0.4790862450997034,0.5441846748193104,735,0
-4.091147864736535,-11.931855128890504,0.9443639530069504,-0.0128858089447021,-0.007141388952732,0.4790999044974645,0.5443069140116373,735,0
-4.1359323025202155,-12.250816227456156,0.8949054711494561,-0.0128261670470237,-0.0070900643865267,0.4791434953610102,0.5450740456581116,735,0
-4.159459577627398,-12.439743242159144,0.8655894900545911,-0.0127826035022735,-0.0066902165611584,0.4791825662056604,0.5461970865726471,735,0
-4.16446595608728,-12.463866042475995,0.8831649040092102,-0.0127615084250768,-0.006175381441911,0.479206974307696,0.5472840865453084,735,0
-4.172731328516278,-12.43844794368204,0.913200812143746,-0.0127588113149007,-0.0058545346061388,0.4792137245337168,0.5479088723659515,735,0
-4.185904818160274,-12.431638387349665,0.94599745352817,-0.0127723266681035,-0.0056932071844736,0.4792033284902572,0.5482281744480133,735,0
-4.207371452411844,-12.416025601089853,0.9566681579167938,-0.0128091896573702,-0.0057126382986704,0.4791609694560368,0.5482728580633799,735,0
-4.247396944287633,-12.406413713837711,0.9665999951873148,-0.0129371260603268,-0.0058286413550376,0.4790314932664235,0.5482145150502522,735,0
-4.300130440734113,-12.392353705993608,0.9716240913204316,-0.0130834802985191,-0.0059693480531374,0.4788803209861119,0.5481272637844086,735,0
-4.324664069065012,-12.349405091223986,0.9766371014659484,-0.0132007921735445,-0.0060576349496841,0.4787286072969436,0.5481037000815073,735,0
-4.303070800483007,-12.280222192337536,0.971611229855377,-0.0131934061646461,-0.0060818791389465,0.4786400943994522,0.5481571952501932,735,0
-4.250942523048282,-12.187466709402578,0.9639027403324316,-0.0131060853600502,-0.0060961643854777,0.4786013265450795,0.5482229888439178,735,0
-4.204242422409928,-12.093966589304191,0.9549454734299644,-0.013017788529396,-0.0061912188927332,0.4785593996445337,0.5482778251171112,735,0
-4.160778197493955,-11.960621905149702,0.9229426508069656,-0.0129323924581209,-0.0063487018148104,0.4785059789816538,0.5483039021492004,735,0
-4.136324998839116,-11.830894612555834,0.8847193571178652,-0.0128852849205334,-0.0065019701917966,0.478429451584816,0.5483039915561676,735,0
-4.129544627439788,-11.696459206445429,0.84516506348342,-0.0128919581572214,-0.0066311707099278,0.4783210406700769,0.5483105381329854,735,0
-4.126517577737326,-11.540961050741666,0.8211148851030572,-0.0129164556662241,-0.0066785539189974,0.4782039721806844,0.5483660399913788,735,0
-4.120844679509777,-11.391573679013405,0.8122178155007878,-0.0129394034544626,-0.0066985959808031,0.4780992021163304,0.5484351913134257,735,0
-4.124449543083017,-11.294615509054475,0.801744571114531,-0.0129717712601025,-0.0067032277584075,0.4780020415782928,0.5484878718852997,735,0
-4.16609753504768,-11.212980034302747,0.7879632834729411,-0.0130824794371922,-0.0066684360305468,0.4778416951497395,0.5485116640726725,735,0
-4.224343939787538,-11.162133690513558,0.7771114214612446,-0.0132263874014218,-0.0064961363871892,0.4776460379362106,0.5485268235206604,735,0
-4.265600644985119,-11.096597772887815,0.7653188651449412,-0.0132795572280883,-0.0063338701923688,0.4775361915429433,0.5485590000947316,735,0
-4.251330023557085,-10.889705220221217,0.752947356692399,-0.0132659748196601,-0.005963126818339,0.4775012532869974,0.5489970445632935,735,0
-4.23068973765108,-10.63773307388874,0.7510002480744828,-0.0132619142532348,-0.0055843989054361,0.4774810522794723,0.5495173931121826,735,0
-4.18642442041366,-10.451073137179392,0.7586658331155733,-0.0132356335719426,-0.0052866737047831,0.4774698168039322,0.5500529905160267,735,0
-4.135820380267138,-10.336263521149768,0.7721118831566596,-0.0131866708397865,-0.0052664031585057,0.4774668663740158,0.5504635175069172,735,0
-4.09132517831606,-10.259822844538096,0.7782703466581218,-0.0131406212846438,-0.0053772951165835,0.4774665385484695,0.5508592128753662,735,0
-4.052791352691802,-10.20251898735562,0.7778474116891361,-0.0130817964673042,-0.005455565949281,0.4774707704782486,0.5511952638626099,735,0
-4.024254598776109,-10.135253045170025,0.7718298939866999,-0.013030839463075,-0.0054804980754852,0.4774751663208008,0.5515033006668091,735,0
-4.003767494927736,-10.064221080572192,0.7635070890688175,-0.0129920989274978,-0.005419743557771,0.4774794777234395,0.5517692863941193,735,0
-3.9920769337840936,-9.985237186704255,0.752435060710516,-0.0129588445027669,-0.0053693999846776,0.4774824778238932,0.5519698957602183,735,0
-3.982738621574755,-9.930041046978836,0.7290943657366015,-0.0128943522771199,-0.0053305178880691,0.4775203317403793,0.5521207054456074,735,0
-3.9783789952356905,-9.898537959604612,0.7051899488735431,-0.0128206436832745,-0.0053209116061528,0.4775771101315816,0.5522328317165375,735,0
-4.000765202011245,-9.857764520769564,0.6696062803701839,-0.0127828667561213,-0.0053140943249066,0.477613240480423,0.5523305535316467,735,0
-4.031180442441896,-9.823198185660171,0.632964834136891,-0.0127904439965883,-0.0052547032634417,0.4776267806688944,0.5524914065996805,735,0
-4.06757809399077,-9.78562032680672,0.5995232929126102,-0.0128200054168701,-0.0051692153016726,0.4776267458995183,0.552664190530777,735,0
-4.095641794854631,-9.769790446941792,0.5627920639203016,-0.0128603875637054,-0.0050971309343973,0.4776255190372467,0.5528195897738138,735,0
-4.123615584281703,-9.757819646722796,0.5285704671232521,-0.0129213482141494,-0.0050758272409439,0.4776245355606079,0.5529520412286122,735,0
-4.156340778012784,-9.740277493002264,0.4955170393439879,-0.0129958341519037,-0.0050728892286618,0.477624570329984,0.5530592004458109,735,0
-4.182287847856797,-9.692946709417471,0.4676099790486755,-0.0130575249592463,-0.0050914610425631,0.4776250869035721,0.553201417128245,735,0
-4.201350486021571,-9.651005130121382,0.442004326601874,-0.0131149018804232,-0.0051110337177912,0.4776253054539362,0.553370436032613,735,0
3.724375701455725,-7.039168840297528,0.2703197153351975,0.0122083028157552,0.0036072457830111,0.5103584925333658,0.5712725520133972,1102,238
8.925627905414153,-5.446666510074343,0.0997331754407512,0.0290699924031893,0.0089043453335762,0.5322737097740173,0.5832004646460215,1102,238
11.440550117315974,-4.783391055967664,-0.0689148151217502,0.0372839843233426,0.0110536441206932,0.5430756509304047,0.5889225403467814,1102,238
11.313973397649717,-4.966485368576073,-0.1933249924162584,0.0368020062645276,0.0103481312592824,0.5426367223262787,0.5886018673578898,1102,238
11.223193422891676,-5.083375082889344,-0.2855254593391021,0.0363609914978345,0.0098596811294555,0.5421747267246246,0.5882877508799235,1102,238
11.14449420653781,-5.143935186997539,-0.3318253311987593,0.0359447499116261,0.0095400015513102,0.5417138238747914,0.5880619287490845,1102,238
11.033578848438118,-5.122656944279992,-0.3524032618140995,0.0355999891956647,0.0093358034888903,0.541324645280838,0.5879005988438923,1102,238
10.906609612626363,-5.060167999893364,-0.3536643239530059,0.0353244220217068,0.0091993113358815,0.5409767329692841,0.5878014465173085,1102,238
10.790684302873704,-4.995438833842556,-0.349373214772641,0.0351305827498436,0.0090984726945559,0.5407073696454365,0.5877358019351959,1102,238
10.680269555944111,-4.931527655027233,-0.3384317206966563,0.035059409836928,0.0090675577521324,0.5405700107415516,0.5876784523328145,1102,238
10.58337555128909,-4.87589254733949,-0.3269184386256595,0.0350374728441238,0.0090916727979977,0.5405046145121256,0.5876385768254597,1102,238
10.484608413228155,-4.840090433235716,-0.3169034003479215,0.0348785296082496,0.0091153308749198,0.5403055648008982,0.5875635544459025,1102,238
10.36025829619032,-4.848463266147023,-0.3204441837599118,0.0345273589094479,0.0091706638534863,0.5398707886536915,0.5874582628409067,1102,238
10.253898990455664,-4.91569221657654,-0.3440347599292175,0.0342629998922348,0.0089556549986203,0.539491593837738,0.5870634615421295,1102,238
10.168303923947327,-4.996070940165111,-0.3735913336314873,0.0340894336501757,0.0086645831664403,0.5392070412635803,0.5866184532642365,1102,238
10.107410463407922,-5.074589853442179,-0.4093327680988939,0.0339709917704264,0.0083345671494801,0.5389782389005024,0.5861696700255076,1102,238
10.037008076808926,-5.127217024196701,-0.4526107204780297,0.0337743833661079,0.0081756114959716,0.5386715233325958,0.5858660042285919,1102,238
9.969399293864209,-5.16507536700768,-0.4944878378671891,0.0335781425237655,0.0080864056944847,0.5383755366007487,0.5856586794058481,1102,238
9.876142170344549,-5.187758219561627,-0.5318086577617824,0.0333507880568504,0.0079540163278579,0.5380697151025136,0.585455040136973,1102,238
9.77691682700235,-5.199319289793211,-0.5629468194576859,0.0331312517325083,0.0077491874496142,0.5377781887849171,0.5852194229761759,1102,238
9.692227790456696,-5.2038729487486695,-0.5878660716213728,0.0329552466670672,0.0075366149346033,0.5375385383764902,0.5849885543187459,1102,238
9.61431718156789,-5.205738701975925,-0.5974036984202183,0.0327596763769785,0.007372590402762,0.5372890333334605,0.5848097006479899,1102,238
9.541580543132785,-5.177678868914218,-0.5873315035031254,0.0325771048665046,0.0072864890098571,0.5370755791664124,0.5846829911073048,1102,238
9.475589713056197,-5.1464060939219785,-0.5736381789545897,0.032418539126714,0.0072273736198743,0.5368973116079966,0.5845783948898315,1102,238
9.388284232190884,-5.1433630438216955,-0.5469066406026707,0.0322066793839136,0.0072341784834861,0.5366755624612172,0.5844418903191884,1102,238
9.211969692806203,-5.231301558879023,-0.499937596424833,0.0317296708623568,0.0072997038563092,0.5361906985441843,0.5842725535233815,1102,238
9.027066734643023,-5.332657973277827,-0.4451946869897498,0.0312313586473464,0.0073754489421844,0.5356862246990204,0.5841138660907745,1102,238
8.85419492533142,-5.415630288353725,-0.4248922247275408,0.0306833957632382,0.0073410073916117,0.5350862940152485,0.5838574071725209,1102,238
8.749220636754393,-5.477669839729268,-0.4471145601879701,0.0303611730535825,0.007214568555355,0.5346130132675171,0.5834470589955647,1102,238
8.695334665399061,-5.524933902349384,-0.4781717039157829,0.0301857565840085,0.0071255018313725,0.5342715084552765,0.5830994049708048,1102,238
8.64979992356404,-5.599005237539006,-0.514634873037008,0.0300002172589302,0.0071044936776161,0.5339319507280985,0.5827588935693104,1102,238
8.587145298015358,-5.681661931474904,-0.5472679070382609,0.0297320410609245,0.0071348821123441,0.5335396329561869,0.5824780960877736,1102,238
8.50206512295576,-5.767518679299332,-0.5583625188890109,0.0293794448177019,0.0070271988709767,0.5330596069494883,0.582130750020345,1102,238
8.441531583213585,-5.8307251483423865,-0.5579597474443103,0.0291464204589525,0.0068740273515383,0.5327001313368479,0.5818101465702057,1102,238
8.387641237488197,-5.885851525334468,-0.5504053171776,0.0289643357197443,0.0067351460456848,0.5324055552482605,0.5815939803918202,1102,238
8.368593225770827,-5.90947305281184,-0.541168463440417,0.0289122611284255,0.0066519180933634,0.53220201532046,0.5814890762170155,1102,238
8.368137938151664,-5.9145098714582085,-0.5317546572231646,0.0289298718174298,0.0066062783201535,0.5320710043112437,0.5814513365427653,1102,238
8.38433165728804,-5.9059578923687965,-0.5336683836380095,0.0290470346808433,0.006567858159542,0.5319958031177521,0.5814251999060313,1102,238
8.398912634147413,-5.914347898565108,-0.5379909215307983,0.0291725446780522,0.0065385177731513,0.5318306088447571,0.5813907086849213,1102,238
8.410523893562356,-5.92855351905327,-0.5445497548864353,0.0292690992355346,0.0065103198091189,0.5316381355126698,0.5813578466574351,1102,238
8.36816472505067,-5.956187666578545,-0.561072324908066,0.0291617835561434,0.0065128654241561,0.5312217473983765,0.5813426574071248,1102,238
8.311415667658466,-5.968226944723952,-0.5914538866999454,0.0289346898595492,0.0065229634443918,0.5307524005572001,0.5813336273034413,1102,238
8.272863718194078,-5.975052430374854,-0.6199211285840991,0.0287898903091748,0.0065325597922007,0.5304038822650909,0.5813243289788563,1102,238
8.26026815804807,-5.986554507600626,-0.6417058006917994,0.0287333925565083,0.006538654367129,0.5301439265410105,0.581318328777949,1102,238
8.26986527358011,-5.997826240820954,-0.6676202502938308,0.0287744750579198,0.0065353562434514,0.5299307604630787,0.5813154379526774,1102,238
8.28056627594874,-6.009070313493167,-0.6980360939378337,0.0287868479887644,0.0065207853913307,0.5297316908836365,0.5813093582789103,1102,238
8.301307035212357,-6.002086595999964,-0.7284433216112038,0.0288203457991282,0.0064878339568773,0.5295829474925995,0.5813056131203969,1102,238
8.324533200833349,-5.97018092428304,-0.7581802890167273,0.0288686578472455,0.006420483191808,0.529484361410141,0.5813086330890656,1102,238
8.352316649661976,-5.91708190260527,-0.78233910685038,0.0289401958386103,0.0063419565558433,0.529432733853658,0.5813189744949341,1102,238
8.368022445175267,-5.849568105699973,-0.7981376486467446,0.0289831459522247,0.0062573701143264,0.5293926994005839,0.5813346008459727,1102,238
8.336128720768711,-5.785734480460242,-0.8179766936329078,0.0288939997553825,0.006191000342369,0.529243528842926,0.5813441872596741,1102,238
8.296206747332143,-5.737396168522194,-0.8414969588874939,0.0287762333949406,0.0061259418725967,0.5290678044160206,0.5813573797543843,1102,238
8.248027133784829,-5.704418409751863,-0.8596169467072206,0.0285913298527399,0.0060647875070571,0.5288254519303639,0.5813858111699421,1102,238
8.174857007752228,-5.695475903171552,-0.873974400825803,0.0282847434282302,0.0060176278154055,0.5284749567508698,0.5814055800437927,1102,238
8.097539114936712,-5.691941640216523,-0.8856650124332208,0.0279726311564445,0.0059829205274581,0.5281341870625813,0.5814162691434224,1102,238
8.008110806004137,-5.693363076087671,-0.8938112811797173,0.0276848127444585,0.0059663231174151,0.527835210164388,0.5814194480578104,1102,238
7.910415936153621,-5.697271630432001,-0.9008275104719892,0.0273511509100596,0.0059575612346331,0.5274954239527384,0.5814241270224253,1102,238
7.826707956100413,-5.701369952530069,-0.9052954474059416,0.0270720273256301,0.0059497654438018,0.5272117257118225,0.5814281602700551,1102,238
7.758321496955968,-5.7001323107171995,-0.9077900612100642,0.0268114681045214,0.0059505701065063,0.5269303321838379,0.5814314285914103,1102,238
7.683374447492249,-5.721881398990974,-0.9123600186504588,0.0265289147694905,0.0059569552540779,0.5266250868638356,0.5814315875371296,1102,238
7.616104282895978,-5.749164671432281,-0.9159565787043258,0.0262811730305353,0.0059668744603792,0.5263559023539225,0.5814299782117207,1102,238
7.57113396929952,-5.761107938100154,-0.9229753322219604,0.0261245444416999,0.0059956486026446,0.526171068350474,0.5814317762851715,1102,238
7.530435584803888,-5.763958713470218,-0.932548299550236,0.0260233183701833,0.0060442462563514,0.5260320703188578,0.5814359883467356,1102,238
7.490477014918128,-5.760052959230012,-0.941655502415826,0.0259573484460512,0.0061023881038029,0.525927464167277,0.5814406772454579,1102,238
7.448992798309147,-5.765491007084604,-0.954061209154904,0.0259032770991325,0.0061593527595202,0.5258421301841736,0.5814451972643534,1102,238
7.389509123885071,-5.734406680838747,-0.965372199841363,0.0258112003405888,0.0062974865237871,0.5257074236869812,0.5815038879712422,1102,238
7.328351419767151,-5.689727332119571,-0.9736873000263822,0.0257009540994962,0.0064732581377029,0.5255486865838368,0.5816011230150858,1102,238
-3.2167313076012323,-1.607432655214625,-0.88118474914373,-0.0108321507771809,0.0163128425677617,0.4820188383261362,0.6095196704069773,367,717
-10.095092558244293,1.180785143881249,-0.7991999813709507,-0.0343157028158505,0.0222855110963185,0.4531794091065724,0.6280313531557719,367,717
-13.368781661505498,2.482910081493726,-0.7159048043346372,-0.0454421912630399,0.0248728021979331,0.4390089064836502,0.6369851132233937,367,717
-13.184009356890602,2.404952245857511,-0.6841397896296176,-0.044663426776727,0.0243726099530855,0.4392536828915278,0.6365253329277039,367,717
-13.094734719129082,2.334651941329267,-0.6765960443286625,-0.0442556515336036,0.024132028222084,0.4394156982501347,0.6361474792162577,367,717
-13.16782137450092,2.2540646596549005,-0.6883901475764992,-0.0443618819117546,0.0239915649096171,0.4393343975146611,0.6358159780502319,367,717
-13.286813662986283,2.149823060831027,-0.6816891466408418,-0.0446628654996554,0.0239024609327316,0.4391632626454035,0.6355409820874531,367,717
-13.37643468786099,2.0367830892011622,-0.6860320517226401,-0.0448618456721305,0.0239866847793261,0.4391013532876968,0.6353919208049774,367,717
-13.415320766221724,1.9460849358676355,-0.6931714622390319,-0.0449045648177464,0.0241523161530494,0.4391592741012573,0.6353250443935394,367,717
-13.451902079108358,1.7946978282903778,-0.6961421835321071,-0.0449314936995506,0.0242139895757039,0.4392062673966089,0.6351735095183054,367,717
-13.468098938998324,1.635700065349614,-0.6751340533722039,-0.0450085178017616,0.0240678166349728,0.4391673853000005,0.6347379386425018,367,717
-13.477331432245643,1.4939574127924111,-0.6556503409688588,-0.0450829267501831,0.0238138412435849,0.4391046365102132,0.6341949105262756,367,717
-13.477245011524907,1.390621105391968,-0.6567700876494441,-0.0450846701860427,0.0236373742421468,0.4390672892332077,0.6336203614870707,367,717
-13.487875708624278,1.2973930949028054,-0.6509273482260494,-0.045080229640007,0.0233793084820111,0.4390288293361664,0.6329143047332764,367,717
-13.49699534610054,1.213442110719006,-0.6373042092018653,-0.045053943991661,0.0231633260846138,0.4390111813942591,0.6322575112183888,367,717
-13.50848180631345,1.1362601525370222,-0.5948588354775841,-0.0450465157628059,0.02299764752388,0.4389670739571253,0.6316152016321818,367,717
-13.479101085469315,1.068166478127903,-0.5341078384098656,-0.044941172003746,0.023010196785132,0.4389340579509735,0.6310279667377472,367,717
-13.438500189008543,1.0060403847006736,-0.4762831078669496,-0.044805775086085,0.022888163725535,0.438901737332344,0.6303761303424835,367,717
-13.376764371541276,0.8909212060036136,-0.4533684496295327,-0.0445599655310312,0.0228600154320398,0.4389284551143646,0.6298482318719227,367,717
-13.146136740761452,0.6126826574393811,-0.6019282649160901,-0.0438461725910504,0.0230006525913874,0.4389698207378387,0.6294411023457844,367,717
-12.896640977392224,0.0984098229670512,-0.7511415850072756,-0.0432696441809336,0.0229078655441602,0.4390417387088139,0.6289660533269246,367,717
-12.717995784229068,-0.3416258717920521,-0.8498008248779022,-0.0429196804761886,0.0228086759646733,0.439120257894198,0.6286100447177887,367,717
-12.635781784945014,-0.5468731640893343,-0.8881935105681149,-0.0428012236952781,0.0226958071192105,0.4391803294420242,0.6283512612183888,367,717
-12.56252272450438,-0.5195410662011614,-1.0084307898440614,-0.0426163971424102,0.0226395403345425,0.4392143040895462,0.6281863053639729,367,717
-12.481684722673918,-0.4755205906609641,-1.1253671756655246,-0.0423937166730562,0.0225247666239738,0.4392378032207489,0.6280153095722198,367,717
-12.389797448024543,-0.4384073257986574,-1.2013688841295582,-0.0419852907458941,0.0223456720511118,0.4392669647932052,0.62772998213768,367,717
-12.34241507893147,-0.4384938699603644,-1.2393038890026289,-0.0414860472083091,0.0220707034071286,0.4392585158348083,0.6273623605569203,367,717
-12.349745864953062,-0.4727181768280036,-1.2603202174848214,-0.0411670729517936,0.0217358271280924,0.4392018169164657,0.6269648472468058,367,717
-12.377310896477155,-0.5009578469431021,-1.2457964309386511,-0.0410115669171015,0.0214129661520322,0.4390942354996999,0.6266229053338368,367,717
-12.413123746253495,-0.5255769777125688,-1.1859423320395308,-0.0411183809240659,0.0211276536186536,0.4388532390197118,0.6262619197368622,367,717
-12.455398013396938,-0.530746525283495,-1.131739187377996,-0.0413451691468556,0.0209322447578112,0.4385413279136022,0.6259897549947102,367,717
-12.502615909022744,-0.5105507246438202,-1.0753058514763492,-0.0415636549393335,0.0208177889386812,0.4382185488939285,0.6257920165856679,367,717
-12.55433961868067,-0.4466560419413183,-1.0137138565201564,-0.0418069834510485,0.020696572959423,0.4378948559363683,0.6256136099497477,367,717
-12.604799659107949,-0.3572808055538179,-0.9604716176896576,-0.0420361757278442,0.0206376065810521,0.4376429468393326,0.6254953145980835,367,717
-12.65383215072153,-0.2946001536438245,-0.9280845486167264,-0.0422816624244054,0.0206115345160166,0.4373787591854731,0.6253990034262339,367,717
-12.712300618201684,-0.2365201767643225,-0.9119364539823946,-0.0425725976626078,0.0206733395655949,0.4370720336834589,0.6253633797168732,367,717
-12.772527278165002,-0.1911218821979406,-0.9042664970068192,-0.0428646927078564,0.0207622597614924,0.4367658148209253,0.6253630419572194,367,717
-12.82047355659845,-0.152830817007124,-0.9066486842140112,-0.0430541411042213,0.0208761940399805,0.4365626921256383,0.6253781119982401,367,717
-12.847065213359668,-0.1115088857760439,-0.9105698669861576,-0.0430944214264551,0.020989586909612,0.4364814112583796,0.6253632406393687,367,717
-12.86300721244014,-0.066149692226247,-0.9150808830123464,-0.0430826668938,0.0210985988378524,0.4364589701096216,0.6253453393777211,367,717
-12.872222422977156,-0.0056995599483276,-0.9251532120009708,-0.0430800567070643,0.021196444829305,0.4364499549070993,0.625317911307017,367,717
-12.850184605247074,0.0739894568386682,-0.9463868599679108,-0.0430398484071095,0.021240750948588,0.4364616821209589,0.6252842346827189,367,717
-12.82187963515826,0.1493806195800569,-0.9619841843753748,-0.0430000945925712,0.0212422038118044,0.43648428718249,0.6252391537030537,367,717
-12.79574106182866,0.1968230282785247,-0.9788584993119618,-0.0429727211594581,0.0211520716547966,0.4365018854538599,0.6251134077707926,367,717
-12.7847600763908,0.2080715790444898,-0.9939797268749206,-0.042942297955354,0.0210214679439862,0.4365350008010864,0.6249410510063171,367,717
-12.779002512647349,0.2022522487757875,-1.0079636105973104,-0.0428975398341814,0.0208747163414955,0.4365844180186589,0.6247588694095612,367,717
-12.787174162386826,0.1862128847887968,-1.0152450176163623,-0.0428770333528518,0.0208332141240437,0.4366277654965718,0.6246546308199564,367,717
-12.798428088266384,0.1401019952536507,-1.0060984952524437,-0.0429103722174962,0.0209280103445053,0.4366517414649327,0.6245702107747395,367,717
-12.807026796562546,0.0821460881842788,-0.9869507928899686,-0.0429365957776705,0.0210887019832928,0.4366780916849772,0.6245377759138743,367,717
-12.812633773920458,0.0359148546683822,-0.9567574653353268,-0.0429806187748909,0.0212446103493372,0.4366995096206665,0.624482770760854,367,717
-12.818375751356848,0.0079163592127974,-0.933479760202582,-0.0430619418621063,0.0213859304785728,0.4367179274559021,0.6244007050991058,367,717
-12.829665050485865,-0.0057753338722172,-0.9132220611688197,-0.0431573837995529,0.0215142841140429,0.4367285072803497,0.6243016421794891,367,717
-12.831156934074528,0.0196666896072855,-0.908079616539038,-0.0432275434335072,0.0216313997904459,0.4367373486359914,0.6242319643497467,367,717
-12.838899229913633,0.0553455967062163,-0.8993708869581314,-0.0434069260954856,0.0216395606597264,0.436746284365654,0.6240957578023274,367,717
-12.834566075241945,0.0907192880709805,-0.8858052474008118,-0.0435442676146825,0.0215865050752957,0.436771497130394,0.6239006519317627,367,717
-12.806033018648534,0.0972156731152849,-0.8951370585440215,-0.0435271884004275,0.0215324486295382,0.4369247903426488,0.6236704091231028,367,717
-12.737369054533502,0.0021357159295058,-0.891046851812067,-0.0432513753573099,0.0214563459157943,0.4372856517632802,0.6233993271986643,367,717
-12.683117491806028,-0.0991013184483854,-0.8843376608690271,-0.0429710720976193,0.0214489127198855,0.4376624673604965,0.6232011516888936,367,717
-12.6303046074733,-0.237419825529259,-0.8697483773158272,-0.0427239835262298,0.0210863575339317,0.4379824499289194,0.622637927532196,367,717
-12.570281253704383,-0.4246568500589775,-0.8248326898724925,-0.0425017898281415,0.0204356387257576,0.4383048017819722,0.6216759979724884,367,717
-12.516509970748247,-0.6096375436290289,-0.776971375430727,-0.0422561913728714,0.0199498012661933,0.4386192311843236,0.6208662192026774,367,717
-12.442545833579238,-0.7540831045387857,-0.7419380416807453,-0.0420126716295878,0.0195024535059928,0.438924178481102,0.6201343238353729,367,717
-12.351466911318791,-0.8917233806646709,-0.6971073960955039,-0.0417338063319524,0.0188325022657712,0.4392420897881189,0.6191976567109425,367,717
-12.260087556535913,-0.9951761809952878,-0.6573548184941586,-0.0414602706829706,0.0182812809944152,0.4395384093125661,0.6184133887290955,367,717
-12.189849117205904,-1.1108739718939655,-0.6220924730363654,-0.0412301296989123,0.0177888621886571,0.4397750546534856,0.6175390680631001,367,717
-12.15820321098266,-1.196499454580649,-0.5905807958076257,-0.0410729472835858,0.01752420514822,0.4399847636620203,0.6168363591035206,367,717
-12.14395890681335,-1.2444475510880584,-0.5598327538360275,-0.04091494033734,0.0174625515937805,0.4401878813902536,0.6163355509440104,367,717
-5.485471769886848,-5.04003698250314,-4.539046145100922,-0.012943297624588013,0.008554041385650635,0.4732154905796051,0.6068663001060486,735,478
-5.516602420212868,-5.166204736337408,-4.568407962636688,-0.0129493772983551,0.008470137914021809,0.47321545084317523,0.6065474947293599,735,478
-5.582639468571317,-5.196557590442206,-4.546508229229097,-0.012950018048286438,0.008480506638685862,0.47321952382723487,0.6064309875170389,735,478
-5.678990414331896,-5.21699053927895,-4.524661427783135,-0.0129558394352595,0.008456339438756306,0.4732228020826975,0.6062942643960316,735,478
-5.7886996751914,-5.153648792397376,-4.507635918119773,-0.012962991992632547,0.008407836159070332,0.4732208450635274,0.6062105099360148,735,478
-5.861720907335238,-5.104133675099487,-4.515835417661043,-0.012957689662774403,0.008383341133594513,0.473205695549647,0.6061353782812754,735,478
-5.908202002272257,-5.083321854890804,-4.53537227713657,-0.01294667273759842,0.008428091804186503,0.4731803685426712,0.6060881813367207,735,478
-5.923491464867127,-5.0924814275150965,-4.558776722696315,-0.012906501690546671,0.008498698472976685,0.4731626361608505,0.6060657600561777,735,478
-5.9279261611649,-5.09969704867768,-4.575641514039143,-0.012861969570318857,0.008525177836418152,0.4731484552224477,0.6060530642668406,735,478
-5.930360289246321,-5.101908490202753,-4.587006686041002,-0.012835438052813211,0.008495832482973734,0.4731304695208867,0.6060405174891154,735,478
-5.938407975617292,-5.098361981236054,-4.591861390081705,-0.012843509515126545,0.008410550653934479,0.4730882296959559,0.6060124337673187,735,478
-5.945753727020653,-5.094259209665434,-4.595161266122921,-0.012860921521981556,0.008335031569004059,0.4730183680852254,0.6059910158316294,735,478
-5.952720562824995,-5.091133335226596,-4.600617340811263,-0.012883889178435007,0.00828675925731659,0.4729379564523697,0.605977475643158,735,478
-5.966031185372037,-5.093880173261427,-4.606513979976013,-0.012925309439500172,0.008303786317507425,0.4728440195322037,0.6059779127438862,735,478
-5.9793604481358305,-5.096799921346953,-4.6100950138174674,-0.012980702022711435,0.008357117573420206,0.47275693217913306,0.6059879859288533,735,478
-5.993853015468483,-5.095288654022602,-4.6053706171678055,-0.013042626281579334,0.00841619074344635,0.4726769725481669,0.6059936384359995,735,478
-6.006827010900448,-5.095181415525122,-4.597040103738828,-0.01310184101263682,0.008446569244066874,0.4726058741410573,0.6059909065564473,735,478
-6.033801399541979,-5.069570261555867,-4.538310486726367,-0.013212392727533976,0.008498234053452808,0.4725025395552317,0.6059826910495758,735,478
-6.076778805543487,-5.058779185485829,-4.455398738961788,-0.013389100631078083,0.008533485233783722,0.472330038746198,0.6058905522028605,735,478
-6.120625772582599,-5.0654175695767325,-4.372602888820968,-0.013602140049139658,0.008555583655834198,0.4721113542715708,0.6057443122069041,735,478
-6.162827778902954,-5.05511017466665,-4.243235573979007,-0.013828262686729431,0.008658890922864277,0.4718741873900095,0.605634331703186,735,478
-6.209821578486002,-5.070129375196471,-4.102546779576656,-0.01402308295170466,0.008775671323140461,0.4716733743747075,0.6055431365966797,735,478
-6.2564914386543435,-5.0982092170268345,-3.979133377810573,-0.014177729686101277,0.00886768102645874,0.4715164999167124,0.605472316344579,735,478
-6.295003291957026,-5.147075349364375,-3.8623796060692266,-0.0142638956507047,0.00884457677602768,0.47142964601516724,0.605333258708318,735,478
-6.321141772628481,-5.213668827368054,-3.72727495696845,-0.014290181299050648,0.008711673319339752,0.47140152752399445,0.6050552825133005,735,478
-6.334653680719064,-5.282618391642282,-3.607506476620366,-0.014288614193598429,0.008569888770580292,0.4714016020298004,0.6047645012537638,735,478
-6.321759838871131,-5.348476401695193,-3.464409544311142,-0.014247792462507883,0.008333792289098103,0.4714389145374298,0.6043907006581624,735,478
-6.285264686274056,-5.412437484234346,-3.3299772759889725,-0.01412227749824524,0.00811001161734263,0.47153940300146735,0.6039684216181437,735,478
-6.244647984736718,-5.455892499554611,-3.226597523775127,-0.01394595702489217,0.007938121755917866,0.47167089581489563,0.6036026179790497,735,478
-6.207959969461736,-5.496942920763113,-3.1729681195791173,-0.0138150950272878,0.00783296674489975,0.4717565576235453,0.6032675802707672,735,478
-6.127512827222742,-5.488889340315089,-3.134197337426201,-0.013637582461039225,0.007755500574906667,0.47182128330071765,0.602942665417989,735,478
-6.035650181629863,-5.45755141328825,-3.1012791377562205,-0.013448451956113178,0.007780032853285471,0.4718727568785349,0.6026851038138071,735,478
-5.930536247675221,-5.410245437246536,-3.0844959776491203,-0.013209169109662373,0.00783409426609675,0.4719221194585164,0.602481464544932,735,478
-5.844265689616862,-5.3567141679655474,-3.104813007798618,-0.01296917349100113,0.007814355194568634,0.4719371497631073,0.602286805709203,735,478
-5.7874601251081375,-5.316934552158514,-3.1271718029303646,-0.012797683477401733,0.007728151977062225,0.47192131479581195,0.6020976404349009,735,478
-5.71068124073166,-5.2403315173911365,-3.179493198476693,-0.012577421963214874,0.007632116476694742,0.4718902260065079,0.6019183297952015,735,478
-5.638559824353099,-5.142464375609107,-3.2546063065616617,-0.012372086445490519,0.007611197729905446,0.4717365006605784,0.6017782688140869,735,478
-5.5982986847986265,-5.060364107620035,-3.330537552549067,-0.012258142232894897,0.00764759878317515,0.47155610720316565,0.6016804079214731,735,478
-5.581048638669652,-4.977778338911146,-3.3841267632833336,-0.012192311386267344,0.00774139662583669,0.4713505754868189,0.6015924413998921,735,478
-5.57945357928406,-4.933654157777396,-3.4299188987327907,-0.012171114484469095,0.007938101887702942,0.4711117396752039,0.601478765408198,735,478
-5.573402348888914,-4.9007153649357384,-3.4626204499456876,-0.012121953070163727,0.008276671171188354,0.47092585762341815,0.6014066537221272,735,478
-5.5725635590575,-4.880544552890704,-3.4893652245183366,-0.01206890493631363,0.008526655534903208,0.47078735133012134,0.6013288100560505,735,478
-5.577537542770916,-4.862731093652846,-3.508908466655594,-0.012032389640808105,0.008635622759660084,0.47069844106833136,0.6012418866157532,735,478
-5.587843170321396,-4.845787787442353,-3.525058751714516,-0.01201966901620229,0.008643095691998798,0.4706323593854904,0.6011543273925781,735,478
-5.608587364258378,-4.8245270555043245,-3.5444008523763895,-0.012051589787006378,0.008640786012013752,0.4705741504828135,0.6011076172192891,735,478
-5.624783555355477,-4.806774603723531,-3.558430793631838,-0.012086068590482075,0.008640254537264505,0.47053962449232734,0.6010973354180653,735,478
-5.637280212631886,-4.79334636988127,-3.568836276345741,-0.0121169313788414,0.00864854206641515,0.4705207496881485,0.6011038223902384,735,478
-5.6433342784792195,-4.783527418220731,-3.5713882557943935,-0.012134581804275513,0.008669108152389526,0.4705188373724619,0.6011328001817067,735,478
-5.654587812074526,-4.764780903977378,-3.5644787572982874,-0.012164930502573649,0.008680169781049091,0.47052523493766785,0.6011543770631154,735,478
-5.670042400011124,-4.745041812249179,-3.551720070120443,-0.012209172050158182,0.00866741935412089,0.4705311357975006,0.6011663973331451,735,478
-5.67449066173514,-4.673941442692747,-3.5167628992494615,-0.012257608274618784,0.008621203402678171,0.4706006944179535,0.6012200713157654,735,478
-5.6707007728359535,-4.6036796911837214,-3.4596045518137437,-0.012326536079247791,0.0085890789826711,0.4707288295030594,0.6013528803984324,735,478
-5.669787416962807,-4.548864652926428,-3.399353559778265,-0.012403557697931925,0.008550894757111866,0.47085465490818024,0.6014919380346934,735,478
-5.6793690760736775,-4.52684007387432,-3.3383809104395805,-0.01250506192445755,0.008565790951251984,0.47100114822387695,0.6016240914662678,735,478
-5.680853282292155,-4.51717382981136,-3.276902209090075,-0.012550500531991322,0.008496078352133432,0.4712025771538416,0.6017048954963684,735,478
-5.678159584072816,-4.518552008273202,-3.23028822328939,-0.01253869632879893,0.008379161357879639,0.47142598032951355,0.6017427345116932,735,478
-5.652896347851247,-4.491816462409517,-3.211015887585001,-0.01244005560874939,0.008219217260678608,0.47169874608516693,0.6018013954162598,735,478
-5.6009264376298615,-4.423263337855003,-3.2309424552340875,-0.0122818723320961,0.008104463418324787,0.4719665745894114,0.6019725104173024,735,478
-5.555808999681148,-4.369155567940474,-3.2533228325027013,-0.012138475974400837,0.008002753059069315,0.4721835007270177,0.602134754260381,735,478
-5.511763481350889,-4.321679844036369,-3.2768485452783267,-0.01202470064163208,0.007962845265865326,0.4723406682411829,0.602284828821818,735,478
-5.482193416073049,-4.29038741064676,-3.300496153318849,-0.011947842935721079,0.00794981171687444,0.472445473074913,0.6023918390274048,735,478
-5.462523962686157,-4.265726061461034,-3.3248277366499837,-0.011895403265953064,0.007966806491216023,0.4725152750809987,0.602487713098526,735,478
-5.450774896506244,-4.25239773255197,-3.3411928105963966,-0.011863527198632557,0.007972645262877146,0.47255077958106995,0.6025319596131642,735,478
-5.448312041170594,-4.252663133989307,-3.350597960208198,-0.01185292253891627,0.007967524230480194,0.47256025175253547,0.6025414963563283,735,478
-5.4502643452931965,-4.262803491768672,-3.3558582439289975,-0.01185007393360138,0.007955208420753479,0.4725590993960698,0.6025311748186747,735,478
-5.449726428155381,-4.277380660741235,-3.366382240338154,-0.011859126389026642,0.007945552468299866,0.4725427180528641,0.6025226811567942,735,478
-5.4538706549851375,-4.2933895222641265,-3.380158865666761,-0.011897971232732136,0.007943468789259592,0.47247018913427985,0.6025197505950928,735,478
-11.796199433692493,-8.568796722659547,-2.0883749759120716,-0.02950139840443929,0.002123889823754628,0.45086953540643054,0.5888757208983103,0,0
-16.16653245235763,-11.444081715335376,-1.2003667501410527,-0.041708869238694504,-0.0009175365169843037,0.43604202568531036,0.5799958606561024,0,0
-18.352589504208126,-12.836905622933761,-0.7590919323481544,-0.047943681478500366,-0.0021346360445022583,0.4285552899042765,0.5756525894006093,0,0
-18.352507269429832,-12.742543509946778,-0.7891798631912461,-0.04819081475337346,-0.0014458273847897847,0.42837976415952045,0.5760120352109273,0,0
-18.299072859876865,-12.63436099633033,-0.8340562141034495,-0.04825091113646825,-0.0010008985797564187,0.42837131520112354,0.5763562222321827,0,0
-18.249355060818957,-12.554152559840066,-0.8857060553779718,-0.04818614820639292,-0.0006208991010983784,0.4284796714782715,0.5767294367154439,0,0
-18.219636110293294,-12.457145225197593,-0.9358371374368935,-0.0481987123688062,-9.825328985850013e-05,0.4285287410020828,0.5773109793663025,0,0
-18.20550418473192,-12.36413334944033,-0.9779685305873023,-0.04829351603984833,0.00041665385166804,0.42850278317928314,0.5778973003228505,0,0
-18.20933133398387,-12.279718443116405,-1.0173045277083292,-0.04846262435118357,0.0009840851028760274,0.4284091939528783,0.578512042760849,0,0
-18.199001831401713,-12.202669093671929,-1.068386556807266,-0.04849706838528315,0.0015538384517033894,0.42841507991154987,0.5791375438372294,0,0
-18.17863357363952,-12.136822325426568,-1.1160207708023573,-0.04845858613650004,0.002051497499148051,0.4284688134988149,0.5796809196472168,0,0
-18.143229808408513,-12.058654371853525,-1.1610838258425242,-0.04836365580558777,0.002511794368426005,0.4285652289787928,0.5801888604958851,0,0
-18.087151084754268,-11.945494163994432,-1.205967614012867,-0.04824075102806091,0.0029967675606409707,0.4286869714657465,0.5807360112667084,0,0
-18.023850689414253,-11.81980906769854,-1.244421135657269,-0.04813242703676224,0.003432832658290863,0.4288053711255391,0.581232080856959,0,0
-17.892551389326854,-11.717566979832306,-1.2668098957208689,-0.04773831615845362,0.003651745617389679,0.42917616168657935,0.5815649131933848,0,0
-17.720073839114903,-11.65056071847772,-1.2692070283607588,-0.047156507770220436,0.003664247691631317,0.42964965601762134,0.5817744533220927,0,0
-17.539916772482023,-11.60836508297055,-1.2767299814924804,-0.04653349767128626,0.0034713149070739746,0.4301448712746302,0.5818949143091837,0,0
-17.392453266927465,-11.578458644963174,-1.2876593145558874,-0.04603847364584605,0.003265644113222758,0.43050774435202277,0.5819539924462636,0,0
-17.26928975163635,-11.495366565936353,-1.3154377024675044,-0.04563020418087641,0.0031740168730417886,0.43082893391450244,0.5821459988753,0,0
-17.180843047782773,-11.416835943911682,-1.3359956975904344,-0.045286983251571655,0.0031622623403867083,0.43109892805417377,0.5823360582192738,0,0
-17.118466982724968,-11.351544455809908,-1.3554156609289314,-0.04499158014853795,0.003144276638825734,0.43133155504862464,0.5824883182843525,0,0
-17.08936901548385,-11.326954754964614,-1.3716060019287548,-0.04480061928431193,0.0030852481722831726,0.4314653029044469,0.582537551720937,0,0
-17.08497795616379,-11.31606260009577,-1.3909490029922509,-0.0447175328930219,0.0030288174748420715,0.4315181374549866,0.5825546383857727,0,0
-17.09229032620317,-11.311393263466377,-1.4111978582656621,-0.04469430446624756,0.002984074254830678,0.4315290401379267,0.5825613439083099,0,0
-17.065500251955882,-11.33440613327506,-1.4262138783698353,-0.04454617202281952,0.002838986615339915,0.43161567548910773,0.5825610856215159,0,0
-17.018618329754794,-11.5371206905556,-1.4252310612010772,-0.0441978375116984,0.002481366197268168,0.43185541530450183,0.5825499991575877,0,0
-17.01512136705123,-11.808208188926136,-1.417044322398581,-0.04391922056674957,0.0021086856722831726,0.432054802775383,0.5825397868951161,0,0
-17.049204140165866,-12.032753838121721,-1.4065786375853198,-0.043768646816412606,0.0018015702565511067,0.43216398855050403,0.5825328131516774,0,0
-17.113506271101578,-12.185652174066036,-1.389358343310719,-0.043726806839307145,0.0016569346189498901,0.4321841448545456,0.5825243194897969,0,0
-17.176698700412523,-12.277812371822689,-1.3668323445213604,-0.043719932436943054,0.0015785867969195047,0.4321793069442113,0.5825150807698567,0,0
-17.226915472690003,-12.361764337958386,-1.3490501681464957,-0.043702627221743263,0.0015421807765960693,0.43217093249162036,0.5825039645036061,0,0
-17.243346198419356,-12.389816622092917,-1.3345205167277672,-0.04365042348702748,0.0015295743942260742,0.4321625580390294,0.5824929177761078,0,0
-17.238525447321138,-12.3903343437138,-1.3251865436269021,-0.04356384525696436,0.001534608503182729,0.43215397497018176,0.5824857751528422,0,0
-17.190612201914934,-12.351746928573386,-1.3247436871060159,-0.043483282128969826,0.001637237767378489,0.4321454018354416,0.5824799537658691,0,0
-17.11814918044464,-12.23846214646177,-1.328532228733848,-0.04343849172194798,0.0017726669708887735,0.43213801085948944,0.5824760794639587,0,0
-17.04730563180386,-12.12189321515735,-1.3305739593251573,-0.043401069939136505,0.0019158348441123962,0.4321316331624985,0.5824723939100901,0,0
-16.983142775129302,-11.981667184658502,-1.3353629802924676,-0.04338544855515162,0.002034798264503479,0.4321270088354746,0.5824590524037678,0,0
-16.917716801276853,-11.858403796056482,-1.3444745266060885,-0.04337456077337265,0.0021320953965187073,0.43212419748306274,0.5824450552463531,0,0
-16.860224625834817,-11.75986938406204,-1.3569253539792836,-0.04337331155935923,0.0021983161568641663,0.4321228911479314,0.5824335714181264,0,0
-16.816344120171586,-11.678717255568975,-1.3703859255962243,-0.04338061064481735,0.0022415692607561746,0.4321212420860926,0.5824262797832489,0,0
-16.78143898925399,-11.571695764495384,-1.3862330336188617,-0.04339696963628133,0.0022643903891245523,0.4321192254622777,0.5824514627456665,0,0
-16.744566529282636,-11.472623871829287,-1.3997777501527056,-0.04340035219987233,0.0022631436586380005,0.4321184307336807,0.5824690659840901,0,0
-16.71244156553963,-11.35235560844704,-1.4154045275273122,-0.04340461393197377,0.0023379549384117126,0.4321196973323822,0.5825641751289368,0,0
-16.707881613875244,-11.229452756981551,-1.4228664606081944,-0.043442000945409134,0.00247527410586675,0.432120735446612,0.5827193657557169,0,0
-16.708510386784695,-11.130178711041285,-1.4225984317822176,-0.04348061482111613,0.0026264240344365435,0.4321235915025075,0.5828841129938761,0,0
-16.706115306665296,-11.061861231529855,-1.4204762264305013,-0.043493429819742836,0.0027667308847109475,0.43213885029157,0.583044668038686,0,0
-16.70325470668738,-11.012168778672422,-1.4196064475380892,-0.04348846524953842,0.0029032379388809204,0.43216078480084735,0.5832345883051554,0,0
-16.70503477919877,-10.978198760726489,-1.4192403219557232,-0.043486197789510087,0.002972707152366638,0.4321739971637726,0.5833734075228373,0,0
-16.71307993621489,-10.955334519549403,-1.4180575418110992,-0.043484528859456376,0.0029986053705215454,0.43219130734602607,0.5834683279196421,0,0
-16.71441572924901,-10.940398158880694,-1.421817351326287,-0.0434648444255193,0.0029667889078458147,0.4322202056646347,0.5835075676441193,0,0
-16.71343925029917,-10.932082008948278,-1.425966669560722,-0.04343923181295395,0.00291452556848526,0.4322520246108373,0.5835188130537668,0,0
-16.706100287880773,-10.928725788462646,-1.4267665032605563,-0.043387519816557564,0.002865925431251526,0.43230386078357697,0.58351598183314,0,0
-16.68943305837933,-10.930401132806708,-1.4290240116618236,-0.04326360672712326,0.0028265193104743958,0.43241414427757263,0.5835112233956654,0,0
-16.674152804116734,-10.933801479429508,-1.4323942418891285,-0.043138836820920304,0.0027907192707061768,0.43251970410346985,0.5835074881712595,0,0
-16.65595347288918,-10.932540628809086,-1.4379792933444646,-0.0430199181040128,0.00275283803542455,0.43261351188023883,0.5835075080394745,0,0
-16.628699231672023,-10.93737165975822,-1.4480484707330394,-0.0429176464676857,0.0027069350083669024,0.43269163370132446,0.5834956367810566,0,0
-16.595418002723235,-10.943474956084964,-1.4605028831553093,-0.042820826172828674,0.002656020224094391,0.4327647040287653,0.5834780633449554,0,0
-16.57500528748586,-10.950949145535423,-1.4709502414597415,-0.04275791098674138,0.002589660386244456,0.4328136642773946,0.5834448834260304,0,0
-16.557583060104022,-11.00939495446314,-1.477056845930649,-0.04270865023136139,0.002518812815348307,0.4328558544317881,0.5833895603815714,0,0
-16.54317294857453,-11.09103412704932,-1.4803914592927008,-0.04267228891452153,0.0024592975775400796,0.43288786709308624,0.5833350320657094,0,0
-16.500915659374385,-11.175670736054926,-1.4808526748877593,-0.042550536493460335,0.002419079343477885,0.43300148348013556,0.5832980771859486,0,0
-16.40824483685997,-11.211354587833501,-1.4835865029477746,-0.042160749435424805,0.0024581551551818848,0.43338269988695777,0.5833416779836018,0,0
-16.303694590958756,-11.228244782370783,-1.4864483752139628,-0.041706879933675126,0.0025413508216540017,0.433823898434639,0.5834330519040425,0,0
-16.022593842273643,-11.24641551038733,-1.4747426128328778,-0.04084200908740361,0.002626011768976847,0.4346444507439931,0.5835211177666981,0,0
-15.582386231414699,-11.255572047603314,-1.459721025386452,-0.039486651619275406,0.0026570881406466165,0.4358976433674494,0.5835756659507751,0,0
-15.199308318735138,-11.26295994158695,-1.4436144172293246,-0.038312574227650956,0.002662728230158488,0.43695593873659766,0.5836022694905598,0,0
-14.943473839418694,-11.192409670667239,-1.4578555510176516,-0.03747236480315526,0.0028270557522773743,0.4377241233984629,0.5838520924250284,0,0
-20.156197489548518,-6.848844608166559,-2.2009164094821507,-0.05167923370997111,0.009231679141521454,0.42217334608236945,0.6065041323502858,0,956
-23.60207527132728,-3.9121284467238926,-2.831929198845435,-0.060662344098091125,0.01401473581790924,0.4119488100210825,0.6225515107313792,0,956
-25.222681793705426,-2.3949295610304446,-3.2224613021569586,-0.06465757638216019,0.0165898526708285,0.40702652434508,0.6311567823092142,0,956
-25.057259103501174,-2.297168283197272,-3.4171244543347115,-0.06391879171133041,0.017440974712371826,0.4073448131481806,0.6325165132681528,0,956
-24.757287805366147,-2.1975131386047053,-3.5972644245063305,-0.06346122175455093,0.01791564623514811,0.40752564867337543,0.6334652801354725,0,956
-24.485843398131102,-2.1252935082673563,-3.7556598755033757,-0.06323934098084767,0.018185657759507496,0.40761621793111164,0.634084939956665,0,956
-24.128184508217117,-2.092268162864138,-3.8579256200704988,-0.062472370763619736,0.01866781711578369,0.40814781188964844,0.6348483363787333,0,956
-23.73673523012095,-2.0663251698050193,-3.9648359963758604,-0.061292409896850586,0.019338257610797882,0.4090334673722585,0.635804255803426,0,956
-23.42515646819005,-2.056547318392134,-4.0301817999019125,-0.06023540596167246,0.019772892196973164,0.40985688070456183,0.6364094018936157,0,956
-23.077821373391394,-1.931361493711393,-4.108664468239617,-0.059407259027163185,0.01987698177496592,0.41046663125356037,0.6370185613632202,0,956
-22.772633937035756,-1.747942407338487,-4.179269595715217,-0.05887638280789057,0.019775790472825367,0.41089773674805957,0.6374424894650776,0,956
-22.53546749544754,-1.6039431159518136,-4.243918753712438,-0.05849206199248631,0.019665800034999847,0.4112112919489542,0.6377559006214142,0,956
-22.38048902970291,-1.4467373894127795,-4.280662091570367,-0.05827835947275162,0.019768550992012024,0.41141449908415473,0.6380984485149384,0,956
-22.212157002398495,-1.2446336828997902,-4.3150003142167686,-0.05794333169857661,0.019954271614551544,0.41172736386458075,0.6384367843468983,0,956
-22.06722673701477,-1.0697311624374348,-4.335594182330822,-0.057624499003092446,0.020127010842164356,0.4120241900285085,0.6386661231517792,0,956
-21.959445483910642,-0.9382476313768219,-4.331901980422014,-0.05736155311266581,0.020177210370699562,0.41228711108366645,0.6387439668178558,0,956
-21.864426390148882,-0.8588007123123027,-4.329858601929279,-0.056982080141703285,0.02020321786403656,0.4126953234275182,0.6388163963953654,0,956
-21.75211471777941,-0.8224850203931303,-4.336906799786975,-0.0564310277501742,0.020227618515491486,0.41328089932600653,0.6389373342196146,0,956
-21.675145859008786,-0.832240428206093,-4.335970690257864,-0.05600370466709137,0.020205323894818623,0.41373620430628455,0.6389984885851542,0,956
-21.541903090446667,-0.8755508022596898,-4.304454759172275,-0.05551662544409434,0.02014810095230738,0.4142369081576665,0.6389933824539185,0,956
-21.38676006306845,-0.9849708583799875,-4.242904077906804,-0.055110712846120194,0.020047061145305634,0.41465143859386444,0.6389261881510416,0,956
-21.24744136623816,-1.0994731017088575,-4.182531580658852,-0.05481445789337158,0.01996297389268875,0.4149557501077652,0.6388567884763081,0,956
-21.17266192436682,-1.2142432454195873,-4.14143692527343,-0.05473398417234421,0.019904526571432747,0.4151045630375544,0.638806144396464,0,956
-21.121444333555296,-1.3183312108049585,-4.1079434516879045,-0.05479451268911362,0.019835934042930603,0.41515663762887317,0.6387520829836527,0,956
-21.081760472735272,-1.4016307235710028,-4.085018152644426,-0.05490112056334813,0.019764607151349384,0.41516439616680145,0.6387017766634623,0,956
-21.0368371866164,-1.5118584027370834,-4.066503261731819,-0.05505453546841939,0.01971258968114853,0.41513370970884955,0.638653169075648,0,956
-20.99175109721084,-1.6082159615782685,-4.050342898243047,-0.055202335119247437,0.019699759781360626,0.41510656476020813,0.63867383201917,0,956
-20.961459395195305,-1.66036031958972,-4.042182260418333,-0.05533537020285924,0.019729040563106537,0.4150934467713038,0.6387169460455576,0,956
-20.9325284379503,-1.6987238491550165,-4.032157890043033,-0.0554254005352656,0.019851336876551308,0.41511155664920807,0.6388144393761952,0,956
-20.900320184619872,-1.7205499872004535,-4.025831856491182,-0.055468263725439705,0.020096540451049805,0.4151599158843358,0.6390088995297749,0,956
-20.869733012923916,-1.7308779401660295,-4.027195785702325,-0.055475927889347076,0.020349085330963135,0.41521356999874115,0.639224112033844,0,956
-20.829834732398535,-1.7188941969991527,-4.030517815686435,-0.055414619545141854,0.020633377134799957,0.41532643139362335,0.639499286810557,0,956
-20.7753688813241,-1.6771337157145476,-4.041054205205805,-0.05532003194093704,0.020904685060183205,0.41546532015005744,0.6397422154744465,0,956
-20.725420561836053,-1.6349016419963982,-4.050109815222855,-0.055229512353738144,0.021151977280775704,0.4155899236599604,0.6399484078089396,0,956
-20.705183523198492,-1.601642878956318,-4.06155984781868,-0.05523499598105748,0.021310520668824513,0.4156613399585088,0.64007435242335,0,956
-20.668902683217098,-1.5609817113013857,-4.0682445933123255,-0.055161279936631516,0.02144167572259903,0.4158424784739812,0.6401474177837372,0,956
-20.652349177972063,-1.5205339463785745,-4.086144495478626,-0.055123950044314064,0.02151264250278473,0.4160682062307993,0.6401613156000773,0,956
-20.638593544246277,-1.4762737620348614,-4.110373108020596,-0.05510639150937398,0.021554581820964813,0.41628002623716986,0.6401553054650624,0,956
-20.624671527951847,-1.489319268931982,-4.101667177692159,-0.05502804120381673,0.02153776337703069,0.41656698286533356,0.6400578121344248,0,956
-20.615862921789542,-1.543796260656495,-4.073975885043617,-0.054926663637161255,0.02135053277015686,0.41689838965733844,0.6397349337736765,0,956
-20.598153966393177,-1.6067101498956036,-4.039920087674612,-0.054776248832543686,0.021103163560231526,0.4172297716140747,0.6393566926320393,0,956
-20.55666817384789,-1.6514486440722096,-3.986363201375754,-0.05451381703217824,0.02075750132401784,0.4176235993703206,0.6388128797213236,0,956
-20.49578543389011,-1.7181830656069015,-3.933600359815083,-0.054192498326301575,0.02014357099930445,0.4180580973625183,0.6380001207192738,0,956
-20.435768822335852,-1.78242534419028,-3.895574625455687,-0.05393296231826146,0.01956202338139216,0.418422852953275,0.6372456550598145,0,956
-20.365613387726693,-1.8310172835662453,-3.8777162767220643,-0.053717861572901406,0.019171970585982002,0.41872410476207733,0.6367129782835642,0,956
-20.315166477712722,-1.8669684965725337,-3.8688134968896044,-0.05364252875248591,0.01888294517993927,0.41890521844228107,0.6362837155659993,0,956
-20.280567376866106,-1.8838963103156896,-3.864681996897561,-0.05362624675035477,0.018721342086791992,0.41900653143723804,0.6359846591949463,0,956
-20.230869671688186,-1.887115177334203,-3.8518841104821355,-0.0535644069314003,0.01872355490922928,0.4191363950570424,0.6357877155145009,0,956
-20.17206718187756,-1.8945845160666845,-3.826104714910173,-0.05346272140741348,0.018792904913425446,0.4192732820908228,0.6355925897757212,0,956
-20.103619185047286,-1.9074090625768114,-3.8022158440040306,-0.05333528419335683,0.018866166472434998,0.4193987299998601,0.6354254484176636,0,956
-20.038789859719188,-1.9655753304214858,-3.7839627217092824,-0.05315916736920674,0.018780487279097237,0.41953740517298377,0.6351342697938283,0,956
-19.97333512466271,-2.047778731906636,-3.769127511060711,-0.05301399528980255,0.01859550674756368,0.4196118911107381,0.6347739696502686,0,956
-19.917670839242092,-2.1241470937385145,-3.7632330701639685,-0.05289711058139801,0.018420147399107613,0.41966240108013153,0.6344534357388814,0,956
-19.852727434294355,-2.1793352020489674,-3.7618985778009364,-0.052793949842453,0.018409123023351032,0.41969395677248633,0.6342592636744181,0,956
-19.778000336903098,-2.2286711303617697,-3.770624098007815,-0.05263124406337738,0.018480618794759113,0.41974500815073645,0.634148120880127,0,956
-19.717416344081727,-2.274900231184332,-3.7777345680514127,-0.05252440770467122,0.018524810671806335,0.4197717557350794,0.6340531408786774,0,956
-19.66421528718559,-2.3055478179614175,-3.7818580398132715,-0.052380308508872986,0.018552405138810475,0.419792115688324,0.6339375873406727,0,956
-19.6007394137619,-2.3303032586261736,-3.7875920276309554,-0.05217210451761881,0.018614379068215687,0.41985948383808136,0.6338536242643992,0,956
-19.53525936635771,-2.344245443424273,-3.7884842656042315,-0.05195968101421992,0.018713317811489105,0.4199432631333669,0.6338142951329548,0,956
-19.490544450163803,-2.3667833249205326,-3.7855132563261957,-0.05186044673124949,0.01880200207233429,0.4199854036172231,0.6337505877017975,0,956
-19.475642097038374,-2.384154736589208,-3.772978218179906,-0.05185593416293462,0.018871632715066273,0.41998928785324097,0.6336350043614705,0,956
-19.47743797598293,-2.3982342951231725,-3.7619221433677597,-0.051895995934804276,0.018944397568702698,0.4199768354495366,0.6335185865561167,0,956
-19.503037220782012,-2.426532962221571,-3.750554553306791,-0.05197174350420634,0.01893700659275055,0.4199640949567159,0.6333431502183278,0,956
-19.55041709874653,-2.4844785805093235,-3.7400881082257245,-0.05207227418820063,0.018851399421691895,0.4199540962775548,0.6331283648808796,0,956
-19.59731312789389,-2.5566272534052894,-3.7235983658331104,-0.05214666575193405,0.018729016184806824,0.41994822522004444,0.6329011221726735,0,956
-19.628865392204546,-2.6321943871691493,-3.699993886514761,-0.05218960841496785,0.018619497617085774,0.41994906961917877,0.6326594650745392,0,956
-19.649859336595604,-2.6900802295011346,-3.6741770656316968,-0.052190432945887245,0.018629762033621468,0.4199653019507726,0.632424920797348,0,956
-9.464178718597031,-4.745046264019839,-1.956530377724755,-0.02397531767686208,0.010873066882292429,0.45635583996772766,0.6098521649837494,1102,238
-2.7266224914166943,-6.28665707586377,-0.9209163274287524,-0.005823194980621338,0.006055625776449839,0.4802219420671463,0.5947145422299702,1102,238
0.5809595693043955,-7.14775865454777,-0.4617790731112562,0.0028593863050142923,0.003855106731255849,0.4919269531965256,0.5870682895183563,1102,238
0.5378012878479306,-7.340384501086707,-0.5385591050453926,0.0024213269352912903,0.0040623098611831665,0.491741880774498,0.5868308544158936,1102,238
0.5326014673518615,-7.469255128778815,-0.555906525667858,0.0022749875982602434,0.004069335758686066,0.4917479207118352,0.5866629083951314,1102,238
0.5418623045762065,-7.5673011539074295,-0.5501954058454672,0.002227477729320526,0.004035187264283498,0.49179285267988837,0.586573710044225,1102,238
0.5317624971070474,-7.6129882608182236,-0.5313772135072521,0.0021783411502838135,0.0040604571501413975,0.491807480653127,0.58660422762235,1102,238
0.4881746489699228,-7.61903059604392,-0.5128613353942612,0.002034582197666168,0.004215133686860402,0.49172194798787433,0.5867541035016377,1102,238
0.4270621810281172,-7.597716680899965,-0.4985936670958805,0.001831469436486562,0.004413684209187825,0.4915420264005661,0.5869207978248596,1102,238
0.3692974350298549,-7.570754296925983,-0.4880298290622137,0.0016458109021186829,0.004578125973542531,0.49136025210221607,0.5870424807071686,1102,238
0.32238209347685953,-7.550470678854211,-0.4944850216169039,0.0014837980270385742,0.004676530758539835,0.49118052423000336,0.5871386627356211,1102,238
0.2867833229412303,-7.53162271075314,-0.5123002529022068,0.0013673081994056702,0.004725856085618337,0.4910365889469782,0.5872277816136677,1102,238
0.2637933208938611,-7.519396042658422,-0.5339617712493057,0.0013006230195363362,0.004751774171988169,0.4909413953622182,0.5873118142286936,1102,238
0.2421544744693082,-7.5349840817445575,-0.5518076337509713,0.001248180866241455,0.004749794801076253,0.4908623546361923,0.5873641272385914,1102,238
0.22108292332706636,-7.564629935936624,-0.5686220565874199,0.001203512152036031,0.004712472359339396,0.4907931586106618,0.587370753288269,1102,238
0.20377937475460556,-7.608389920572682,-0.5859550245469471,0.001168114443620046,0.004630257685979207,0.49073533713817596,0.5873196125030518,1102,238
0.18549203250863475,-7.640643365553501,-0.6135483623413938,0.0011620397369066873,0.004563942551612854,0.49069038530190784,0.587279736995697,1102,238
0.17394283601290683,-7.651575398102807,-0.653160579331443,0.0011897012591362,0.004538546005884806,0.49065716564655304,0.5872722566127777,1102,238
0.16679898200505927,-7.647022336801793,-0.6918581476110766,0.0012325569987297058,0.004530077179272969,0.4906365225712458,0.5872770051161448,1102,238
0.14989516268884961,-7.618261146865161,-0.7283984373568309,0.0012308632334073384,0.004522601763407389,0.49058503409226734,0.58728822072347,1102,238
0.11083335278050485,-7.589620265279016,-0.764670250167993,0.0011403610308965046,0.004479619363943735,0.4904608974854151,0.5873019397258759,1102,238
0.03191213396361429,-7.786848415481508,-0.8729569770620125,0.0010399470726648965,0.004211952288945516,0.490336611866951,0.5872768263022105,1102,238
-0.02812917365764559,-8.036080978613597,-0.9788868831176436,0.0009857316811879475,0.003801306088765462,0.4902530411879221,0.5871744553248087,1102,238
-0.06517553229921053,-8.29376928426008,-1.098205235082339,0.0009867921471595764,0.003369698921839396,0.49021781980991364,0.5870539446671803,1102,238
-0.1010862952669275,-8.503386639998515,-1.1867843580998105,0.001010209321975708,0.0030101190010706582,0.4901920060316721,0.5869841575622559,1102,238
-0.14387796049733675,-8.655117412651434,-1.2476628380321149,0.0010376572608947754,0.002760517100493113,0.49016626675923664,0.5869476596514384,1102,238
-0.1883690287281806,-8.7302829869511,-1.2776916319303515,0.0010565395156542459,0.0025162075956662493,0.49014836053053534,0.586841344833374,1102,238
-0.22761436269177374,-8.770054314666016,-1.2951888799584892,0.0010615810751914978,0.002305808166662852,0.4901336580514908,0.58670973777771,1102,238
-0.26698321236564804,-8.790866379358713,-1.2976593299894468,0.0010501643021901448,0.0021172712246576944,0.49012124041716254,0.5865707794825236,1102,238
-0.2987381789664384,-8.78163658473306,-1.289403130466817,0.0010366290807724,0.002014860510826111,0.490110382437706,0.5864860514799753,1102,238
-0.32424509413780783,-8.757871439799061,-1.2761943342373998,0.0010234067837397256,0.0020169193545977273,0.49010077118873596,0.5864534378051758,1102,238
-0.3516031541383534,-8.70222218014463,-1.2501183362641581,0.001012111703554789,0.0021626874804496765,0.49009094138940174,0.5864500403404236,1102,238
-0.3868453660226272,-8.611742796844633,-1.1880316499580736,0.0009386762976646423,0.00244314968585968,0.49002144237359363,0.5865380863348643,1102,238
-0.4146855903269927,-8.507884595861153,-1.1222899490681857,0.0008570998907089233,0.0027096768220265703,0.4899429976940155,0.5866276919841766,1102,238
-0.4493695358504861,-8.372449188288018,-1.0586239285452654,0.0007446606953938801,0.003056007126967112,0.48984038829803467,0.5868269205093384,1102,238
-0.4935367412508116,-8.21547543282974,-1.0095037292729476,0.000593334436416626,0.003450242181619008,0.4897119502226511,0.5871172447999318,1102,238
-0.5381608451532314,-8.065373080000661,-0.969724213483919,0.00042392810185750324,0.003850924472014109,0.4895785301923752,0.5874490141868591,1102,238
-0.5850086985025733,-7.952800806313847,-0.9418602125252099,0.00022709121306737262,0.004139388600985209,0.489424059788386,0.5876969893773396,1102,238
-0.61999031132253,-7.867982490250136,-0.9288391833673328,8.652607599894205e-05,0.004305332899093628,0.48931704958279926,0.5878410041332245,1102,238
-0.6460069690904353,-7.803341861922835,-0.9256582590530695,-3.7203232447306326e-06,0.004426320393880208,0.48925018310546875,0.5879308382670084,1102,238
-0.6622859988183397,-7.752541912402595,-0.9250573870697911,-4.743039608001709e-05,0.004567210872968038,0.48921844363212585,0.5880359808603922,1102,238
-0.6672474259455725,-7.704291085717266,-0.927603109383853,-6.944934527079263e-05,0.004713006317615509,0.4892055044571558,0.5881574849287668,1102,238
-0.6624838568877461,-7.6610044194751445,-0.9358855437565167,-8.029739061991373e-05,0.004803970456123352,0.48920447627703345,0.5882493754227955,1102,238
-0.650987301948848,-7.61630032576106,-0.9462501695691895,-8.331487576166788e-05,0.004845862587292989,0.489210640390714,0.5883067150910695,1102,238
-0.6438346452301101,-7.57623254319236,-0.9601867811761924,-8.708983659744263e-05,0.00485864778359731,0.4892215629418691,0.588341881831487,1102,238
-0.645624522023644,-7.5384857792633095,-0.9788970608444759,-9.702891111373901e-05,0.004879795014858246,0.4892409245173136,0.5883800089359283,1102,238
-0.6527663748205741,-7.506342752524981,-0.9979502161519065,-0.00010563433170318604,0.0049158260226249695,0.4892653326193491,0.5884287158648173,1102,238
-0.6634738612967885,-7.47305602231053,-1.016675183727643,-0.00013819336891174316,0.004959116379419962,0.4892839044332504,0.5884771943092346,1102,238
-0.6692403729600176,-7.4410124601511445,-1.032192042663655,-0.00017063816388448078,0.0049968088666598,0.4892999976873398,0.5885194738705952,1102,238
-0.6817913737386923,-7.415804407444691,-1.0441340011049522,-0.0002102057139078776,0.005039403835932413,0.48929923276106513,0.5885631839434305,1102,238
-0.7218178411869813,-7.388707272157847,-1.0555875458865973,-0.0002908557653427124,0.005120088656743367,0.48924810687700904,0.5886545081933339,1102,238
-0.814210916973764,-7.343869206477546,-1.0705411232353392,-0.0004621644814809163,0.0052302976449330645,0.4891007343928019,0.5887869298458099,1102,238
-0.9143391700881093,-7.29396006076521,-1.0905298965733268,-0.0006340071558952332,0.00535587469736735,0.48894729713598883,0.5889417628447214,1102,238
-1.0488967752728275,-7.250454880670872,-1.1200878882976042,-0.0008992900451024373,0.0055412525931994114,0.48870209852854407,0.589161197344462,1102,238
-1.1922441184380785,-7.204336360312594,-1.153395964030345,-0.001224607229232788,0.005712077021598816,0.48839334150155383,0.5893775622049967,1102,238
-1.321988762056871,-7.163963016032055,-1.1841543590710693,-0.0015239914258321126,0.005842817326386769,0.4881066481272379,0.5895527799924214,1102,238
-1.4227791246631147,-7.119431444879423,-1.2090192470500578,-0.0017867982387542725,0.005909132460753122,0.4878511528174082,0.5896819631258646,1102,238
-1.512185328484193,-7.086486246433481,-1.2361251946509353,-0.002049160500367482,0.005866589645544687,0.4876002122958501,0.5897453824679056,1102,238
-1.58986696757922,-7.060129762775104,-1.2608251246366593,-0.002282169957955678,0.00576718399922053,0.4873861124118169,0.5897663136323292,1102,238
-1.6787197433325876,-7.020022170728292,-1.2781079109081044,-0.002529934048652649,0.005649298429489136,0.48715883990128833,0.5897658963998158,1102,238
-1.7789171529651109,-6.968872608386483,-1.272875035499256,-0.002862455944220225,0.0055466319123903905,0.4868413060903549,0.5897635718186696,1102,238
-1.8648849503446994,-6.926039685932885,-1.260740942479348,-0.0031646589438120523,0.005459604163964589,0.4865485727787018,0.5897585948308308,1102,238
-1.9713863260766922,-6.875381540049654,-1.2418450017734184,-0.0035429547230402627,0.005376055836677551,0.4861743003129959,0.5897912085056305,1102,238
-2.1223557187709736,-6.790237320978436,-1.2321125840363456,-0.004128078619639078,0.005490449567635854,0.4855947842200597,0.5900570551554362,1102,238
-2.2713465431545883,-6.708383401516382,-1.2239932737265717,-0.004704969624678293,0.005635415514310201,0.4850224902232488,0.5903630157311757,1102,238
-2.424050312757716,-6.628554840645229,-1.216141004767419,-0.005239235858122507,0.005829038719336191,0.4844551384449005,0.5907155772050221,1102,238
-2.556434208570002,-6.517720008353898,-1.1985103028041109,-0.005687979360421498,0.006126103301843007,0.4839381078879038,0.5912412206331888,1102,238
-12.286854735264171,-8.71039717516746,-1.2276022423716846,-0.030983378489812214,0.005523021022478739,0.45178992052872974,0.5911172827084858,367,238
-18.522591878427836,-10.144786578323316,-1.2306054572294327,-0.04684414962927501,0.005555552740891774,0.4310070524613062,0.5909822583198547,367,238
-21.417632842591825,-10.844926271125123,-1.2255441562602618,-0.053679369390010834,0.0057053640484809875,0.42155519624551135,0.5908480087916056,367,238
-20.66717415991331,-10.597244780870685,-1.2903277475986246,-0.051980458199977875,0.0059469689925511675,0.42288392285505927,0.5908693770567576,367,238
-20.01340901450908,-10.399993551004343,-1.3610770827142593,-0.05086979766686757,0.006051028768221537,0.42383768161137897,0.5909141997496287,367,238
-19.108510398467224,-10.048017047977588,-1.4291984272849334,-0.048774970074494675,0.006295447548230489,0.42583005626996356,0.591121256351471,367,238
-18.448437019422123,-9.818804698598232,-1.4689395506320038,-0.046840729812781014,0.006533237795035044,0.4277988274892171,0.5913723309834797,367,238
-17.991492470340866,-9.697707818036072,-1.4849022081335177,-0.045384806891282395,0.006635534266630808,0.4293821801741918,0.5915003617604573,367,238
-17.77832226951933,-9.663572840791726,-1.491990904478913,-0.0447435329357783,0.006635854641596476,0.4302116980155309,0.5915236473083496,367,238
-17.672071557007897,-9.641440761151694,-1.4899031578698394,-0.04449650893608729,0.006583072245121002,0.43060099085172016,0.5914884209632874,367,238
-17.653204838902276,-9.63056851699859,-1.483855891211263,-0.04457799841960271,0.0065532103180885315,0.4306850880384445,0.591466059287389,367,238
-17.664601844530765,-9.625374770550259,-1.4751398077328126,-0.04477114727099736,0.006545588374137878,0.43066931764284766,0.5914519230524699,367,238
-17.646906815411008,-9.617779863926758,-1.4797451000058843,-0.04498890290657679,0.0065706198414166766,0.4306035190820694,0.591435154279073,367,238
-17.62636179730206,-9.619764929925875,-1.4906417737181603,-0.045155862967173256,0.006589708228905995,0.4305408149957657,0.591396023829778,367,238
-17.616801486847415,-9.63351329535286,-1.5046070904782916,-0.04528187960386276,0.006563544273376465,0.43047963579495746,0.5913423001766205,367,238
-17.654487952788863,-9.624515581287891,-1.5555514835553508,-0.045614828666051224,0.0065166304508845006,0.4301780859629313,0.591309239466985,367,238
-17.692955037726797,-9.602126904651861,-1.630626608079882,-0.04593391468127568,0.006499643127123514,0.42984092732270557,0.591323733329773,367,238
-17.717536889611704,-9.578273242231944,-1.7066047902495873,-0.046101120611031846,0.006526552140712738,0.4295999358097712,0.5913805862267811,367,238
-17.729436381885726,-9.554586714513,-1.7779977449023399,-0.04611040155092875,0.006568248073259989,0.42943557600180304,0.5914666652679443,367,238
-17.74169955908011,-9.520785025211726,-1.8834090634095675,-0.046033404767513275,0.006677679717540741,0.4292889187733332,0.5916107396284739,367,238
-17.732766451584556,-9.474732123705891,-1.9877949581626888,-0.045872087279955544,0.006756022572517395,0.42918222149213153,0.591727077960968,367,238
-17.717840132716326,-9.433570901543023,-2.0710207348497174,-0.04571231702963511,0.006802121798197428,0.42911217113335925,0.5918026765187581,367,238
-17.703284630060836,-9.401395408356382,-2.135210893546467,-0.045613110065460205,0.006797860066095987,0.42905305325984955,0.5918486714363098,367,238
-17.68076287297167,-9.356223045455415,-2.182105473028834,-0.045563340187072754,0.006777815520763397,0.4289878557125727,0.5918668409188588,367,238
-17.630839963917026,-9.294069653319248,-2.219260502410444,-0.0454690158367157,0.006734699010848999,0.4289527187744776,0.5918700198332468,367,238
-17.56260319000834,-9.23524423272374,-2.2420273805613933,-0.045334942638874054,0.006695595880349477,0.42896741131941474,0.5918594896793365,367,238
-17.48263713173085,-9.179109675971636,-2.2524565913330377,-0.04518541942040125,0.0066577767332394915,0.42900902032852173,0.5918436745802561,367,238
-17.403273137971944,-9.11560280988948,-2.2570269854242104,-0.04505115250746409,0.006616783638795217,0.4290587504704793,0.5918155411879221,367,238
-17.31314367121137,-9.081119071886267,-2.2557075347220397,-0.04490329325199127,0.006563434998194376,0.42911096413930255,0.5917824606100718,367,238
-17.22770342655125,-9.070829513108455,-2.2449481038014527,-0.044684109588464097,0.006515356401602427,0.42926250398159027,0.5917623539765675,367,238
-17.157080981874763,-9.079124301564438,-2.229507762161327,-0.04446845004955927,0.006485097110271454,0.4294349004824956,0.5917539199193318,367,238
-17.076918213137912,-9.078949475220885,-2.1960466938456054,-0.044155033926169075,0.00642563651005427,0.42973489065965015,0.5917591750621796,367,238
-17.01491559104332,-9.091637614671122,-2.147725472022704,-0.04381280144055684,0.006331813832124074,0.4300803293784459,0.5917784869670868,367,238
-16.973719522140563,-9.116247159187491,-2.0986616681779475,-0.0435455838839213,0.0062481363614400225,0.43035756548245746,0.5917974511782328,367,238
-16.963328560750718,-9.173471366782358,-2.048941080860786,-0.04345616946617762,0.0061865200599034624,0.4305195311705271,0.5918060342470804,367,238
-16.96979506561928,-9.228140730878817,-2.0061289038138908,-0.04349544396003087,0.006133737663427988,0.4306899805863698,0.5918025573094685,367,238
-16.975688668539625,-9.27911246793388,-1.9764656066946464,-0.043585379918416337,0.006096266210079193,0.4308472275733948,0.5918020009994507,367,238
-16.970185769228333,-9.327669154808415,-1.946899187290871,-0.04359695067008336,0.006044755379358927,0.43108449379603064,0.591797262430191,367,238
-16.969155156772985,-9.390135963466452,-1.9307068599794888,-0.043585240840911865,0.005982617537180582,0.4313366264104843,0.5917704204718272,367,238
-16.963005868462997,-9.446167145118713,-1.9244868037657423,-0.04354965686798096,0.005916900932788849,0.4315656224886576,0.5917347570260365,367,238
-16.960717847453658,-9.479840675166047,-1.9199443716315847,-0.043506535391012825,0.005848005414009094,0.4317970921595891,0.5916768709818522,367,238
-16.942889094349585,-9.486265046268997,-1.8987815999845745,-0.043378040194511414,0.005762706200281778,0.4320817391077677,0.591591199239095,367,238
-16.91243561519204,-9.479614403885325,-1.8720292994759231,-0.043184638023376465,0.005669951438903809,0.4323645830154419,0.5914891163508097,367,238
-16.837591862429907,-9.446909842510383,-1.853875718879065,-0.0429312710960706,0.005568270881970723,0.4326427380243937,0.5913736820220947,367,238
-16.715606863461385,-9.383358708426883,-1.8559022727185306,-0.04258406410614649,0.005503992239634195,0.43296654522418976,0.5912958085536957,367,238
-16.600469969084905,-9.322509261748625,-1.8637260280976289,-0.042271894713242844,0.005456877251466115,0.4332479784886042,0.5912367900212605,367,238
-16.53039049505631,-9.271347077270027,-1.8720015212152754,-0.042122719188531235,0.005415680507818857,0.43337981402873993,0.5912052194277445,367,238
-16.48265168806237,-9.244322326515771,-1.87358795088365,-0.04198953757683436,0.005425284306208292,0.4334176381429036,0.5911908547083536,367,238
-16.42578844755493,-9.2192503265878,-1.873427642224975,-0.04182275881369908,0.005441707869370778,0.43345908323923743,0.5911845664183298,367,238
-16.367246545549023,-9.187770023310144,-1.866425010014382,-0.041640713810920715,0.005479169388612111,0.4334830641746521,0.5912022988001505,367,238
-16.300001732182864,-9.111915584672241,-1.8642685242566006,-0.04148106276988983,0.005504133800665537,0.43347567816575366,0.5912574032942454,367,238
-16.236117583394844,-9.025402823212092,-1.8651322219474913,-0.04135172565778096,0.005533300340175629,0.433446541428566,0.5913205146789551,367,238
-16.183505604784557,-8.932347817104414,-1.8702955639910286,-0.04125009973843892,0.005560832719008127,0.43342138826847076,0.5914032558600107,367,238
-16.14117733079466,-8.84289858356076,-1.8746099014115365,-0.04119518647591273,0.005601157744725545,0.43340403338273364,0.5914684534072876,367,238
-16.106492765686077,-8.765326251917058,-1.8751087266986883,-0.04116404553254445,0.005637268225351969,0.4333893905083338,0.5915222366650899,367,238
-16.07393499178143,-8.697658821215981,-1.8748023984861,-0.0411453644434611,0.005670517683029175,0.4333725074927012,0.5915842155615488,367,238
-16.045663066337042,-8.650363909151062,-1.8755487666194854,-0.041129273672898606,0.005721521874268849,0.4333682805299759,0.5916666289170582,367,238
-16.032963254967775,-8.624995516123281,-1.8765519357932434,-0.04112295309702555,0.005773819983005524,0.43336915969848633,0.5917521317799885,367,238
-16.025163006090395,-8.618633396531028,-1.873607972813832,-0.04110203683376312,0.005803465843200684,0.43339507281780243,0.5918192863464355,367,238
-16.015397248869288,-8.61850802126355,-1.8629736119654634,-0.041063092648983,0.005858235061168671,0.43344415724277496,0.5919045011202494,367,238
-16.000647469354448,-8.611944583710986,-1.8517704436734255,-0.04101304213205973,0.0059468746185302734,0.4335004736979802,0.5920184055964152,367,238
-15.993184051268756,-8.60672088141126,-1.8408573406197926,-0.040997688968976334,0.005997230609258016,0.4335456589857737,0.5921429991722107,367,238
-16.001925332727986,-8.631732800180965,-1.833794160847442,-0.041007980704307556,0.005958264072736104,0.4336218436559041,0.5922109186649323,367,238
-16.028917076946406,-8.685398680630636,-1.826226868378459,-0.04106692721446355,0.005877174437046051,0.43368789553642273,0.5922360618909199,367,238
-16.083194284997127,-8.812694136920502,-1.8200644753232122,-0.041165461142857865,0.005801570912202199,0.43374277651309967,0.5922387739022572,367,238
-16.147551331772238,-8.911045212713702,-1.821966650829245,-0.04131407290697098,0.005752302706241608,0.4338073581457138,0.5922613541285197,367,238
-16.206276827204874,-8.978209945532234,-1.8271376854359982,-0.04138001799583435,0.005748326579729715,0.43393516043821967,0.5923120776812235,367,238
-16.18034931100535,-4.285269025676382,-2.8199302824604233,-0.042349182069301605,0.015468376378218332,0.43203866978486377,0.618815263112386,367,717
-15.870974936631606,-0.9354440246048608,-3.3960922618509413,-0.04231026768684387,0.02081708361705144,0.4310765167077382,0.6361380517482758,367,717
-15.675225104861315,0.7810753228038503,-3.6848543547716783,-0.04212470352649689,0.02312348534663518,0.4307941248019536,0.6444661120573679,367,717
-15.55539510437308,0.8591334103491477,-3.6538941833866057,-0.041734362641970314,0.0223778635263443,0.43122903009255725,0.6439338823159535,367,717
-15.534871524228222,0.9273754331198945,-3.5748934522393148,-0.04178490241368611,0.0221549520889918,0.4314514398574829,0.6434607903162638,367,717
-15.560760216254701,0.9552277409883034,-3.4207282070565572,-0.04197055101394653,0.022042900323867798,0.43159331878026325,0.6431122918923695,367,717
-15.589568493351907,0.9702299788712696,-3.2850519186841223,-0.04214972505966822,0.022162613769372303,0.4317362954219182,0.642873207728068,367,717
-15.624852266825208,0.9304434101747296,-3.197970074433325,-0.04221872488657633,0.022290252149105072,0.4318881382544835,0.6426334778467814,367,717
-15.625155507153773,0.8387001499742806,-3.21227660808138,-0.04214133073886235,0.0224192813038826,0.4321044286092122,0.6423019369443257,367,717
-15.576498005248078,0.507599378410967,-3.2553635137913535,-0.04193338006734848,0.02257397522528966,0.4323786447445551,0.6417544782161713,367,717
-15.555827864243405,0.1203743668422598,-3.300255291348239,-0.041731317838033036,0.022691388924916584,0.43262077371279395,0.6411654849847157,367,717
-15.545024032388863,-0.2515008040513379,-3.330983373640981,-0.041616370280583695,0.022762025396029152,0.4327770918607712,0.640649288892746,367,717
-15.531463299589834,-0.5710338674598006,-3.3576578318411694,-0.041556994120279946,0.022409227987130482,0.43295263747374213,0.6397714018821716,367,717
-15.497434264819017,-0.764416079566107,-3.387717260689085,-0.041390933096408844,0.022073350846767426,0.4332335988680521,0.6389915148417155,367,717
-15.43989055399031,-0.9181667842762006,-3.4120140427484027,-0.04117755343516667,0.021819387873013813,0.43353607753912604,0.6383139193058014,367,717
-15.374960515096362,-1.0935608295517354,-3.382092566530005,-0.0409565344452858,0.0213504359126091,0.43387654423713684,0.6373934348424275,367,717
-15.345563027281557,-1.3099137108333814,-3.353115153860923,-0.04083801805973053,0.02104444553454717,0.4340818126996358,0.6366291046142578,367,717
-15.324172493382743,-1.5592546825468365,-3.3194060938726153,-0.04080964128176371,0.020710669457912445,0.43416066964467365,0.6359296441078186,367,717
-15.31630004696636,-1.8235946621692398,-3.2869102513983095,-0.04080311954021454,0.020388347407182057,0.43418804804484046,0.6353206733862559,367,717
-15.305348567989931,-2.012352713186279,-3.2488905768954015,-0.04081060240666071,0.020104738573233284,0.4342009574174881,0.6347862780094147,367,717
-15.305203709533107,-2.1058911291496845,-3.221184647419511,-0.040818395713965096,0.019932478666305542,0.4342174480358759,0.6344147225220997,367,717
-15.305656901570437,-2.1363588967054565,-3.199136672360629,-0.04081082344055176,0.01989933351675669,0.43425120910008747,0.634213497241338,367,717
-15.308003350937117,-2.1281745693173812,-3.1880658261292094,-0.040805160999298096,0.020039918522040047,0.43428781131903327,0.6341776450475056,367,717
-15.307565993134364,-2.1088800196298436,-3.1793371264977024,-0.04079422851403554,0.020215265452861786,0.43432054420312244,0.6341943045457203,367,717
-15.313577262858427,-2.0861573310938573,-3.16137297319539,-0.04080729931592941,0.020304391781489052,0.43434111277262366,0.6341525514920552,367,717
-15.296130244792131,-2.09701515484959,-3.1389055250422517,-0.04073673238356908,0.02021960417429606,0.43443844219048816,0.6339962383111317,367,717
-15.298231196041748,-2.1921072724451616,-3.125528736005558,-0.04067193220059077,0.020110897719860077,0.4345255891482035,0.6338150997956593,367,717
-15.270295874952915,-2.265664826101239,-3.1425994238012516,-0.04053085048993428,0.019919017950693764,0.434693361322085,0.6335684855779011,367,717
-15.220211003866643,-2.2713429855360125,-3.1822170314170153,-0.040375975271066025,0.019660793244838715,0.43488040566444397,0.6332539518674214,367,717
-15.161502985822384,-2.2292512153857293,-3.220129331752715,-0.04021900147199631,0.019424123068650562,0.4350637396176656,0.6329793234666188,367,717
-15.127721810455572,-2.2276363365080982,-3.2609924571512634,-0.04010975360870361,0.01935061812400818,0.4351584563652674,0.6328220268090565,367,717
-15.115335715326827,-2.232638252917636,-3.26914348815745,-0.040040190021197,0.01930477718512217,0.4351840317249298,0.6326729953289032,367,717
-15.10295717444167,-2.2211557912326114,-3.245113925555664,-0.03994295001029968,0.019224065045515694,0.4352034330368042,0.6325064301490784,367,717
-15.10887612665157,-2.208092278132665,-3.195689812111012,-0.03989481180906296,0.01918701330820719,0.4352085739374161,0.6324005424976349,367,717
-15.13447214332269,-2.2262622151023215,-3.17885094343211,-0.03987530618906021,0.01925377051035563,0.4352083255847295,0.6323766907056172,367,717
-15.166708889729394,-2.2439546910202823,-3.1710493873403065,-0.039885682364304856,0.019381485879421234,0.43520209689935047,0.6324029664198557,367,717
-15.18576438607485,-2.2457022936602558,-3.153404589161121,-0.03989974409341812,0.019478924572467804,0.4351970851421356,0.6323962310949961,367,717
-15.160553185074527,-2.188093020791773,-3.1216903525074375,-0.03990832964579264,0.01954446236292521,0.43521302938461304,0.6323304573694865,367,717
-15.119287671268825,-2.102002184175117,-3.08863308606042,-0.03991321474313736,0.019618252913157143,0.4352323810259501,0.6322674751281738,367,717
-15.080700875059373,-1.9919607805586894,-3.0615463580172877,-0.039920384685198464,0.01972728967666626,0.43525049090385437,0.6321999132633209,367,717
-15.045674407743478,-1.9293368276457223,-3.0351509644056827,-0.039914682507514954,0.0196914200981458,0.43528231481711066,0.6319909691810608,367,717
-15.013434551787174,-1.8910089047819625,-3.0132339023570656,-0.03989335894584656,0.019599067668120064,0.4353259205818176,0.6317476729551951,367,717
-14.9690736349947,-1.8636830006826886,-2.982850165862759,-0.039802039662996926,0.019466832280158997,0.435441717505455,0.6314491331577301,367,717
-14.901560271441438,-1.7417035738499982,-2.9741102277066034,-0.039650966723759964,0.019459101061026253,0.4356242020924886,0.6311577061812083,367,717
-14.853640769286056,-1.6144104736402123,-2.964308804862043,-0.03956959148248036,0.019491394360860188,0.43576887249946594,0.6309439738591511,367,717
-14.810358198571059,-1.53427398749146,-2.9580672958095002,-0.03944095720847447,0.019221782684326172,0.435969536503156,0.6304164628187815,367,717
-14.775635046182177,-1.5126565307187696,-2.9459819254275574,-0.0392863651116689,0.018855815132459004,0.43618740638097125,0.6297762890656788,367,717
-14.743679976132569,-1.4895136555815829,-2.9335352383908653,-0.03914770235617955,0.018575583895047505,0.436378409465154,0.6292475958665211,367,717
-14.734122328289102,-1.4908964940909426,-2.9146779175543056,-0.03907862802346547,0.018435475726922352,0.43649745980898536,0.6288647751013438,367,717
-14.735490189166288,-1.502109855381661,-2.882636363631046,-0.039024484654267624,0.01849488914012909,0.43660529951254523,0.6285674373308817,367,717
-14.735253374549478,-1.4943526546862205,-2.823838907615218,-0.03900488714377085,0.018604256212711334,0.4366968472798665,0.628361423810323,367,717
-14.722335001350006,-1.5010735244652722,-2.75499960735796,-0.03894232461849848,0.018618072072664894,0.4368322044610977,0.6280758281548817,367,717
-14.676268552657408,-1.5365398793194667,-2.704474309393869,-0.03880415360132853,0.018751668433348335,0.4370074371496836,0.6278380254904429,367,717
-14.629160040803427,-1.574748793817792,-2.660602560205356,-0.03868084400892258,0.01887735476096471,0.43715070684750873,0.6276266872882843,367,717
-14.575680709753296,-1.6241673388903601,-2.6148967766611095,-0.038567262391249336,0.018939311305681862,0.4372573445240656,0.62742879986763,367,717
-14.539618974143458,-1.729480091232915,-2.5743057447697772,-0.038530158499876656,0.01879530648390452,0.43729261060555774,0.6270832916100819,367,717
-14.514521645481025,-1.8549256804072967,-2.543733975433539,-0.038525325556596116,0.018635700146357216,0.4372951040665308,0.6267499923706055,367,717
-14.497155037270026,-1.9626823246351726,-2.5218068682191133,-0.0385355328520139,0.018399298191070557,0.43728648622830707,0.6263624429702759,367,717
-14.465554249596487,-2.054353227063019,-2.5000158477641548,-0.038496069610118866,0.0181183194120725,0.43732136984666187,0.6259036461512247,367,717
-14.43960259751218,-2.1226420478781813,-2.483591038705084,-0.03845975796381632,0.01790450265010198,0.4373609622319539,0.6255230108896891,367,717
-14.407439397793919,-2.1905842518841454,-2.4663961427045193,-0.03836355358362198,0.017654394110043842,0.4374338885148366,0.6251379052797953,367,717
-14.348357390038835,-2.2592610980484,-2.4597624024370592,-0.0381732905904452,0.017339040835698444,0.43757033348083496,0.6247032781442006,367,717
-14.286606002932885,-2.322308669059454,-2.4599115255857686,-0.03800707062085469,0.017072774469852448,0.4376918077468872,0.6243398785591125,367,717
-14.211701405873113,-2.359524304103897,-2.4721666959942654,-0.03780046602090199,0.016778315107027687,0.437834769487381,0.6239829162756602,367,717
-14.165465928613708,-2.3820928063706477,-2.4994099562342376,-0.03768960138161977,0.016467340290546417,0.43791464964548743,0.6235974331696827,367,717
-14.13652226690773,-2.4019377001286397,-2.5240640065336946,-0.037650088469187416,0.016215483347574867,0.43795137604077655,0.6232661406199137,367,717
-14.122562456109025,-2.4214328987382157,-2.5390844580453433,-0.037662538389364876,0.01606402297814687,0.43795783817768097,0.6230172912279764,367,717
-6.42223035622535,1.6433287956710387,-1.580651379340113,-0.015529312193393707,0.021177331606547035,0.46722289423147834,0.6387629111607869,735,956
-1.1444910227894725,4.588443700304472,-0.9096023748036512,-0.0006675596038500462,0.025320425629615784,0.4872531592845917,0.6505836347738901,735,956
1.5585832106728619,6.226195122302061,-0.5915770530714358,0.006711341440677643,0.02773185819387436,0.4975291242202123,0.6572597821553547,735,956
1.8222340593699098,6.537030302412655,-0.5666763724931179,0.007195887466271718,0.028123180071512856,0.49850302934646606,0.6584448019663492,735,956
2.0866278629065915,6.785296668614634,-0.5705851925349155,0.007795006036758423,0.02838915338118871,0.4996028443177541,0.6593135197957356,735,956
2.300612340536351,6.9766821547773095,-0.5785789267904491,0.00813807298739751,0.028616003692150116,0.5003690322240193,0.6599168181419373,735,956
2.527820555785306,7.1941132413150015,-0.5106792928042333,0.008460044860839844,0.028705880045890808,0.5011078615983326,0.6602358520030975,735,956
2.796793499731618,7.40281958576637,-0.3862447314582719,0.009041905403137207,0.0286125640074412,0.5020678142706553,0.6604403853416443,735,956
3.0156776829175334,7.55651209469452,-0.2593953924689297,0.009587734937667847,0.028523802757263184,0.5030594766139984,0.6607251564661661,735,956
3.149146112597443,7.658622581746414,-0.1915236728594508,0.009932458400726318,0.028609062234560646,0.5037302076816559,0.6611043612162272,735,956
3.226587927096939,7.716753504767727,-0.1516052871708617,0.010055206716060638,0.02870256205399831,0.5041842758655548,0.6614233652750651,735,956
3.2501017105440067,7.678300209280299,-0.19200679594953493,0.010107559462388355,0.028687236209710438,0.5045743683973948,0.6616024772326151,735,956
3.2458093144370683,7.590457121371935,-0.25934835945468004,0.010064758360385895,0.028692399462064106,0.5048213402430216,0.6617302199204762,735,956
3.215942220778718,7.50500412181972,-0.3100020462198315,0.009946448107560475,0.028635057310263314,0.5049457252025604,0.6619109710057576,735,956
3.178160847269239,7.431150652776713,-0.3243802007978662,0.009757734835147858,0.028587902585665383,0.5050303737322489,0.6622250477472941,735,956
3.1390403338980835,7.385034940816611,-0.33422607789861436,0.009616352617740631,0.028584597011407215,0.5051195323467255,0.6625782450040181,735,956
3.110480912036514,7.352072101474496,-0.327559751828695,0.00956244518359502,0.02854689210653305,0.5052555501461029,0.6628575026988983,735,956
3.0862881267087823,7.3275030701773725,-0.35407608414639036,0.0095731516679128,0.028443346420923867,0.5054695804913838,0.6630222002665201,735,956
3.072104492739302,7.308401952189215,-0.3871617692987045,0.009608263770739237,0.028349218269189198,0.5056711832682291,0.6631195247173309,735,956
3.063622654376391,7.295172778548974,-0.42050784265605895,0.009694357713063557,0.02841282139221827,0.5058826605478922,0.6632640262444813,735,956
3.0746030216725626,7.279420275848262,-0.4301225456343257,0.00983597586552302,0.02850123991568883,0.5061149994532267,0.6634036799271901,735,956
3.090502108946741,7.258840377897472,-0.4328038023948755,0.00997626781463623,0.02854375789562861,0.5063225328922272,0.6634997030099232,735,956
3.1255689659437023,7.224063740587485,-0.414785967638104,0.010153164466222126,0.028512604534626007,0.5065378149350483,0.6635377605756123,735,956
3.1693349087926896,7.181374663492429,-0.3867566880033715,0.010333267350991566,0.028455138206481934,0.506740649541219,0.6635347008705139,735,956
3.2182101894756627,7.1532570441188,-0.35625138505098236,0.010513770083586374,0.028398322562376656,0.5069393416245778,0.6635261376698811,735,956
3.2536996255560595,7.14269900215039,-0.3345035531603003,0.010630855957667032,0.028367807467778523,0.5070768892765045,0.6635304292043049,735,956
3.2840434144516495,7.148066466371583,-0.327287069412291,0.01074497898419698,0.02837716042995453,0.5072142283121744,0.663544237613678,735,956
3.313504028654015,7.146495662404834,-0.3314606777350342,0.010906276603539784,0.028402974208196003,0.5074065923690796,0.6635705729325612,735,956
3.342564877771971,7.140467528754526,-0.3397312862114559,0.011072136461734772,0.028429473439852394,0.5075965821743011,0.6636042098204294,735,956
3.383423474882494,7.124656584476202,-0.3451541199953799,0.01126991460720698,0.028462111949920654,0.50782244404157,0.6636511087417603,735,956
3.4092174942352838,7.112350307017338,-0.35182921631945074,0.011391527950763702,0.028501036266485848,0.507979651292165,0.6636916200319926,735,956
3.425482026882014,7.100781889171277,-0.35721305491473154,0.011463684340318043,0.028538912534713745,0.5080868105093638,0.663720558087031,735,956
3.4355388266383926,7.089320937945999,-0.35934028311418,0.011503587166468302,0.028608180582523346,0.5081558624903361,0.6637320816516876,735,956
3.4373480244455683,7.08551860202334,-0.36334856846381186,0.011478789150714874,0.028729582826296486,0.5081596672534943,0.663739671309789,735,956
3.4317887254676602,7.087490354304988,-0.36867927750783847,0.011412235597769419,0.028871916234493256,0.5081245303153992,0.663751075665156,735,956
3.4175329135148536,7.091132087206898,-0.3807726608255866,0.01131549725929896,0.029021471738815308,0.5080850223700205,0.6637553473313649,735,956
3.383050624512541,7.097317223803005,-0.40104401358619185,0.011192746460437775,0.02914818376302719,0.5080163280169169,0.6637452940146128,735,956
3.340694616399867,7.105425846490137,-0.42309552590196686,0.01106601705153783,0.029247651497522988,0.5079320073127747,0.6637311577796936,735,956
3.299843120598897,7.0988583427029806,-0.4425845078260901,0.01091688871383667,0.029260496298472084,0.5078181624412537,0.6636621256669362,735,956
3.2671737238014327,7.078022667271789,-0.4514283214867615,0.01078548530737559,0.02921053518851598,0.5077049533526102,0.6635109881560007,735,956
3.2369468561030255,7.055133777008745,-0.45410322922092805,0.010654767354329426,0.02916855861743291,0.5075854857762654,0.6633731226126353,735,956
3.201834380972171,7.014656536439678,-0.4576341528303598,0.010564923286437988,0.029103346168994904,0.5074975788593292,0.6632170975208282,735,956
3.16233160025367,6.956277492996944,-0.4615200782086435,0.010489106178283691,0.029018903772036232,0.5074199338754017,0.6630246440569559,735,956
3.1263472274212325,6.89742292631345,-0.46417525957840733,0.010419458150863647,0.02893685052792231,0.5073458353678385,0.6628493467966715,735,956
3.093561543226669,6.844279328521836,-0.46588454464918866,0.01034821073214213,0.028809770941734314,0.5072684784730275,0.6626548071702321,735,956
3.072138525925836,6.815651744590983,-0.4686891046616101,0.010295880337556202,0.02873629828294118,0.5072039564450581,0.6625061333179474,735,956
3.0595044415165336,6.799538732177179,-0.4723888027627151,0.01026018460591634,0.028704466919104256,0.5071533521016438,0.6623924871285756,735,956
3.0597013438471334,6.806466766247219,-0.4722465749042936,0.010254231592019398,0.02874215692281723,0.5071281592051188,0.6623032291730244,735,956
3.0622163750533877,6.824452638303477,-0.4745084234604009,0.010262727737426758,0.02878568818171819,0.507113496462504,0.6622338990370432,735,956
3.0648340093753292,6.849221400944465,-0.47868131492562044,0.010276126364866892,0.028822133938471474,0.5071023901303608,0.662189374367396,735,956
3.067601727674404,6.882036319722836,-0.4823523341305631,0.010295405983924866,0.02885443220535914,0.5070939262708027,0.6621712843577067,735,956
3.076431018977123,6.90918374877627,-0.48686069090540085,0.010338559746742249,0.028878062963485718,0.5071057776610056,0.6621637046337128,735,956
3.0859982447158263,6.941593651823528,-0.4924664380262181,0.010388679802417755,0.028897608319918312,0.5071230431397755,0.6621617476145426,735,956
3.099188673933444,6.971225066253563,-0.5005894962154188,0.010455360015233357,0.02889586240053177,0.5071383615334828,0.6621505518754323,735,956
3.1126077086849167,7.021191755835959,-0.5198556347101896,0.010540006061395008,0.02889048308134079,0.5071444809436798,0.6621505220731099,735,956
3.123588334253612,7.072320278538053,-0.5418402701964868,0.010625379780928293,0.028883670767148335,0.5071452756722767,0.6621547142664591,735,956
3.1260852743694247,7.149143860983808,-0.5686455962585171,0.010716147720813751,0.028902269899845123,0.5071414212385813,0.6621867517630259,735,956
3.1332523137381543,7.258962126664311,-0.5946001576900702,0.010798826813697815,0.02895128478606542,0.5071337024370829,0.6622517208258311,735,956
3.136860220955951,7.376600808521333,-0.6185010576764011,0.010865074892838795,0.029022606710592903,0.5071235696474711,0.6623406807581583,735,956
3.1254175066160967,7.470323161482984,-0.6429060063170181,0.01088275263706843,0.029104404151439667,0.5070823530356089,0.6624367634455363,735,956
3.1037009130287014,7.5433359987998445,-0.6644524975428457,0.010854686299959818,0.029185029367605843,0.5069807171821594,0.6625330249468485,735,956
3.0812133989759225,7.588518301477472,-0.6781673082540383,0.010788905123869577,0.02925901859998703,0.5068413118521372,0.6626253227392832,735,956
3.0611335320375694,7.628786398661938,-0.6873666314336717,0.010698795318603516,0.029336062570412953,0.5066828926404316,0.6626879274845123,735,956
3.048837258562301,7.646747269432447,-0.7020603345539049,0.010612557331720987,0.029507942497730255,0.5065351327260335,0.6627143720785776,735,956
3.0264843166704285,7.654440399338451,-0.7260975884879939,0.010456783076127369,0.029748221238454182,0.506324936946233,0.6626986861228943,735,956
3.0009371697333727,7.649846306495666,-0.7511229977615015,0.01028500497341156,0.029981041948000588,0.5061050355434418,0.6626547873020172,735,956
2.9719304972503813,7.644280441656125,-0.7768689940122873,0.010117930670579273,0.030129551887512207,0.5058869024117787,0.6625510255495707,735,956
5.331463256145365,3.526233843766956,-0.2505506334358538,0.016233896215756733,0.021731046338876087,0.5147799948851267,0.6421693960825602,1102,717
6.841363575220267,0.7707640357687557,0.05290711921237211,0.020244315266609192,0.016215751568476357,0.5206509133179982,0.6283598045508066,1102,717
7.572884173333872,-0.7212237838102438,0.1689830572299188,0.02238017568985621,0.013345060249169666,0.523777703444163,0.6210963825384775,1102,717
7.622182509441764,-0.915466336160577,0.1488305338448839,0.022755625347296395,0.01319769024848938,0.5242633322874705,0.6204740901788075,1102,717
7.8380666403141355,-1.0905379864697555,0.15819956809350427,0.023752818504969277,0.01317344605922699,0.5254672567049662,0.6201054354508717,1102,717
8.064528884131866,-1.181957606793822,0.1718181177558821,0.024682814876238503,0.013294498125712076,0.5265414615472157,0.6199857493241627,1102,717
8.301595150688382,-1.2137518907116083,0.1880684391114062,0.025682630638281502,0.013391003012657166,0.5278391242027283,0.619988352060318,1102,717
8.533840577096445,-1.2545269647247772,0.16259395962688367,0.026577167212963104,0.013619571924209595,0.5292460322380066,0.6201231082280476,1102,717
8.738707415897611,-1.3222916218055545,0.14213792921280227,0.027101541558901467,0.0139055202404658,0.5302015940348307,0.6202715734640757,1102,717
8.995529392390026,-1.4167485515397544,0.13258023463221813,0.027690852681795754,0.014179840683937073,0.5311139027277628,0.6204381485780079,1102,717
9.279894667118516,-1.4907834489700673,0.14584818066351174,0.02843967576821645,0.014384520550568897,0.5320753852526346,0.620577851931254,1102,717
9.503025708299973,-1.5462310076146775,0.15632871218142605,0.028947586814562477,0.01456105460723241,0.5327506860097249,0.6207078099250793,1102,717
9.618159586250624,-1.576561798859941,0.16325678101974134,0.029223966101805367,0.014682049552599588,0.5331307252248128,0.6207893987496693,1102,717
9.651253288521794,-1.588052860247895,0.16272146042452557,0.029250229398409523,0.014752805233001709,0.5332604050636292,0.6208587189515431,1102,717
9.644122373763897,-1.573979329218457,0.16525949012451896,0.029155207177003224,0.014815504352251688,0.5332665840784708,0.6209329863389332,1102,717
9.60257750860653,-1.5519456797077757,0.15323676057143065,0.028943195939064026,0.014844149351119995,0.533145010471344,0.6209780772527058,1102,717
9.551323787401323,-1.538673685584505,0.13281648018447534,0.0287121112147967,0.014819112916787464,0.5329762697219849,0.6209663550059,1102,717
9.48677837093704,-1.5711389773466633,0.10874670102350781,0.028473466634750366,0.014606351653734842,0.5327706138292948,0.6207735041777293,1102,717
9.434570119529788,-1.6098902409890843,0.09213129041723446,0.028291093806425728,0.01435804118712743,0.5326039791107178,0.6205423474311829,1102,717
9.381098747831569,-1.6462821426439138,0.07399819627869794,0.028129950165748596,0.014154769480228424,0.5324561595916748,0.6203530232111613,1102,717
9.327404036623001,-1.7263703577731433,0.04631529613955696,0.028013192117214203,0.014007553458213806,0.5323395331700642,0.6202085415522257,1102,717
9.280337969594441,-1.8414547599568234,0.013032936559964337,0.027923762798309326,0.013870636622111002,0.5322449008623759,0.6200762192408243,1102,717
9.251534460124192,-1.9288737351721474,-0.010218698605656268,0.027860293785730995,0.01373204340537389,0.5321740806102753,0.6199696163336436,1102,717
9.231523765971625,-1.9812718954336712,-0.024031837296052815,0.027810926238695778,0.01358783741792043,0.5321186284224192,0.6198722422122955,1102,717
9.206173840504828,-2.0143116539797274,-0.029509434951113522,0.02778597424427668,0.01346139113108317,0.5320873856544495,0.6198079983393351,1102,717
9.187536625479652,-2.038418956868032,-0.02661342836788365,0.027775083978970844,0.013336462279160816,0.5320722659428914,0.6197704970836639,1102,717
9.17345658322737,-2.0574441535234747,-0.020322571692861932,0.02777068316936493,0.013203384975592295,0.532064398129781,0.6197365125020344,1102,717
9.168496091391619,-2.0726762550343127,-0.020025426237146204,0.027777391175429024,0.01306879272063573,0.5320444802443186,0.6197044849395752,1102,717
9.184782107698716,-2.0819062727075957,-0.024900636251886668,0.027804250518480934,0.012956385811169941,0.5320221185684204,0.6196935375531514,1102,717
9.214194116355785,-2.0897756198273054,-0.03133296282601248,0.027838416397571564,0.0128536323706309,0.53200230995814,0.6196925342082977,1102,717
9.252562310366173,-2.10285026235613,-0.04551236416365945,0.027918835481007893,0.012804053723812103,0.5319869617621104,0.6196971535682678,1102,717
9.279707788202032,-2.113390961728132,-0.06646789423552776,0.027997538447380066,0.012785062193870544,0.5319759051005045,0.6197141210238138,1102,717
9.268798062095732,-2.09783803653176,-0.08919414172117549,0.028015372653802235,0.0127979243795077,0.531912624835968,0.619739830493927,1102,717
9.241611582472338,-2.0735432897925277,-0.1106676760486821,0.027976820866266884,0.012848687668641407,0.5318162639935811,0.6198032200336456,1102,717
9.205525540491639,-2.037128702226701,-0.12779390039462682,0.02791027228037516,0.01293725272019704,0.5316947102546692,0.6198968887329102,1102,717
9.156729277165466,-1.981012320733766,-0.13601856771694204,0.027801111340522766,0.013104756673177082,0.531529168287913,0.6200690865516663,1102,717
9.107327929004915,-1.9192357039031527,-0.13842986266507584,0.027691962818304695,0.013282477855682373,0.5313679277896881,0.6202493806680043,1102,717
9.056361836283447,-1.8433678318885787,-0.13617393243617865,0.02759554237127304,0.013467262188593546,0.5312322378158569,0.6204305489857991,1102,717
9.025097587519118,-1.7979936527146134,-0.14183657126094817,0.027538669606049854,0.013641295333703358,0.5311373174190521,0.6206014951070149,1102,717
9.002398509150549,-1.766956972937658,-0.1491343667984788,0.027494028210639954,0.013795346021652222,0.5310643116633097,0.6207563877105713,1102,717
8.988816050855192,-1.741352595773583,-0.1539782006531921,0.027475131054719288,0.013896338641643524,0.5310278932253519,0.620859811703364,1102,717
8.980035648642923,-1.7194503200752091,-0.15611461755495504,0.027467521528402962,0.013957694172859192,0.5310121874014536,0.6209226648012797,1102,717
8.973482459885457,-1.7114185010475864,-0.16601024117000973,0.027457873026529946,0.013973817229270935,0.5310013592243195,0.6209462483723958,1102,717
8.963816171547855,-1.7067977137353785,-0.17681161761774228,0.02742671469847361,0.01397494226694107,0.5309753914674122,0.6209519406159718,1102,717
8.946177978335282,-1.699926241856852,-0.18350306469057548,0.02734913925329844,0.013953526814778645,0.5309127370516459,0.620955874522527,1102,717
8.928811728970139,-1.6870597445252193,-0.1846394632958209,0.027277037501335144,0.013932762046655018,0.5308572550614674,0.6209591627120972,1102,717
8.911304513322595,-1.6700833099614565,-0.18209569405158849,0.027183853089809418,0.013916144768397013,0.5307869414488474,0.6209826966126759,1102,717
8.900276484144635,-1.6429652201477318,-0.17892010861444047,0.027124213675657906,0.013894575337568918,0.5307445923487345,0.621000458796819,1102,717
8.892808973138333,-1.6178785987475828,-0.17586986142640193,0.027084415157636006,0.013871846099694569,0.5307179292043049,0.6210150818030039,1102,717
8.890566933356308,-1.5791166626129516,-0.17083411687754876,0.027060039341449738,0.013846514125665028,0.5307082732518513,0.6210234661897023,1102,717
8.885952111142565,-1.5266831799080318,-0.16252416827326466,0.027040700117746987,0.013826106985410053,0.5306985576947529,0.6210302015145619,1102,717
8.881365178803694,-1.4670346029905121,-0.15290401246415353,0.027029402554035187,0.01380860557158788,0.5306921303272247,0.6210357745488484,1102,717
8.876031597764628,-1.4214051524349585,-0.14852791350057398,0.027021589378515877,0.013814066847165424,0.5306859612464905,0.6210482716560364,1102,717
8.876421765991722,-1.3943962164889072,-0.14231546623898406,0.027029732863108315,0.013824289043744404,0.5306828320026398,0.621058980623881,1102,717
8.877081151880143,-1.3811301176951065,-0.1382147119043986,0.02703838547070821,0.013826705515384674,0.5306749542554219,0.6210653483867645,1102,717
8.869518413802107,-1.3748381885999454,-0.1338019499215716,0.02701647082964579,0.0138197789589564,0.5306400954723358,0.6210601826508839,1102,717
8.868494392381137,-1.3573433320249917,-0.13064257411783545,0.027021050453186035,0.013818316161632538,0.5306147734324137,0.621054043372472,1102,717
8.865734987232106,-1.3351891391626514,-0.13118604288590557,0.027030001084009804,0.013823352754116058,0.5305945475896199,0.6210508942604065,1102,717
8.866540553102926,-1.291867577236812,-0.13968026239488612,0.027058877050876617,0.013828573127587635,0.5305734674135844,0.6210506161053975,1102,717
8.865861824184059,-1.2574170247681917,-0.1591076911975119,0.027063128848870594,0.013856890300909678,0.5305259227752686,0.6210528910160065,1102,717
8.867856122537168,-1.2430513934938567,-0.18258958708598877,0.027061579128106434,0.013892680406570435,0.5304680168628693,0.6210582753022511,1102,717
8.869100727857186,-1.2430442687661798,-0.20271833862659422,0.02703206737836202,0.013925112783908844,0.5303951402505238,0.6210639377435048,1102,717
8.870782824834098,-1.2469137673566522,-0.21550028712862426,0.02700452258189519,0.013942499955495197,0.5303299228350321,0.6210682392120361,1102,717
8.869505192220355,-1.2476990151723157,-0.22343220707900532,0.026971238354841866,0.013951557377974192,0.5302718579769135,0.621070921421051,1102,717
8.865151703137855,-1.2436601331415953,-0.22549360515247352,0.026931777596473694,0.013963893055915833,0.5302139321962992,0.6210737029711405,1102,717
8.858168018995904,-1.2392792066787441,-0.22633515926580408,0.026897293825944264,0.013983592391014099,0.5301685730616251,0.6210757593313853,1102,717
8.852441751336151,-1.2361890228961805,-0.22681175181251112,0.026884622871875763,0.014006870488325754,0.5301375190416971,0.62107715010643,1102,717
12.859000877043195,-8.981168762773406,-1.0867439348870724,0.03505908201138178,0.0016770760218302403,0.5398332277933756,0.5905812780062357,1470,0
15.640549408887455,-14.479049256887182,-1.7582338938923092,0.040749525030453995,-0.005868956446647644,0.5466518898804982,0.5683860778808594,1470,0
16.97115935903505,-17.37354396693507,-2.1663338766090083,0.04369628677765528,-0.0091171662012736,0.5503336985905964,0.5566360751787821,1470,0
16.912512918836732,-17.603647640061574,-2.2516443853939796,0.04383504390716553,-0.008506181339422861,0.550691545009613,0.5556669731934865,1470,0
16.84906671468598,-17.596270913038136,-2.2619006864536444,0.04398642728726069,-0.008204648892084757,0.5509848694006602,0.5555069446563721,1470,0
16.81868151670468,-17.480144347975344,-2.231219207257463,0.04415283352136612,-0.007943466305732727,0.5512105226516724,0.5556381146113077,1470,0
16.806995556989854,-17.348059407583357,-2.1913309437370625,0.04429381340742111,-0.0077277421951293945,0.5513654847939808,0.5557996233304341,1470,0
16.806087418422564,-17.217466044999078,-2.1693261992176867,0.044306082030137375,-0.007652498781681061,0.5513960123062134,0.5560093422730763,1470,0
16.803985409381625,-17.046590265594432,-2.157573618555732,0.04431893428166707,-0.0075645049413045245,0.5514205098152161,0.5563250184059143,1470,0
16.801408881424035,-16.8855892561758,-2.155495289166922,0.044301554560661316,-0.007430821657180786,0.5514194170633951,0.5567273795604706,1470,0
16.80633353060137,-16.75657432775244,-2.1532042725226246,0.04430782049894333,-0.007286486526330312,0.5514311691125233,0.5570731063683827,1470,0
16.760461744649824,-16.543982514889755,-2.1343923527994777,0.04426400611797968,-0.007202997803688049,0.5513948798179626,0.5573447446028391,1470,0
16.705378342175717,-16.381177835532377,-2.119184384415706,0.04421199361483256,-0.007185781995455423,0.5513436396916707,0.5575453738371531,1470,0
16.653122136424404,-16.285497248188612,-2.11618014138541,0.0441538542509079,-0.0072053397695223485,0.5512849291165669,0.5576892395814259,1470,0
16.593372673137033,-16.226383101938836,-2.1243923129188627,0.0441205029686292,-0.00720402846733729,0.5512494941552479,0.5577871203422546,1470,0
16.5269126952534,-16.146964466660897,-2.124238116204393,0.04408679405848185,-0.007178281744321187,0.551214834054311,0.5578720271587372,1470,0
16.472820772101024,-16.088873566517393,-2.12179815984831,0.04405263811349869,-0.0071430504322052,0.5511817435423533,0.5579509139060974,1470,0
16.41218579220572,-15.997270192557185,-2.0981529686338707,0.04402439544598261,-0.007147073745727539,0.5511600176493326,0.5580197274684906,1470,0
16.339190421808503,-15.859358139070553,-2.0617549349530147,0.04400735845168431,-0.007134447495142618,0.5511461397012074,0.5581213931242625,1470,0
16.28111438639825,-15.733388686070285,-2.027564843532233,0.043991910914580025,-0.00714946041504542,0.5511310597260792,0.5582033296426137,1470,0
16.250671069915374,-15.654320711975856,-2.000766982784547,0.043979234993457794,-0.007201758523782094,0.5511124928792317,0.5582957764466603,1470,0
16.24263091557841,-15.621306853793026,-1.9848302578188444,0.04396443565686543,-0.0072289978464444475,0.5510946412881215,0.5584188401699066,1470,0
16.24348546249044,-15.606277740056848,-1.97592661079819,0.04395492126544316,-0.007226896782716115,0.5510779619216919,0.5585527022679646,1470,0
16.2515829369112,-15.60671995060933,-1.9710880829450648,0.04395530621210734,-0.00722497949997584,0.55106516679128,0.5586814781030018,1470,0
16.275472527230008,-15.627254954339797,-1.9695694769210357,0.04400845865408579,-0.007189082602659861,0.5511027077833811,0.5588342944780985,1470,0
16.314802681565002,-15.686259221772954,-1.9627279374126592,0.04406792173782984,-0.007103982071081797,0.5511528054873148,0.5590378940105438,1470,0
16.370750381762637,-15.758056564504297,-1.953154365298115,0.04415825754404068,-0.007001268366972605,0.5512233277161915,0.5592293242613474,1470,0
16.403008343878902,-15.804560885583829,-1.9300707096962375,0.0442158579826355,-0.006867806116739908,0.5512811442216237,0.5594538748264313,1470,0
16.42356198212047,-15.805195334882658,-1.9019360394351754,0.044295549392700195,-0.006666988134384155,0.5513637959957123,0.5597863992055256,1470,0
16.443030661158872,-15.795969937945113,-1.8773513476762762,0.044384206334749855,-0.006491169333457947,0.5514577726523081,0.5600937406222025,1470,0
16.470514210390178,-15.752031033765928,-1.8575370305798908,0.044436049958070115,-0.0062886377175649,0.5515162348747253,0.5604192415873209,1470,0
16.49351718400064,-15.710827698113986,-1.8327847793820848,0.0444576491912206,-0.006174340844154358,0.5515522360801697,0.5607077678044636,1470,0
16.513392211882085,-15.686648881270353,-1.8145901499583172,0.04448409130175908,-0.006131393214066823,0.5515904724597931,0.5609216590722401,1470,0
16.54265290861612,-15.597472920529684,-1.8053163614284886,0.04452695697546005,-0.00603123257557551,0.5516393383344014,0.5612111687660217,1470,0
16.59205609937071,-15.440745021342188,-1.808756060439488,0.04460856318473816,-0.005913299818833669,0.5517052511374155,0.5615965326627095,1470,0
16.62390614617903,-15.275963601500361,-1.8140588095764323,0.044684971372286476,-0.005810605982939402,0.5517522493998209,0.5619513988494873,1470,0
16.660426716486484,-15.182058851481784,-1.8229419090852848,0.04481352120637894,-0.005706896384557088,0.5518247683842976,0.5622410078843434,1470,0
16.696635359231806,-15.117578819321688,-1.8389023757179692,0.04491903136173884,-0.005552475651105245,0.5518910686175028,0.5625319083531697,1470,0
16.729087152213534,-15.076249953103467,-1.856355043114811,0.04499724507331848,-0.005437187850475311,0.5519456366697947,0.5627618332703908,1470,0
16.755301157351035,-15.037471381903003,-1.8741080643831154,0.045062425235907234,-0.005405818422635396,0.5519978602727253,0.5629033048947651,1470,0
16.774380507010154,-14.962896920945473,-1.8798911407543626,0.0451287825902303,-0.005438591043154398,0.5520512163639069,0.5629798074563344,1470,0
16.78577806694163,-14.886565370937966,-1.8799748541974493,0.045183407763640084,-0.005494227011998494,0.552095224459966,0.563025027513504,1470,0
16.766407204733582,-14.821332118223,-1.8639913801101833,0.04517762362957001,-0.005558520555496216,0.5521068076292673,0.5630672474702199,1470,0
16.696901289367418,-14.73629571927707,-1.8352327901550944,0.04508836567401886,-0.0055391838153203326,0.5520732005437214,0.5631819069385529,1470,0
16.62040458666623,-14.66391361515474,-1.8072059527657816,0.04497772455215454,-0.005497420827547709,0.5520227452119191,0.5633155306180317,1470,0
16.54865840039983,-14.579884945615802,-1.7989607018378277,0.0449015349149704,-0.005416837831338246,0.551983505487442,0.5634746352831522,1470,0
16.504492328646055,-14.545167101704912,-1.795470786624192,0.04483102262020111,-0.005408046146233876,0.5519286493460337,0.5636160771052042,1470,0
16.476753644323296,-14.54579322186973,-1.8027444975285722,0.04477962106466293,-0.005440426369508107,0.5518871545791626,0.5636945168177286,1470,0
16.459369736760195,-14.543255420467178,-1.8004256809302481,0.044730929036935166,-0.005394414067268372,0.5518496930599213,0.563848465681076,1470,0
16.42003158610418,-14.47556864342479,-1.7917019852652638,0.04470806072155634,-0.005287585159142812,0.5518330534299214,0.5640674730141957,1470,0
16.38063766720272,-14.388310405834337,-1.7824633633776075,0.04469651232163111,-0.005208231508731842,0.5518258611361185,0.564248243967692,1470,0
16.359572046845514,-14.3393058508975,-1.7745469536058633,0.04469413061936696,-0.005175078908602396,0.5518216888109843,0.5643862883249918,1470,0
16.334598579460582,-14.318399609615032,-1.7709159170272595,0.04467145601908366,-0.005166200300057729,0.5517928103605906,0.5645089248816172,1470,0
16.310145654365478,-14.306723820893101,-1.7704930188062868,0.04465264827013016,-0.00517462690671285,0.5517624815305073,0.5646172563234965,1470,0
16.292172061956798,-14.304214459574167,-1.7751587892873628,0.0446684459845225,-0.005201414227485657,0.5517189900080363,0.5646937092145283,1470,0
16.271826614482745,-14.319861373846846,-1.7785553733425186,0.04466459403435389,-0.00518161803483963,0.5516637961069742,0.5647934079170227,1470,0
16.246945700636736,-14.349522869280296,-1.7810935079302237,0.044628205398718514,-0.005150419970353444,0.5515922705332438,0.5648821890354156,1470,0
16.21298887748241,-14.386879655798031,-1.7681636127798424,0.044557251036167145,-0.0051012784242630005,0.5515098770459492,0.5649767120679219,1470,0
16.17425944104344,-14.420450883271013,-1.7513221321030858,0.044458175698916115,-0.005027962227662404,0.5514098604520161,0.5650855600833893,1470,0
16.1397718747089,-14.449096566937353,-1.7328476197889957,0.04435249914725621,-0.004956151048342386,0.5513103703657786,0.5651850203673044,1470,0
16.084376268000014,-14.478545356590455,-1.7257489714075192,0.04413712273041407,-0.004821134110291799,0.5511138538519541,0.5653472244739532,1470,0
15.974713857120019,-14.494428414572107,-1.7120452317180797,0.04378079126278559,-0.004650890827178955,0.5507950286070505,0.5656135777632395,1470,0
15.86071910084695,-14.500228125191192,-1.6950180506313421,0.0434200366338094,-0.0045186057686805725,0.5504944721857706,0.5658792356650034,1470,0
15.706285850574254,-14.460903117093139,-1.6678298718350562,0.042985618114471436,-0.004450281461079915,0.5501100818316141,0.5662023325761159,1470,0
15.548561326164643,-14.408576745624305,-1.6627252047211512,0.04261273642381032,-0.004411208132902781,0.5497538944085438,0.5665637254714966,1470,0
15.435223107178519,-14.377357305211536,-1.6831808528553247,0.04237709691127141,-0.0044334083795547485,0.5495258371035258,0.5668546458085377,1470,0
15.261265604280272,-14.139535525762973,-1.661200193362001,0.042014273504416146,-0.004131103555361429,0.549165944258372,0.5675071477890015,1470,0
10.81360004280059,-7.440148466686481,-0.17078766469936912,0.03020163873831431,0.0073724836111068726,0.5348219772179921,0.5956420004367828,1470,478
7.877648688561925,-3.0761901083412075,0.7490966415541485,0.02232298503319422,0.01402512937784195,0.5250925322373707,0.6145460804303486,1470,478
6.38726229201337,-0.9163060580071986,1.1560400774373298,0.01842506726582845,0.01648404945929845,0.520202249288559,0.623679091533025,1470,478
6.360603086046028,-0.9534980331002302,1.0817982044898449,0.01850879689057668,0.015529235204060871,0.5201824307441711,0.6232952574888865,1470,478
6.32899282884936,-0.9401274671327915,1.0477339141540538,0.01862062762180964,0.015090455611546833,0.5202388962109883,0.6227759122848511,1470,478
6.313228547532744,-0.9344676695281032,1.0292048196521435,0.018721871078014374,0.014910802245140076,0.5202839771906534,0.6223761737346649,1470,478
6.320514857045478,-0.9678040684011517,1.0078299476660317,0.01886577159166336,0.01482019821802775,0.5203696091969807,0.6220528880755106,1470,478
6.318058045039386,-0.9932990909504397,0.9833005357575577,0.018926583230495453,0.014792434871196747,0.5203936298688252,0.6217882136503855,1470,478
6.313508702533374,-1.0202031670899587,0.9668994254077629,0.018945584694544472,0.01478564739227295,0.5203751424948374,0.6215770045916239,1470,478
6.2901918456105435,-1.0244504087882105,0.9480441181658915,0.018894036610921223,0.014736498395601908,0.5202975968519846,0.6214189330736796,1470,478
6.289734315779354,-1.0315846104863646,0.8906687496545858,0.01894254982471466,0.014686865111192066,0.5202968021233876,0.621334433555603,1470,478
6.300918583840295,-1.031170851497988,0.821049067032281,0.01905511567989985,0.01464255650838216,0.5203411181767781,0.6212915480136871,1470,478
6.3335783573666955,-1.0388145803740891,0.7409277064768937,0.019251694281895954,0.014523987968762715,0.5204018652439117,0.6211394468943278,1470,478
6.375655180411667,-1.1001074486591735,0.6732773673821552,0.01945513238509496,0.014206903676191965,0.520437737305959,0.6207733551661173,1470,478
6.410719022350997,-1.1917213359650334,0.6205522864445021,0.01960659772157669,0.01383830855290095,0.5204496284325917,0.6203516523043314,1470,478
6.4222667343265005,-1.2678162206336046,0.579426517851815,0.019658568004767098,0.013495691120624542,0.5204245646794636,0.6199347873528798,1470,478
6.427709654889237,-1.305739590097589,0.5612356670723355,0.0196914200981458,0.013221864898999531,0.5204095244407654,0.6195859809716542,1470,478
6.431309252964354,-1.3240693245135498,0.5503709519997138,0.01971513032913208,0.013007665673891703,0.5204022725423176,0.6193019946416218,1470,478
6.437104354415856,-1.3399893528674938,0.5526247901708226,0.019712865352630615,0.012875594198703766,0.5203804274400075,0.6190964082876841,1470,478
6.456502691340206,-1.3653702328636208,0.5447876685200588,0.019715341428915657,0.012765735387802124,0.5203576783339182,0.6188940703868866,1470,478
6.477704678118515,-1.401674589675938,0.5266898242968712,0.01971848060687383,0.012646826605002085,0.5203343629837036,0.6186467508474985,1470,478
6.502066872472604,-1.4640806051766049,0.4866998663982555,0.019722498953342438,0.012497638662656147,0.5203159650166829,0.6183160642782847,1470,478
6.512472437819761,-1.535827067422146,0.4352061124080438,0.019716295103232064,0.012310835222403208,0.5203003982702891,0.6179439723491669,1470,478
6.514220962394449,-1.6004170623226375,0.38677912381181945,0.019705839455127716,0.012167279918988545,0.5202876031398773,0.6176372865835825,1470,478
6.495960049726076,-1.647677914626222,0.3452087325797475,0.019634544849395752,0.012060182789961496,0.5202210744222004,0.6174077888329823,1470,478
6.482241424354986,-1.6987595668677202,0.30868209078788966,0.019582788149515785,0.011955246329307556,0.5201793909072876,0.6171774963537852,1470,478
6.478075602979997,-1.7473751134962034,0.2799249328581911,0.019553999106089272,0.011861557761828104,0.5201606651147206,0.6169642309347788,1470,478
6.476791047792409,-1.7911191627857757,0.2655591566290738,0.01954096555709839,0.011762281258900959,0.5201607147852579,0.6167604525883992,1470,478
6.464855972576249,-1.8186461024410336,0.26618567763197687,0.0195196270942688,0.01168914387623469,0.5201614399751027,0.6165998081366221,1470,478
6.44306563585506,-1.8288446828352538,0.2737824953738929,0.019479845960934956,0.011639150480429331,0.5201583902041117,0.616481602191925,1470,478
6.417887986149076,-1.8299895228344039,0.28149109371840497,0.0194429208834966,0.011611826717853546,0.5201566815376282,0.6163931985696156,1470,478
6.388234200250412,-1.8395272383418517,0.2782755305302403,0.01938941826423009,0.011621919771035511,0.5201627115408579,0.6163337628046671,1470,478
6.362863160249549,-1.8577732534846434,0.26698500016554494,0.019352267185846962,0.011616669595241547,0.5201864143212636,0.6162676513195038,1470,478
6.344708571249405,-1.8755642974117066,0.2539945904037953,0.019329341749350228,0.01159775008757909,0.5202181935310364,0.616197923819224,1470,478
6.332693050716635,-1.8870301433771908,0.24628744273545167,0.01931964854399363,0.011583251257737476,0.5202710330486298,0.6161367694536845,1470,478
6.327117343122431,-1.8949355626883544,0.25263883970201484,0.01930966228246689,0.01156623661518097,0.5203417241573334,0.6160837113857269,1470,478
6.325092458586775,-1.9026810651111257,0.2638570115862716,0.019303066035111744,0.011556843916575113,0.5204063157240549,0.6160445710023243,1470,478
6.347224389216066,-1.9257081418767146,0.2801282881784487,0.01938137908776601,0.011520259082317352,0.5205616652965546,0.6159940858681996,1470,478
6.390330610922405,-1.961766067578644,0.2910386520392827,0.01952894777059555,0.011493600904941559,0.5207704504330952,0.6159592469533284,1470,478
6.4355065520854176,-1.9994564990538934,0.2985521386261671,0.01966771235068639,0.011471932133038838,0.5209607084592183,0.6159325540065765,1470,478
6.4706531104406135,-2.025350155294017,0.30669404460822214,0.019777225951353707,0.011472133298714954,0.5211165944735209,0.6159176826477051,1470,478
6.5054978277925075,-2.0514163864085075,0.3082115868833595,0.0199104572335879,0.011446282267570496,0.5212771991888682,0.615862230459849,1470,478
6.530977890302695,-2.0749831429964973,0.3054299812248765,0.02002062400182088,0.011386563380559284,0.5214068293571472,0.615755707025528,1470,478
6.550549753301446,-2.086641998574061,0.3018358697961416,0.020097543795903523,0.011343210935592651,0.5215092798074086,0.6156424582004547,1470,478
6.568480129067368,-2.0862637434238147,0.30241175306177726,0.0201687291264534,0.011326732734839121,0.5216085811456044,0.6155652900536854,1470,478
6.584718719096861,-2.079579074122715,0.3057127454465185,0.020224069555600483,0.011320526401201883,0.5216957032680511,0.6155178944269816,1470,478
6.599164383686892,-2.06995883971477,0.3163312992565911,0.02026643604040146,0.011342674493789673,0.5217750668525696,0.615497867266337,1470,478
6.61689422235394,-2.0593705790319303,0.3340720375178454,0.020335289339224495,0.011389543612798054,0.5218879481156666,0.6154939333597819,1470,478
6.635507212207976,-2.051594151658771,0.35049166997434605,0.020412688453992207,0.011451147496700287,0.522003561258316,0.6154965261618296,1470,478
6.6465683946734515,-2.040117305175152,0.3652780583340218,0.0204565425713857,0.01151295006275177,0.5220930278301239,0.615509033203125,1470,478
6.6490311693135755,-2.0209522315176205,0.3771500958252557,0.020457811653614044,0.011569855113824207,0.5221717655658722,0.6155296166737874,1470,478
6.6492881529615175,-1.9956104693863566,0.38677654195720135,0.020458007852236428,0.011621030668417612,0.5222489635149637,0.6155527035395304,1470,478
6.656837815998868,-1.9740028236090592,0.3938598493094712,0.020482361316680908,0.011655400196711222,0.5223499635855356,0.6155649721622467,1470,478
6.660464442843755,-1.9604581085178174,0.3983085517960119,0.020487971603870392,0.011676875253518421,0.5224584837754567,0.615569531917572,1470,478
6.66389755498676,-1.949363228487354,0.40095624851159317,0.02049924184878667,0.011695757508277893,0.5225692093372345,0.6155706246693928,1470,478
6.664650462399813,-1.9626477790426997,0.39903738032808633,0.020486049354076385,0.011704747875531513,0.5226514041423798,0.6155714988708496,1470,478
6.661546231470496,-1.9872263034733335,0.3938836757414257,0.02045637120803197,0.011707323292891184,0.5227031509081522,0.6155707538127899,1470,478
6.645668056878394,-2.031620577146393,0.38919519287746496,0.020410808424154915,0.01170293738444646,0.5227265854676564,0.615570455789566,1470,478
6.637261124924399,-2.094510674430184,0.38057990572487643,0.020399009188016255,0.011707556744416554,0.522770494222641,0.6155774593353271,1470,478
6.641683591243977,-2.164491475732317,0.37054042627264333,0.020412268737951912,0.011710956692695618,0.5228203336397806,0.6155828535556793,1470,478
6.658833606141619,-2.2999099068703313,0.36087048021550905,0.020418750743071236,0.011699904998143513,0.5228512982527415,0.6155701677004496,1470,478
6.6830862657926655,-2.4233739911728134,0.3559377565810232,0.020413875579833984,0.011692432065804798,0.5228592256704966,0.6155603329340616,1470,478
6.700711651262033,-2.515025382148896,0.349023351810558,0.020387778679529824,0.011696040630340576,0.5228501558303833,0.6155568957328796,1470,478
6.71548138438922,-2.5718382738720225,0.3413293018793032,0.02036465456088384,0.011717769006888071,0.5228391190369923,0.615562379360199,1470,478
6.726808862666507,-2.6213150471331064,0.32672708775333414,0.02034921944141388,0.011753616233666737,0.5228262146313984,0.6155649125576019,1470,478
6.730141729960797,-2.6615510169128624,0.30448113682702155,0.020331499477227528,0.01178561399380366,0.5228120585282643,0.6155641973018646,1470,478
6.732960519991943,-2.697103264851032,0.27985079564889015,0.02031458665927251,0.011814596752325693,0.5227964321772257,0.6155613561471303,1470,478
-9.21818385299516,-4.598076640762999,0.2773667688157414,-0.025002427399158478,0.010464390118916828,0.4703451643387476,0.6144044299920399,0,478
-19.5492554303563,-5.825658141502876,0.214797675053917,-0.05279777695735295,0.009900607168674469,0.43636660774548847,0.6137812435626984,0,478
-24.57784582739012,-6.417620291331531,0.1491730863709387,-0.06583873182535172,0.009957936902840931,0.41966287791728973,0.6135587493578593,0,478
-24.283420358818578,-6.391544296086243,0.09362673003664287,-0.06404912223418553,0.010722093284130096,0.42073487242062885,0.6139437059561411,0,478
-24.039086172919326,-6.349063282286041,0.06161283546811905,-0.0631075749794642,0.011427174011866251,0.4216669996579488,0.6143131752808888,0,478
-23.83773386320746,-6.303447472637636,0.03497567312750241,-0.06254118432601292,0.01192649205525716,0.4223469148079554,0.614585946003596,0,478
-23.660475533449144,-6.265459194565455,0.009696590542280687,-0.06191917260487874,0.012410638233025868,0.42298267781734467,0.6149284938971201,0,478
-23.501547084116797,-6.190721652046942,-0.01962139852906534,-0.06137817601362864,0.012988567352294922,0.42342571914196014,0.6154470046361287,0,478
-23.22999490213335,-5.978060023378589,-0.0872066730401535,-0.06080436706542969,0.013708507021268208,0.42385827004909515,0.6162282824516296,0,478
-22.97739517480539,-5.7798921646059185,-0.16000366764152346,-0.06031753619511922,0.014299149314562479,0.4242438425620397,0.6169151961803436,0,478
-22.6169496961908,-5.589696762124584,-0.252957519896889,-0.05932416766881943,0.014795206487178802,0.42513275146484375,0.6175312499205271,0,478
-22.219494048318595,-5.433699899505535,-0.33862128507239975,-0.05819074064493179,0.015108863512674967,0.42620631555716193,0.6179809768994649,0,478
-21.862290983879888,-5.341141049242561,-0.4080451762170224,-0.05714136610428492,0.015319488942623138,0.4272185663382212,0.6183134615421295,0,478
-21.55267398492186,-5.268864384754767,-0.44799416536551934,-0.056312933564186096,0.01540361593166987,0.42805067698160804,0.6185141702493031,0,478
-21.31139161962001,-5.209772039147479,-0.4777272393354288,-0.05568264424800873,0.015473400553067524,0.4286703566710154,0.6186938981215159,0,478
-21.12907560095016,-5.164146795819168,-0.49645754037415746,-0.055248851577440895,0.015529985229174295,0.42908676465352374,0.6188383102416992,0,478
-21.029847171136222,-5.138234135129441,-0.5213613176654487,-0.054918902615706124,0.015585253636042276,0.429402694106102,0.619011382261912,0,478
-20.99111384783844,-5.140957363165443,-0.542306013514027,-0.05469965686400731,0.015605434775352478,0.4296320875485738,0.6191286047299702,0,478
-20.989322440777844,-5.153935095895182,-0.5595876136087146,-0.054593272507190704,0.01558991769949595,0.42976753910382587,0.6191932559013367,0,478
-20.989054950990425,-5.189261199457492,-0.5603579286237906,-0.05457210789124171,0.015540930132071177,0.4298588037490845,0.6191933651765187,0,478
-20.98156299953694,-5.245313805890088,-0.5586191357738806,-0.054600191613038376,0.015460533400376637,0.4299370447794596,0.6191651920477549,0,478
-20.975367164153,-5.317266779436882,-0.5541902546711821,-0.054636056224505104,0.015384589632352192,0.43000394105911255,0.6191272338231404,0,478
-20.95593860611013,-5.359597240247787,-0.5477466999449156,-0.05454748620589574,0.015291236340999603,0.4301237861315409,0.61911940574646,0,478
-20.927238112865,-5.390957360126698,-0.5392109144542896,-0.0543853888909022,0.01524839053551356,0.43024526039759314,0.6191313366095225,0,478
-20.899959384498388,-5.405872776569902,-0.5474945575220023,-0.05426047990719477,0.015186818937460581,0.4303115258614222,0.6191607713699341,0,478
-20.884849171765687,-5.416775532638171,-0.5599871445106963,-0.054212835927804306,0.015139540036519367,0.4303220510482788,0.6191872954368591,0,478
-20.850675865563325,-5.402994199958468,-0.5886191680149173,-0.0541813001036644,0.015089352925618488,0.43031885723272956,0.6192353765169779,0,478
-20.803466499299358,-5.355468408534975,-0.6256241888048375,-0.05416027704874674,0.015075696011384327,0.4303167909383774,0.6193025906880696,0,478
-20.762974631466218,-5.313304834977542,-0.6636444228201485,-0.05414498349030812,0.015076406300067902,0.43031855424245197,0.6193747917811075,0,478
-20.726116537878013,-5.293315993652062,-0.6935264739466124,-0.054109834134578705,0.015066089729468027,0.4303320596615473,0.6194088160991669,0,478
-20.691843958890708,-5.298854999218714,-0.7207467978602959,-0.05406869699557622,0.015043089787165323,0.4303404241800308,0.6194156110286713,0,478
-20.66568575461215,-5.311607913919765,-0.7451644400547284,-0.05403447896242142,0.01501869410276413,0.43034399052460987,0.6194111208120981,0,478
-20.64654697903277,-5.332658726154218,-0.758177483087899,-0.0540107786655426,0.014964384337266285,0.43034383157889045,0.619366039832433,0,478
-20.611564118066298,-5.36359870677866,-0.771556478464676,-0.053953533371289567,0.014898749689261118,0.4303538103898366,0.6193148891131083,0,478
-20.574185029222335,-5.384016703649763,-0.7836511403218922,-0.05390700946251551,0.014832871655623118,0.43036511540412903,0.6192596852779388,0,478
-20.547823942614823,-5.402092171239103,-0.7978968706981913,-0.05387888103723526,0.014757705231507618,0.4303730527559916,0.6191955109437306,0,478
-20.530544992258264,-5.419670352756554,-0.8126900631162361,-0.0538720761736234,0.014703231553236643,0.4303792764743169,0.6191550493240356,0,478
-20.52296741390809,-5.438796299453015,-0.8269130209741046,-0.05387699355681737,0.014662203689416248,0.43038179477055866,0.6191274325052897,0,478
-20.51357127902338,-5.465954995340001,-0.8364431836289599,-0.053870826959609985,0.014630724986394245,0.43038494388262427,0.6191161374251047,0,478
-20.503341489481603,-5.504282158763827,-0.8458642602930224,-0.053842318554719285,0.014591562251249949,0.4304075439771016,0.619101494550705,0,478
-20.49796691867594,-5.535615194004576,-0.854719923762336,-0.05382267634073893,0.01454631487528483,0.43042780955632526,0.6190835138161976,0,478
-20.49346526797069,-5.5693510627374,-0.8682926662161234,-0.053796251614888504,0.014521037538846333,0.43046513696511585,0.6190801759560902,0,478
-20.480994171917075,-5.603133942134422,-0.8777530254409567,-0.05374432851870854,0.014505664507548014,0.4305395682652791,0.6190785070260365,0,478
-20.462555412675066,-5.6403567545817,-0.8846349556677442,-0.05366542190313339,0.014497588078180948,0.4306324074665705,0.6190766096115112,0,478
-20.44269476543466,-5.6870764614668525,-0.8713970543378562,-0.05360649029413859,0.014466732740402222,0.4307256241639455,0.6190457344055176,0,478
-20.410730647880584,-5.733140091915558,-0.8470018770963299,-0.05350690831740697,0.0144211674729983,0.43084975083669025,0.6189969480037689,0,478
-20.37679025387336,-5.781800648398411,-0.8174651095902441,-0.0534040704369545,0.014366798102855682,0.430973619222641,0.6189364890257517,0,478
-20.34783705567548,-5.805704893563398,-0.7810155956807849,-0.053310823937257126,0.014336285491784412,0.4310798645019531,0.6188938220342,0,478
-20.32795886230306,-5.807464067146206,-0.7646085933778233,-0.05324987818797429,0.014333640535672505,0.4311594317356745,0.6188722550868988,0,478
-20.319664624663044,-5.803751471441821,-0.7558742539234504,-0.053213859597841896,0.014338026444117228,0.43121114869912464,0.618852158387502,0,478
-20.279894076812912,-5.795502963082132,-0.7596763015926717,-0.05311523377895355,0.014393140872319538,0.43131915231545764,0.6188404361406962,0,478
-20.204536390344995,-5.805597963415375,-0.7656059475272913,-0.05289480835199356,0.014474846422672272,0.43154344956080115,0.6188465257485707,0,478
-20.066709278829528,-5.848927861876624,-0.7956431354012384,-0.05252289026975632,0.01455361396074295,0.4319012512763341,0.6188532610734303,0,478
-19.940342828041338,-5.8991983563639625,-0.820907249710371,-0.05215478936831156,0.014628206690152485,0.4322521537542343,0.6188496549924214,0,478
-19.81590870995199,-5.978865394430313,-0.8176427997986191,-0.05174581458171208,0.014577304323514301,0.43264955778916675,0.6187083224455515,0,478
-19.73397098963008,-6.065018026636018,-0.808448279808125,-0.05140812198321024,0.014405481517314911,0.4330228716135025,0.6184281011422474,0,478
-19.6704821631268,-6.111503553679707,-0.8109851564121064,-0.051136349638303116,0.014274326463540394,0.4333555003007253,0.618190308411916,0,478
-19.611163430825194,-6.142933024642769,-0.8199157881083654,-0.05091398457686106,0.014229928453763325,0.4336694280306498,0.6180153886477152,0,478
-19.569956116660045,-6.170962799487823,-0.8136130915675985,-0.05077998340129852,0.014220885932445526,0.43393462896347046,0.617795040210088,0,478
-19.543424265630527,-6.179834186254532,-0.8121330622604233,-0.05070978651444117,0.01424932728211085,0.43412053088347113,0.6176296472549438,0,478
-19.515223533599908,-6.1926022761112804,-0.7822559921822652,-0.0506071721514066,0.014279671013355255,0.4343371440966924,0.6174756288528442,0,478
-19.480977065522005,-6.193104288281855,-0.7774263540544679,-0.050482007364432015,0.014300343890984852,0.43455473581949866,0.6173396706581116,0,478
-19.460369624389976,-6.196448413189168,-0.7754780701558102,-0.050404541194438934,0.014294582108656565,0.4347295562426249,0.6171952188014984,0,478
-19.465434661954117,-6.194987377051499,-0.8166664497934308,-0.05045455197493235,0.01425095647573471,0.43481529255708057,0.6170339286327362,0,478
-19.470858066165484,-6.206576886653527,-0.8213652945950588,-0.05057215690612793,0.014124736189842224,0.43488941093285877,0.6167203287283579,0,478
-19.454491474842484,-6.218561004670957,-0.8198310305344956,-0.05059202263752619,0.014050580561161041,0.43501858909924823,0.6164183616638184,0,478
-10.455211455328467,-10.458612834309307,-1.037101083409276,-0.026621232430140175,0.0037344371279080706,0.4634847541650136,0.5879247784614563,735,0
-4.557109330498238,-13.252528736792296,-1.2486532493682154,-0.01067841053009033,-0.002787138024965922,0.4824246068795522,0.569037248690923,735,0
-1.667542427320718,-14.655668800493899,-1.3907182425532656,-0.002712483207384745,-0.005959016581376393,0.4919116248687108,0.5595987141132355,735,0
-1.788436777561424,-14.609165401078098,-1.4213760603211638,-0.0028344343105951944,-0.005943002800146738,0.49183983107407886,0.5595554908116658,735,0
-1.868454857302034,-14.557285595329077,-1.400604696663363,-0.002960388859113057,-0.006071190039316813,0.4917406340440114,0.5595636665821075,735,0
-1.9188403770482712,-14.468216536622215,-1.366026889719486,-0.0031291494766871133,-0.006107668081919352,0.4916113515694936,0.5597427586714426,735,0
-1.9397474438340596,-14.404958875246878,-1.332862492851056,-0.003239174683888753,-0.006083543101946512,0.49151020248730976,0.5599572658538818,735,0
-1.9316889590211672,-14.37283559122465,-1.306931812897667,-0.0032139296332995095,-0.006074222425619761,0.4915265838305155,0.5601400037606556,735,0
-1.9031497875759849,-14.316153282394902,-1.2986955505441995,-0.0031926607092221575,-0.006009650727113088,0.4915611346562703,0.5603318115075429,735,0
-1.8874309851154525,-14.261634789862761,-1.3000789845548302,-0.0032028531034787493,-0.005936548113822937,0.4915675024191538,0.5605010191599528,735,0
-1.8762835302826786,-14.20019536091231,-1.3078965547042007,-0.003227643668651581,-0.005841766794522603,0.4915508727232615,0.5606510837872822,735,0
-1.875218312749702,-14.150371389660368,-1.3225307748837405,-0.0032886887590090432,-0.005880728363990784,0.4914820392926534,0.5607543885707855,735,0
-1.8772712377493028,-14.064309441654121,-1.3299302364459311,-0.003357931971549988,-0.005948744714260101,0.4914028743902842,0.5608345369497935,735,0
-1.8917690418994841,-13.995906443626113,-1.3367813652580838,-0.0034397443135579424,-0.00597346822420756,0.49131039778391516,0.5609891812006632,735,0
-1.925237139834261,-13.94282532537122,-1.3150597340165238,-0.0034751420219739275,-0.005951792001724243,0.49126071234544116,0.5611850619316101,735,0
-1.964848558645972,-13.906561740584898,-1.2856955270066859,-0.0034871622920036316,-0.0059001197417577105,0.491227850317955,0.5613722701867421,735,0
-2.036787104062554,-13.94907018119337,-1.2740734472166926,-0.003561556339263916,-0.005852716664473215,0.4911354680856069,0.5615230699380238,735,0
-2.1188793651650357,-13.990819092778167,-1.2603094543794775,-0.0037182519833246865,-0.005652447541554769,0.49096718430519104,0.5618215302626292,735,0
-2.1976700872756494,-14.018015494361332,-1.2538011638647326,-0.003911135097344716,-0.00544376919666926,0.4907707373301188,0.5621481736501057,735,0
-2.272631081374786,-13.993100213729246,-1.2372962109168082,-0.0041343097885449724,-0.005148994425932566,0.4905657569567362,0.5625787278016408,735,0
-2.342755371773296,-13.951694997893169,-1.2208673610824305,-0.0043112511436144505,-0.004752849539120992,0.49039924641450244,0.5630800326665242,735,0
-2.402721478446279,-13.912509340998778,-1.2016942113918205,-0.004434709747632344,-0.004373277227083841,0.4902794361114502,0.563541571299235,735,0
-2.543172003050139,-14.169300193297106,-1.2124176021345217,-0.00457188735405604,-0.0043254246314366656,0.49013958871364594,0.5638395547866821,735,0
-2.699284949951151,-14.546142408365903,-1.2697985253055364,-0.004647664725780487,-0.004407972097396851,0.4900619586308797,0.5640750825405121,735,0
-2.8331939391754464,-14.802937463560252,-1.3201842598011586,-0.0047201067209243774,-0.004520808657010396,0.48998897274335224,0.5642885267734528,735,0
-2.9189731930750296,-14.91513035216115,-1.3494480769675339,-0.004776626825332642,-0.004564963281154633,0.489932914574941,0.564483106136322,735,0
-2.974713324328841,-14.897650582589327,-1.3313421897511617,-0.004908544321854909,-0.004599849383036295,0.48981722195943195,0.5646215081214905,735,0
-3.014771167803058,-14.851668464107775,-1.2997837630888205,-0.005065808693567911,-0.004636391997337341,0.4896722435951233,0.5646955668926239,735,0
-3.0571356510986547,-14.750481381227342,-1.2640575952537612,-0.005219655732313791,-0.004650031526883443,0.4895318249861399,0.5648051897684733,735,0
-3.079094277653917,-14.612063306354687,-1.2341507328451364,-0.0053295766313870745,-0.004634452362855275,0.48942311604817706,0.5649580955505371,735,0
-3.0689573789642677,-14.438406093651745,-1.2053691305426328,-0.005377064148585001,-0.004644955197970072,0.48936471343040466,0.5651297569274902,735,0
-3.0488998771380897,-14.282295045438035,-1.1789910220894346,-0.005399937431017557,-0.004649020731449127,0.489327996969223,0.5652812719345093,735,0
-3.0132222357458347,-14.144977419902446,-1.1592628524601563,-0.005398556590080261,-0.004631256063779195,0.4893118987480799,0.5654158691565195,735,0
-2.9824771482747603,-14.050212624108843,-1.1430427837800248,-0.00539260854323705,-0.004530906677246094,0.48930595318476355,0.5655945936838785,735,0
-2.9584839146656368,-13.986021537567444,-1.1305127950562242,-0.005389496684074402,-0.004420749843120575,0.4893057942390442,0.5657599568367004,735,0
-2.9405022898082223,-13.945867443406037,-1.1241075502066273,-0.0053941334287325535,-0.004343397915363312,0.489304115374883,0.5658866961797078,735,0
-2.931120866986859,-13.909622017412472,-1.1148621027514611,-0.0054184868931770325,-0.004346941908200582,0.4892948617537816,0.5659531950950623,735,0
-2.9296047820450335,-13.890784377792347,-1.098939574886741,-0.005461491644382477,-0.004395527144273122,0.4892706573009491,0.5659762322902679,735,0
-2.928891301866197,-13.863389840891351,-1.0859830543091693,-0.005493596196174622,-0.004438551763693491,0.4892546236515045,0.56601216395696,735,0
-2.9362683467807766,-13.763417313852004,-1.0638567215505979,-0.005523401002089182,-0.004440091550350189,0.4892442723115285,0.5660959978898366,735,0
-2.9467918597267926,-13.658019975364333,-1.0395543857953773,-0.005555085837841034,-0.004447703560193379,0.48923443754514057,0.5661654074986775,735,0
-2.958896364386973,-13.54883874008325,-1.0158417355730265,-0.005594000220298767,-0.004504573841889699,0.48922548194726306,0.5662202735741932,735,0
-2.9865541804755313,-13.43962621576081,-0.9885229506924492,-0.005664894978205362,-0.004577517509460449,0.4891953667004903,0.566281239191691,735,0
-3.0147908830286094,-13.360235655993778,-0.9646867028154069,-0.005752213299274445,-0.004597884913285573,0.489152655005455,0.5663669606049855,735,0
-3.041243703191285,-13.293744706785818,-0.9489266761694083,-0.005819827318191528,-0.004546669622262319,0.48912571867307025,0.5665163397789001,735,0
-3.0779368064091597,-13.237580024934001,-0.9347417893950801,-0.005897628764311472,-0.004487084845701853,0.48909380535284674,0.5666895806789398,735,0
-3.1256536174672327,-13.17411328426795,-0.9189067694328559,-0.006002279619375864,-0.004447254041830698,0.4890422374010086,0.566850612560908,735,0
-3.163538295220209,-13.143302714194046,-0.9137838797321347,-0.006094229718049367,-0.00447746862967809,0.4890028486649195,0.5669509967168171,735,0
-3.18235200785371,-13.135625913660164,-0.9264267789783444,-0.006130675474802652,-0.004506289958953857,0.4889939377705256,0.5670570532480875,735,0
-3.18852564140252,-13.129423882993862,-0.9440263936410591,-0.006133829553922017,-0.004504737754662831,0.48900220791498816,0.5671882331371307,735,0
-3.1854647203119786,-13.074667221224258,-0.9585028446836443,-0.006127665440241495,-0.004355726142724355,0.48901141683260596,0.5675110320250193,735,0
-3.170270729341804,-13.00844965384945,-0.9680470284923488,-0.006106180449326833,-0.004212925831476847,0.4890340268611908,0.5678391754627228,735,0
-3.1505931875078685,-12.951511866210254,-0.9732140412923543,-0.006076306104660034,-0.004095678528149922,0.4890649120012919,0.5681056181589762,735,0
-3.1271893675849762,-12.875540623220854,-0.9813109009621033,-0.00603686769803365,-0.003955091039339701,0.4891046235958735,0.5683784186840057,735,0
-3.103027302839626,-12.770214696799023,-0.9828932974665469,-0.0060065363844235735,-0.0037316903471946716,0.4891374707221985,0.5687515636285145,735,0
-3.077721656349768,-12.671583639546402,-0.9810152268397161,-0.005986827115217844,-0.0035775502522786455,0.48915870984395343,0.5690700809160868,735,0
-3.071423581795319,-12.588974598499892,-0.9739061248247344,-0.005984658996264139,-0.003430508077144623,0.4891653110583623,0.5693445106347401,735,0
-3.0675510350701742,-12.502659567240695,-0.97313345101101,-0.005976319313049316,-0.003257952630519867,0.4891718675692876,0.5695964694023132,735,0
-3.068562942287591,-12.426855421995837,-0.9762312388952602,-0.005961321294307709,-0.0030922219157218933,0.4891815433899561,0.5698115726312001,735,0
-3.060921238225447,-12.364350964872823,-0.9892229195345845,-0.005909154812494913,-0.002854680021603902,0.4892073223988215,0.5700880189736683,735,0
-3.0500224892478887,-12.30929763841835,-0.9911322765737061,-0.005858041346073151,-0.0025544638435045877,0.4892278512318929,0.5704428950945536,735,0
-3.0360396297509036,-12.258803877771019,-0.9898076184074487,-0.005804027120272318,-0.0023102934161822,0.4892426679531733,0.570735623439153,735,0
-3.026515029164383,-12.2186019378621,-1.0004039466953114,-0.0057628924647967015,-0.002065405249595642,0.4892556816339493,0.5710604886213938,735,0
-3.026082713262864,-12.200408179798146,-1.0003810615831554,-0.005751505494117737,-0.0018810555338859558,0.48925599455833435,0.5713500579198201,735,0
-3.0288498822480383,-12.19485645685495,-0.9925223331080548,-0.005752059320608774,-0.0017448514699935913,0.48925210535526276,0.5715816418329874,735,0
-3.0323529944803878,-12.191414632629538,-0.9718218505047506,-0.005755071838696797,-0.0016080389420191445,0.48924916982650757,0.571793387333552,735,0
-3.037193521382517,-12.182761387038786,-0.947214573078907,-0.005758153895537058,-0.0014176567395528157,0.4892571419477463,0.5720509489377339,735,0
6.846013862497378,-2.059456945768874,2.2677386939892963,0.02055225521326065,0.01801608254512151,0.5257479151089985,0.6138204137484232,1470,956
13.208407637991133,3.773833148510762,3.655598503418118,0.03597984462976456,0.02681988229354223,0.5491644591093063,0.6461722453435261,1470,956
16.293222278443334,6.46760346528718,4.05477022359111,0.04340101778507233,0.031212123731772103,0.5609774986902872,0.6649945775667826,1470,956
16.138308060621057,6.047852485330217,3.640449673615301,0.04283137371142705,0.030261228481928505,0.5609784523646036,0.6680088043212891,1470,956
15.97001290549171,5.965140330959629,3.520032972196188,0.042758211493492126,0.030314430594444275,0.5609496235847473,0.6686319609483082,1470,956
15.669910421541584,5.873756498342116,3.443336742059573,0.04232015460729599,0.029914992551008858,0.5605036020278931,0.66802712281545,1470,956
15.298966324524272,5.751664523655258,3.3732947020288853,0.04176987955967585,0.029526181519031525,0.559876521428426,0.6672786474227905,1470,956
14.989153751985716,5.613837859031818,3.293399199324181,0.041364096105098724,0.02926596999168396,0.5593748788038889,0.6667469143867493,1470,956
14.783465658196643,5.582254365138334,3.2513377363132987,0.041147515177726746,0.029292871554692585,0.5590280691782633,0.6664597392082214,1470,956
14.580558140541468,5.612327292954639,3.2286882377874377,0.04096882790327072,0.029479585587978363,0.5587152143319447,0.666211058696111,1470,956
14.422387173981772,5.598939031390431,3.2126206730709015,0.040880183378855385,0.029573574662208557,0.5585124095280964,0.6659179031848907,1470,956
14.299919449470249,5.547227590315402,3.1764452046989033,0.04073621332645416,0.02955341835816701,0.5582277576128641,0.665561040242513,1470,956
14.151089506921776,5.470962072747836,3.1083478438939283,0.040427627662817635,0.029383376240730286,0.557753841082255,0.6652143895626068,1470,956
14.008153191651028,5.407536436588304,3.039117886312139,0.04014018674691518,0.029271483421325684,0.5572976072629292,0.6650020579497019,1470,956
13.83794023618214,5.373798388822999,2.979726228807811,0.03981235126654307,0.02924349159002304,0.5568598906199137,0.66487056016922,1470,956
13.681065604886008,5.333479140361222,2.924584954972726,0.03952452292044957,0.029232206443945565,0.5564888119697571,0.6647167007128397,1470,956
13.556307118371294,5.295307965111002,2.8795195860671896,0.039250741402308144,0.029191876451174416,0.5561550458272297,0.6645512382189432,1470,956
13.48221712587842,5.276304259530297,2.8365163234372153,0.039119365314642586,0.029146072765191395,0.5559646785259247,0.6644003093242645,1470,956
13.45001036525441,5.240286051193207,2.7928110570721763,0.039086426297823586,0.029189221560955048,0.5558732251326243,0.6643160084883372,1470,956
13.444489873368754,5.154250996058502,2.7441789056894117,0.03911175330479939,0.02911514788866043,0.5558533767859141,0.6640604237715403,1470,956
13.449312960251476,5.059163045252287,2.7036218895367634,0.03914652268091837,0.02901765207449595,0.55585112174352,0.663775751988093,1470,956
13.461463750617071,4.9481078967644105,2.6528357387992134,0.039216652512550354,0.02880816161632538,0.5559031168619791,0.6634034117062886,1470,956
13.436267260695363,4.815078387946686,2.600791641399704,0.03922825803359349,0.0285726860165596,0.5559469958146412,0.663027028242747,1470,956
13.394581613665409,4.685557636772975,2.5496983530551853,0.03920866549015045,0.028290872772534687,0.5559742053349812,0.6626135508219401,1470,956
13.341265327482065,4.533482790420324,2.4961798606461203,0.03913867721954981,0.02796042710542679,0.5559824705123901,0.6621516346931458,1470,956
13.302671139240774,4.3921796189816416,2.4410482646919185,0.03906146188577016,0.027452220519383747,0.5559999644756317,0.6614920695622761,1470,956
13.272813055672628,4.277046256142373,2.393489570479769,0.03898073981205622,0.026974613467852272,0.5560130675633748,0.6608596742153168,1470,956
13.258021365086858,4.142311917734576,2.3503454691106924,0.03891776502132416,0.02665631721417109,0.5560458203156788,0.6602876087029774,1470,956
13.217848454964326,3.924215479152718,2.2999481151323233,0.03885515779256821,0.02633062253395716,0.5560648540655772,0.6596687237421671,1470,956
13.18387820600518,3.7134279373410295,2.2566613689237327,0.03880793849627177,0.026085632542769112,0.5560746391614277,0.6591505706310272,1470,956
13.19736417385528,3.5742301528770106,2.2270795105320658,0.038883316020170845,0.025918573141098022,0.5561823149522145,0.658767690261205,1470,956
13.2266920759178,3.5230989991285697,2.2094795478789253,0.03903556366761525,0.02589845905701319,0.5563547809918721,0.6585428615411122,1470,956
13.25551043364939,3.510142641953122,2.194746121431903,0.0392057125767072,0.025911584496498108,0.5565371016661326,0.6583623190720875,1470,956
13.278528022965212,3.5333745421667087,2.1967795527454195,0.03934753934542338,0.025920102993647255,0.5566873649756113,0.658200740814209,1470,956
13.305265860626205,3.556056965095208,2.2047228593879784,0.03945178041855494,0.02590329945087433,0.5567932824293772,0.658059149980545,1470,956
13.334768153933805,3.5743448320597193,2.216202631168734,0.03954427937666575,0.025889682273070015,0.5568842391173044,0.657961477835973,1470,956
13.384513074745257,3.545600539662721,2.228120967545195,0.03965158760547638,0.025797771910826363,0.5569780766963959,0.657783677180608,1470,956
13.412815249909809,3.497253733587084,2.2410451389750765,0.03969487547874451,0.025742876032988228,0.5570103625456492,0.6576302150885264,1470,956
13.421027761175582,3.447895361840777,2.2505650702871964,0.039688361187775925,0.025717916587988533,0.5569983919461567,0.6575112342834473,1470,956
13.423594728880413,3.3829834236434326,2.2498811096872666,0.039662902553876236,0.02575466533501943,0.5569702883561451,0.6574476758639017,1470,956
13.459986827418195,3.271173218249345,2.233105459763827,0.03967343767484029,0.02577079087495804,0.55695907274882,0.6573697626590729,1470,956
13.517447954876666,3.1274119973254395,2.212317108965494,0.039713402589162186,0.025739227732022602,0.5569705764452616,0.6572677294413248,1470,956
13.552083873900422,3.051818541531004,2.1749191700267234,0.03980034589767456,0.02574153741200765,0.5569797158241272,0.6571823159853617,1470,956
13.565017445582473,3.029306404509412,2.1282573581609805,0.03988258788983027,0.0258062481880188,0.5569737156232197,0.6571139097213745,1470,956
13.568595001237895,3.0345828937528543,2.0752795698994273,0.039948150515556335,0.025904841721057892,0.5569550891717274,0.6570568581422169,1470,956
13.565219127713947,3.0372070578168655,2.029203494930589,0.0399366095662117,0.026004721721013386,0.5568919777870178,0.6569963991641998,1470,956
13.569212290016713,3.0272652373759996,1.995715630367485,0.03992786258459091,0.02606169879436493,0.5568398634592692,0.656862864891688,1470,956
13.55709210102906,2.96985758564365,1.9802911007051396,0.039807041486104325,0.02594302843014399,0.5566886067390442,0.6565154592196146,1470,956
13.545613120195249,2.901676045709733,1.9700766484348025,0.03967296580473582,0.025821800033251442,0.5565289755662282,0.6561608413855234,1470,956
13.534175091321199,2.787794939457153,1.975013944758485,0.03949774305025736,0.025654795269171395,0.5563322802384694,0.6558219492435455,1470,956
13.50891307405208,2.70758328934323,1.980579386239374,0.03931295623381932,0.02554777512947718,0.5561176439126332,0.6555274228254954,1470,956
13.487642204542889,2.6484004019822316,1.9817647661191486,0.03916695217291514,0.025419789055983223,0.5559362967809041,0.6552327473958333,1470,956
13.451143447631758,2.6418373842356715,1.9689280410616745,0.03901142875353495,0.025347784161567688,0.5557569464047749,0.6549904743830363,1470,956
13.360024988695596,2.722661219435759,1.9474309608928277,0.03885333736737569,0.02530577778816223,0.555586705605189,0.6547786891460419,1470,956
13.253738204631858,2.831624593572321,1.9235150020043914,0.03871441135803858,0.025274693965911865,0.5554424027601877,0.654596467812856,1470,956
13.17296485740566,2.915082523738908,1.9069036138796052,0.038616513212521866,0.025242855151494343,0.5553386410077412,0.654450535774231,1470,956
13.130558436360058,2.9305027390178795,1.883104986138989,0.03856030603249867,0.025125434001286823,0.5552739202976227,0.6542549828688303,1470,956
13.104334252251439,2.919421068193797,1.8594566410807354,0.0385166456302007,0.025003475447495777,0.555221438407898,0.6540792286396027,1470,956
13.059600123672448,2.9057206138228793,1.830382576095532,0.03839456538359324,0.024902087946732838,0.555121491352717,0.6539278328418732,1470,956
13.005711088202563,2.9064716508177213,1.805177321453827,0.03825554500023524,0.024896015723546345,0.5550325512886047,0.6538610458374023,1470,956
12.963200501387451,2.909273664023155,1.7848237266428248,0.03815227498610814,0.02491714557011922,0.554976612329483,0.6538231869538624,1470,956
12.902151327154847,2.9209265047018667,1.7677487990147402,0.03800840427478154,0.024943778912226357,0.5549197296301523,0.6537726124127705,1470,956
12.840107304666574,2.921477193214206,1.7360773671536744,0.03789080927769343,0.024879969656467438,0.5548918942610422,0.6536055107911427,1470,956
12.790818675405607,2.9146852977834117,1.7001384208390542,0.03781090925137202,0.0248066708445549,0.55488516887029,0.6534152229626973,1470,956
12.772392900947718,2.896376011521255,1.6689437594701513,0.03781989465157191,0.024736252923806507,0.5549386143684387,0.6531894008318583,1470,956
12.787416591540333,2.854779095400746,1.6430155725280904,0.03792138149340947,0.024610968927542366,0.5550621449947357,0.6528839766979218,1470,956
12.814664203538275,2.8085787908089737,1.6244090785363394,0.038058921694755554,0.024480849504470825,0.5552143454551697,0.652585486570994,1470,956
2.3201172984025673,-6.749026730264293,1.6853176767390896,0.005869838098684944,0.008401269714037575,0.5150648355484009,0.6103390554587046,735,0
-4.298717192790683,-13.015393655694592,1.7098313870219375,-0.013074065248171488,-0.002402951320012411,0.48997030655543006,0.5791989465554555,735,0
-7.359250657167252,-15.983749398498535,1.622768539807426,-0.020914636552333832,-0.007575986286004384,0.47853317856788635,0.5627230604489644,735,0
-7.00475331705828,-15.756740714694152,1.4984163613976613,-0.018639877438545227,-0.007399563988049825,0.48013935983181,0.5613458553949991,735,0
-6.858000117455939,-15.549971718799863,1.4019410039260205,-0.017467026909192402,-0.007187808553377787,0.4810187518596649,0.5612942973772684,735,0
-6.761060666405275,-15.3488033037059,1.3369988570681428,-0.016787673036257424,-0.006952427327632904,0.4815202603737513,0.5614864726861317,735,0
-6.68262587599203,-15.164724830532926,1.2813857410762894,-0.016358698407808937,-0.006709054112434387,0.4818279296159744,0.5616932113965352,735,0
-6.587498855874751,-14.986610051754518,1.1814672029920343,-0.016133864720662434,-0.0064505934715271,0.4819985081752141,0.5619753301143646,735,0
-6.480823749235931,-14.806615705274826,1.0636252093879097,-0.0159722293416659,-0.006271009643872579,0.48210328320662177,0.5622893174489338,735,0
-6.369857689072711,-14.640309156478114,0.9591791754607172,-0.015828450520833332,-0.006192788481712341,0.48219193518161774,0.5625049968560536,735,0
-6.287385236242407,-14.50963005192526,0.8643895188960183,-0.015691096584002175,-0.0061036671201388035,0.48227372765541077,0.5626871188481648,735,0
-6.234577819321831,-14.417279680358451,0.7833767638272974,-0.015556732813517252,-0.005997429291407267,0.4823461224635442,0.562860369682312,735,0
-6.183710368633427,-14.289853346715441,0.7124118930298764,-0.01539935419956843,-0.005942637721697489,0.4824201862017313,0.5630352795124054,735,0
-6.139239137522058,-14.194997257658695,0.6640481777958529,-0.015257293979326883,-0.005950890481472015,0.48249666889508563,0.5631235142548878,735,0
-6.095352296666119,-14.068485351123135,0.6200452509975114,-0.015112489461898804,-0.006020002067089081,0.48257106045881903,0.5631830394268036,735,0
-6.033896126813584,-13.859455613725522,0.5816654605080258,-0.014962300658226013,-0.0060767705241839085,0.482638344168663,0.5632531940937042,735,0
-5.9567795201177365,-13.65231869765875,0.5468000921752448,-0.014823198318481445,-0.006130677958329518,0.4826845477024714,0.5633158385753632,735,0
-5.882390677790244,-13.53418265483052,0.5102197877500197,-0.01468419035275777,-0.006142931679884592,0.48271070420742035,0.5633818904558817,735,0
-5.814789100246002,-13.476044147881929,0.4766903879990993,-0.01454670230547587,-0.006140726308027903,0.48272697627544403,0.5634423991044362,735,0
-5.758358110276941,-13.44284438396571,0.44942389098900526,-0.014420546591281891,-0.006131470203399658,0.48274222513039905,0.5634980698426564,735,0
-5.715793659021086,-13.400929562491068,0.42579481725375823,-0.014311060309410095,-0.0060747216145197545,0.48277012010415393,0.5635919074217478,735,0
-5.686524185375919,-13.351115068811051,0.4094998432938233,-0.014221938947836557,-0.005906537175178528,0.48279986778895057,0.5637902716795603,735,0
-5.665473232582279,-13.296817801920767,0.39708369278027167,-0.014145786563555399,-0.005704263846079508,0.4828312546014786,0.5640173554420471,735,0
-5.646963482603301,-13.225735114668359,0.3830378620031284,-0.014099751909573872,-0.005421680708726247,0.4828534871339798,0.5643190542856852,735,0
-5.647224766295668,-13.140327153839902,0.3689015533044874,-0.01405644416809082,-0.005090462664763132,0.4828801502784093,0.5646730760733286,735,0
-5.661183153478774,-13.062388892146426,0.36138115515173347,-0.014019474387168884,-0.004818628231684366,0.482907568415006,0.5649677117665608,735,0
-5.665003749007651,-13.000395367212402,0.3459265342758673,-0.013987086713314056,-0.004597192009290059,0.4829315493504206,0.5652103126049042,735,0
-5.662438253837589,-12.94098464842179,0.3167087806677831,-0.013957343995571136,-0.004357978701591492,0.4829508513212204,0.5654929677645365,735,0
-5.654207032126429,-12.882971773007629,0.290206747018102,-0.013927437365055084,-0.004152722656726837,0.4829681018988291,0.5657398402690887,735,0
-5.655259175251668,-12.850165236524639,0.229593177748029,-0.013890109956264496,-0.003925301134586334,0.48297907412052155,0.5660248200098673,735,0
-5.659332461263476,-12.839974492596765,0.17483768641159425,-0.013864179452260334,-0.003777677814165751,0.48298604786396027,0.5662191808223724,735,0
-5.649683850649181,-12.799118988600622,0.11703045591288205,-0.013793590168158213,-0.003648946682612101,0.48302994668483734,0.566491941610972,735,0
-5.634102497270405,-12.756383513177092,0.07039021909459339,-0.013738935192426045,-0.0035946716864903765,0.48307357231775916,0.566732903321584,735,0
-5.615025654576044,-12.725280104853013,0.036652126771056476,-0.013659574091434479,-0.0035086646676063538,0.4831441988547643,0.5669630169868469,735,0
-5.595618436461549,-12.70459524474808,0.011910447660865539,-0.01356043666601181,-0.0033860603968302407,0.48323630293210346,0.5671650369962056,735,0
-5.571690474759681,-12.683299829505216,-0.014152105384408248,-0.013398227592309315,-0.003153868019580841,0.48339279492696124,0.5674494902292887,735,0
-5.5505116991438435,-12.676592233352512,-0.05766150107367067,-0.01323382556438446,-0.0029436672727266946,0.4835561563571294,0.5677094161510468,735,0
-5.532042472003708,-12.675593376356872,-0.10061244266143266,-0.013084369401137034,-0.002778579791386922,0.4837070604165395,0.5679106215635935,735,0
-5.509940235052644,-12.681192201209305,-0.15916682372620286,-0.012905913094679514,-0.002756548424561818,0.4838874787092209,0.5680252909660339,735,0
-5.486724010094225,-12.674119897232693,-0.2039304674260502,-0.01277873416741689,-0.002869419753551483,0.48401836057504016,0.568096935749054,735,0
-5.469769149354409,-12.656817715235013,-0.2337233174554629,-0.012717614571253458,-0.00304441899061203,0.48408830165863037,0.5681585768858591,735,0
-5.453954889503558,-12.623695807729568,-0.24171063246167135,-0.012692287564277649,-0.0031309177478154497,0.48412831127643585,0.5683055917421976,735,0
-5.427624080069793,-12.589130942055217,-0.24598708257073054,-0.012654684484004974,-0.003250114619731903,0.48419737319151557,0.5684519410133362,735,0
-5.396588054446227,-12.550740582324027,-0.24436677209374902,-0.01262134810288747,-0.0033929795026779175,0.48427020013332367,0.5685964822769165,735,0
-5.35299882726539,-12.485319742225752,-0.24304600659580003,-0.012543745338916779,-0.003506866594155629,0.48438860476017,0.5687777002652485,735,0
-5.277588168092457,-12.375506258367174,-0.2560889561174348,-0.01240284244219462,-0.003659511605898539,0.4845890998840332,0.5690081814924876,735,0
-5.2156467792243415,-12.257766707178835,-0.2669456954740429,-0.012328108151753742,-0.0038439581791559854,0.48474424084027606,0.5692135095596313,735,0
-5.177478330475371,-12.186629747596735,-0.27801966241702736,-0.0123044749101003,-0.004010940591494242,0.4848691324392954,0.5693751076857249,735,0
-5.17195072943473,-12.166079727496776,-0.2976025525161705,-0.012317381799221039,-0.004184623559315999,0.48495419323444366,0.5694699287414551,735,0
-5.173703160687873,-12.162009498686029,-0.3203115652792401,-0.012316455443700153,-0.0043418655792872105,0.4850304375092188,0.5695217053095499,735,0
-5.179487824638256,-12.168230775523348,-0.35784820539211315,-0.012309059500694275,-0.004365277787049611,0.48511202136675513,0.5695927739143372,735,0
-5.191673146049517,-12.167493005315269,-0.38383824628522056,-0.012305041154225666,-0.004275508224964142,0.4851905107498169,0.5697265962759653,735,0
-5.203163483115477,-12.161318711523247,-0.3970213825617088,-0.012285021444161732,-0.004141084849834442,0.48526962598164874,0.5698672731717427,735,0
-5.218309235354206,-12.142190997105386,-0.4204768626625143,-0.012256557742754618,-0.003969634572664896,0.48535342017809546,0.5700792670249939,735,0
-5.231787851890655,-12.09632179711405,-0.43378248567176153,-0.012247179945309956,-0.003811108569304148,0.48543666303157806,0.5702943205833435,735,0
-5.245847402573528,-12.033413127637424,-0.43714546422055267,-0.012267671525478363,-0.0036897410949071245,0.4854945043722788,0.5704789161682129,735,0
-5.24223213286557,-11.981717255231686,-0.4385192108133516,-0.012271111210187275,-0.0035769293705622354,0.4855695217847824,0.5706554055213928,735,0
-5.222574759726226,-11.949244372918045,-0.4448014516520515,-0.012224013606707254,-0.0035029972592989602,0.4857003490130106,0.5707911054293314,735,0
-5.1984496827595645,-11.928711588887309,-0.4509735988820506,-0.012174926698207855,-0.0034571091334025064,0.4858289708693822,0.570894459883372,735,0
-5.179587568428806,-11.910126266253995,-0.46011636905352377,-0.012123120327790577,-0.0034046396613121033,0.4859539816776911,0.5710161328315735,735,0
-5.1602763779735055,-11.896924403780904,-0.4759372676742718,-0.012030382951100666,-0.003293735285600026,0.48610077798366547,0.571188489596049,735,0
-5.145572012144827,-11.886249443181882,-0.493868612099293,-0.011944852769374847,-0.003166067103544871,0.48623383045196533,0.5713708897431691,735,0
-5.129099320686581,-11.88885641997581,-0.5147654201736418,-0.011843467752138773,-0.0030506600936253863,0.4863607734441757,0.571508526802063,735,0
-5.1166249314974515,-11.89459046100962,-0.5385257820034578,-0.011745934685071308,-0.002961985766887665,0.48647040625413257,0.5715947449207306,735,0
-5.104839723881977,-11.89934922700352,-0.5604473995004751,-0.011646764973799387,-0.0028462931513786316,0.48657289147377014,0.5716668665409088,735,0
-5.093033855690615,-11.903762804261007,-0.5839284109761045,-0.011535855631033579,-0.002657865484555562,0.4866634408632914,0.5717391769091288,735,0
-5.086856097944003,-11.907793106835395,-0.6168359274847752,-0.0114274596174558,-0.0023685619235038757,0.48673252761363983,0.5718831618626912,735,0
-9.887477644638764,-8.643662233220937,-0.6942682695712461,-0.025983718534310658,0.005505035320917766,0.4702194333076477,0.5923069814840952,367,238
-12.955498958488178,-6.316506605446056,-0.6469801378461003,-0.034852412839730576,0.011039334038893383,0.45958770314852393,0.6065707107384999,367,238
-14.356449178081826,-4.943352765625342,-0.6373364704391133,-0.03875592102607091,0.013954800864060719,0.4545678049325943,0.6142054200172424,367,238
-14.104053639814417,-4.706266135150327,-0.6417305825441395,-0.037935808300971985,0.013965432842572529,0.45506011446317035,0.6145938336849213,367,238
-13.910029050628811,-4.578027212851248,-0.6686239466986311,-0.037436949710051216,0.013863928616046906,0.45546020567417145,0.614608238140742,367,238
-13.691459926879414,-4.446540531062233,-0.6817856614933351,-0.03690145661433537,0.013565217455228169,0.45603765547275543,0.6143564979235331,367,238
-13.415306174222408,-4.376443906363404,-0.6887274977088814,-0.035812489688396454,0.013270244002342224,0.45723263919353485,0.6140656769275665,367,238
-13.208596981627139,-4.3734766334194495,-0.6863159594384025,-0.034825456639130906,0.013065405189990997,0.45832398533821106,0.6138063271840413,367,238
-13.021485916823448,-4.3941135367179545,-0.6517318492535906,-0.033999587098757424,0.012965505321820576,0.4592376003662745,0.6136074860890706,367,238
-12.865860144794427,-4.373790234840451,-0.6141123459327571,-0.03352300574382146,0.012954841057459513,0.4598231911659241,0.6135024329026539,367,238
-12.741091807042356,-4.34559362698514,-0.5816910458917075,-0.03323758393526077,0.012941499551137287,0.4602111975351969,0.6134233077367146,367,238
-12.638000210325856,-4.319482197581898,-0.5541182140814498,-0.03307025631268819,0.012944062550862629,0.46046461164951324,0.6133772532145182,367,238
-12.514254385051148,-4.30144241684159,-0.5338007596044294,-0.0329107791185379,0.012994751334190369,0.460670401652654,0.6133944888909657,367,238
-12.403203924787345,-4.313438888485427,-0.5139184979943544,-0.032821250458558396,0.01303863525390625,0.4608084907134374,0.6134191453456879,367,238
-12.309246321353498,-4.372840487306082,-0.5009395285672464,-0.03282280514637629,0.013032222787539164,0.4608379751443863,0.6134136617183685,367,238
-12.243310610519963,-4.45041716884173,-0.4951466515626005,-0.03288390239079793,0.012988969683647156,0.46080806851387024,0.6133842170238495,367,238
-12.202935419145993,-4.51752111533799,-0.4977403397959067,-0.03293287505706151,0.012958196302254994,0.46077345808347064,0.6133560339609782,367,238
-12.184350060609873,-4.565998265952233,-0.5027718129148946,-0.03296627104282379,0.012952364981174469,0.4607458064953486,0.6133456329504648,367,238
-12.174614294153024,-4.640675486751627,-0.5098436031495734,-0.03299404184023539,0.012946128845214844,0.46071972946325934,0.6133352816104889,367,238
-12.158518993556019,-4.729041673294045,-0.5301530902631548,-0.03301723798116048,0.0128894771138827,0.4606935729583104,0.6133178869883219,367,238
-12.146708470312968,-4.818870551282288,-0.5553882747189973,-0.033038037518660225,0.012810913225015003,0.46067245304584503,0.6132875482241312,367,238
-12.1429621802962,-4.872734837649444,-0.5813014672578786,-0.03305590649445851,0.012718672553698221,0.46065571904182434,0.6132651567459106,367,238
-12.147403902742965,-4.903207622080086,-0.6115416440309627,-0.03306681911150614,0.012640406688054402,0.4606412202119827,0.6132437388102213,367,238
-12.154803061172776,-4.924052573477102,-0.6359449976331613,-0.033063602944215134,0.0125820388396581,0.4606283406416575,0.6132200558980305,367,238
-12.165549868530846,-4.94194001469072,-0.6598162014654453,-0.03304861734310786,0.012509509921073914,0.46061071256796515,0.6131573816140492,367,238
-12.172403092770274,-4.952119008607967,-0.6874414845573478,-0.03301289180914561,0.012371597190697987,0.4605937600135803,0.6130189895629883,367,238
-12.176622929756352,-4.956035408817947,-0.7125393780801866,-0.032972194254398346,0.012235892315705616,0.4605781535307566,0.6128815611203511,367,238
-12.18095575152337,-4.959517320275455,-0.7357073855298247,-0.03296030809481938,0.012054403622945149,0.46053543190161383,0.6126986443996429,367,238
-12.188964301229081,-4.973275940666145,-0.7489537398225681,-0.0329491173227628,0.01191171258687973,0.46048372983932495,0.6124876737594604,367,238
-12.196316133697668,-4.993434290487759,-0.7507114223659388,-0.03295135249694188,0.011759045223395029,0.4603945364554723,0.6122528314590454,367,238
-12.208117186875619,-5.0085011612455155,-0.7467689128152347,-0.032996219893296555,0.011663955946763355,0.46027572453022003,0.6120743254820505,367,238
-12.216276738724641,-5.032365049588011,-0.7500729432589653,-0.033051284650961556,0.011493220925331116,0.46017156044642127,0.6118477980295817,367,238
-12.234005227138738,-5.068332309053732,-0.751093985077721,-0.033110906680425004,0.01133621484041214,0.4600893457730611,0.6116210520267487,367,238
-12.265820984363701,-5.126086193501889,-0.7461532803308605,-0.03319296737511952,0.011143495639165241,0.4599975248177846,0.6113514304161072,367,238
-12.300208121743216,-5.1748004559034655,-0.7375436642684978,-0.03327704966068268,0.011010507742563883,0.45991068085034686,0.6111272573471069,367,238
-12.319593389546156,-5.202911399021743,-0.7331666369749681,-0.033325761556625366,0.010973682006200153,0.4598636378844579,0.6109457015991211,367,238
-12.338145327191048,-5.229098092335335,-0.7265088866829206,-0.033355879286924996,0.010998594264189402,0.4598381221294403,0.610787679751714,367,238
-12.352802036716898,-5.254031729413866,-0.7197625526121069,-0.03337421268224716,0.011027259131272633,0.4598270356655121,0.610634704430898,367,238
-12.361204338073307,-5.270067167434639,-0.715592690861016,-0.03339623659849167,0.01105689505736033,0.4598255803187688,0.6105376680692036,367,238
-12.363965392171483,-5.278043608871762,-0.7158756024355006,-0.03341713299353917,0.011090993881225586,0.4598357280095418,0.6104803284009297,367,238
-12.363334605259086,-5.286696729609011,-0.7214680405337117,-0.03341898073752721,0.01112485925356547,0.4598641196886698,0.6104448735713959,367,238
-12.360873512644346,-5.29446818540407,-0.7325400378062388,-0.03341615448395411,0.011144069333871204,0.45989635586738586,0.6104119022687275,367,238
-12.358824859160357,-5.3006982779397,-0.7449228776869177,-0.03341023375590642,0.011159643530845642,0.4599256118138631,0.6103834112485249,367,238
-12.357153933151402,-5.303733216221875,-0.7546394142810626,-0.033409394323825836,0.011175975203514099,0.45995165904362995,0.6103650530179341,367,238
-12.356096111210245,-5.301484979391332,-0.7654100347511428,-0.03339981287717819,0.011192431052525837,0.4599839796622594,0.6103570461273193,367,238
-12.356473666861387,-5.29517882992679,-0.7782011261380662,-0.03339555859565735,0.011201471090316772,0.46001144250233966,0.6103558142979939,367,238
-12.358921795301239,-5.286872352418788,-0.7952572540493337,-0.033386535942554474,0.011212602257728577,0.46003671983877814,0.6103557050228119,367,238
-12.358407303103654,-5.281329150948537,-0.8107254637721406,-0.03336072464783986,0.011193657914797464,0.46006556848684943,0.6103336711724598,367,238
-12.354622763067418,-5.2770652813838,-0.8228174892562616,-0.03331955273946126,0.011163284381230671,0.4600990414619446,0.6103010574976603,367,238
-12.340342935618029,-5.26435445529304,-0.8328474540686137,-0.033241425951321915,0.011126975218454996,0.4601679096619288,0.6102662086486816,367,238
-12.30936693863245,-5.227304261947341,-0.8473112694351149,-0.03310987104972203,0.011109801630179087,0.46029796202977497,0.6102578639984131,367,238
-12.277824831208292,-5.190478322823441,-0.8627872230847364,-0.03297468523184458,0.011099353432655334,0.46043660740057624,0.6102593640486399,367,238
-12.24861770572691,-5.165234003254357,-0.8793229555610242,-0.032839673260847725,0.01110035926103592,0.46057728429635364,0.610264887412389,367,238
-12.239354746937433,-5.155658725936712,-0.8974158045752718,-0.03277145326137543,0.011094659566879272,0.46065531174341834,0.6102549235026041,367,238
-12.241536257179856,-5.154563898619887,-0.914581943708185,-0.032748604814211525,0.011086275180180866,0.4606911987066269,0.6102301776409149,367,238
-12.271996742454217,-5.201710919566683,-0.9226768542022884,-0.03277779618899027,0.011053889989852905,0.46068678299585974,0.6101532181104024,367,238
-12.306795317306008,-5.307550170384069,-0.9171482669959146,-0.03284715116024017,0.010901398956775665,0.46063398321469623,0.6099463701248169,367,238
-12.333753329006157,-5.425828747545075,-0.9061895309759,-0.03291703760623932,0.010717853903770447,0.46057119965553284,0.609708031018575,367,238
-12.352458190218941,-5.549149725748613,-0.8965365635333232,-0.03298860788345337,0.010565966367721558,0.4604999373356501,0.6095062593619028,367,238
-12.363070188269704,-5.667569118162872,-0.8904870952359676,-0.03304729610681534,0.010412216186523438,0.46043679118156433,0.6092787384986877,367,238
-12.374194828297957,-5.754406094998673,-0.8857421940299056,-0.0331118827064832,0.01029633233944575,0.46036634345849353,0.6090822319189707,367,238
-12.375091364768238,-5.802530981494385,-0.8861186712243521,-0.03315326074759165,0.010156470040480295,0.46031080683072406,0.6088681817054749,367,238
-12.373335987679882,-5.833328794309226,-0.9097054446512837,-0.03317118436098099,0.009997082253297169,0.4602774381637573,0.6086029311021168,367,238
-12.373110384400304,-5.852147034617014,-0.9374818152872395,-0.033182524144649506,0.009863483409086863,0.4602539390325546,0.608319749434789,367,238
-12.38669812615036,-5.854026568991635,-0.9734577477870283,-0.03319130589564641,0.009914793074131012,0.46022459864616394,0.6081291437149048,367,238
-12.40903947738002,-5.8550713442040445,-1.0077473996088204,-0.03320525338252385,0.009987997512022654,0.46019365390141803,0.6079777677853901,367,238
-2.3767612592965186,-6.475583854770125,-0.4318041952662093,-0.004337631165981293,0.007038978238900502,0.49805618822574615,0.60088379184405,1102,238
4.462401263939,-7.182610975335116,-0.16405497095284172,0.01463265468676885,0.0052297115325927734,0.523242399096489,0.5961506267388661,1102,238
7.865087272216135,-7.620947115133811,-0.08077465594668601,0.023892427484194435,0.004583415885766347,0.5357668797175089,0.5938348770141602,1102,238
7.879302423715366,-7.793018803190193,-0.14609944681883325,0.02353733777999878,0.00491705040136973,0.5356119871139526,0.5938289662202199,1102,238
7.86530169847512,-7.862568931087983,-0.14795609059402637,0.023306926091512043,0.005114433666070302,0.5354983111222584,0.5937960644563038,1102,238
7.887347423394725,-7.873779847858913,-0.1415220834822764,0.023233051101366677,0.005250275135040283,0.5354312459627787,0.5937795142332712,1102,238
7.864309119184573,-7.8315080262488905,-0.11934157624572704,0.023050300776958466,0.005329745511213938,0.53518674770991,0.5937938193480173,1102,238
7.837899908735716,-7.761487973875212,-0.10276184492054519,0.022901418308417,0.005384909609953562,0.5349545280138651,0.59382097919782,1102,238
7.778843972881366,-7.703165814278038,-0.0896140597705915,0.022610828280448914,0.0054161498943964635,0.5345910390218098,0.5938804149627686,1102,238
7.699415738607428,-7.610519142736257,-0.08346218594414831,0.022363630433877308,0.005512170493602753,0.5342836181322733,0.5940226117769877,1102,238
7.6214165208191975,-7.527966843104554,-0.08142342436914207,0.022150543828805287,0.005649581551551819,0.5340192814668019,0.5942056775093079,1102,238
7.568681683458038,-7.472845405260262,-0.07862560429896609,0.022022895514965057,0.005741561452547709,0.5338433086872101,0.5943392813205719,1102,238
7.5347615265069,-7.449898794195267,-0.07469728546225156,0.021970607340335846,0.005803147951761881,0.5337397058804829,0.5944462517897288,1102,238
7.495301503059274,-7.431558956991379,-0.07184828274737792,0.021831082801024117,0.005795881152153015,0.5334815879662831,0.5945350527763367,1102,238
7.4566056879203355,-7.414437764315362,-0.06935948648282572,0.02164395898580551,0.005720749497413635,0.5331748326619465,0.5946028133233388,1102,238
7.4138842129609595,-7.406052669256351,-0.0704711051895365,0.021391148368517555,0.005644991993904114,0.5327998995780945,0.5946686367193857,1102,238
7.36960674605778,-7.401203217528842,-0.07345669706147244,0.021121824781099953,0.005584860841433207,0.5324069956938425,0.5947097142537434,1102,238
7.318096796269643,-7.403695397140665,-0.07485654233468178,0.020845629274845123,0.0055391962329546605,0.532025009393692,0.5947378675142924,1102,238
7.275494736566399,-7.403409639997335,-0.07340674925991984,0.020616476734479267,0.005503269533316294,0.5316687226295471,0.5947533249855042,1102,238
7.236836196775336,-7.402856468869851,-0.06339211788791112,0.020442873239517212,0.005494639277458191,0.5313189923763275,0.5947930415471394,1102,238
7.203370863188855,-7.397036440934549,-0.048714227471876766,0.020310555895169575,0.00551088402668635,0.5310236612955729,0.5948561231295267,1102,238
7.186106362968867,-7.391796564975912,-0.0499272287171383,0.020279787480831146,0.005542469521363576,0.5308312674363453,0.5949320793151855,1102,238
7.172223232046342,-7.374100143424975,-0.05492050893550297,0.020283433298269905,0.0055745045344034825,0.5306861102581024,0.5950140555699666,1102,238
7.16261246968396,-7.355559418635261,-0.05814076245996388,0.020300187170505524,0.005602059264977773,0.5305730998516083,0.5950846870740254,1102,238
7.132272642615172,-7.351109697036474,-0.05427823278953804,0.020232506096363068,0.005594300727049509,0.5303946733474731,0.5951266288757324,1102,238
7.090634873778395,-7.37065144806892,-0.056078851293123344,0.020137039323647816,0.0055575718482335406,0.5302113691965739,0.5951434870560963,1102,238
7.04513049536564,-7.403554803841615,-0.05839064045147142,0.020052989323933918,0.005501064161459604,0.5300561785697937,0.5951487521330515,1102,238
6.996791529544096,-7.433194860574793,-0.06088205445190875,0.01995662103096644,0.005420776704947153,0.5298897226651509,0.5951531628767649,1102,238
6.931394498861573,-7.439845887084313,-0.06227587029109788,0.019830758372942604,0.0053207700451215105,0.5296737353006998,0.5951566199461619,1102,238
6.864233313785983,-7.425425359032973,-0.06380503562470467,0.01971786469221115,0.005229786038398743,0.5294724404811859,0.5951643089453379,1102,238
6.806357419606098,-7.401693243045312,-0.06862887520923722,0.019642497102419533,0.005130484700202942,0.529317279656728,0.5951704283555348,1102,238
6.764307125904615,-7.354928654714652,-0.07154890656736887,0.019623254736264546,0.005015715956687927,0.5292337338129679,0.5951747099558512,1102,238
6.728221282130571,-7.291250729658235,-0.071234032004558,0.019634251793225605,0.004896836976210276,0.5291914741198221,0.5951786239941914,1102,238
6.702007619090537,-7.240947536941148,-0.07259944343779995,0.0196486289302508,0.0047859251499176025,0.5291590988636017,0.5951744318008423,1102,238
6.6718500563165435,-7.196670778656003,-0.08801920020440596,0.019633310536543526,0.004721015691757202,0.5290729304154713,0.5951835016409556,1102,238
6.6402974518559335,-7.171919722083036,-0.1053856606080664,0.019572811822096504,0.004682270189126332,0.5289523303508759,0.5952004889647166,1102,238
6.601549442257792,-7.1437518472503205,-0.13863926821768255,0.01948097596565882,0.004700305561224619,0.5287880996863047,0.5952574610710144,1102,238
6.53356841391339,-7.198779343123833,-0.21966145539492726,0.019416394333044686,0.0046558479468027745,0.5286018749078114,0.5953090985616047,1102,238
6.47554112409723,-7.281615295501251,-0.2998354623384442,0.019381041328112282,0.004604930679003397,0.528457373380661,0.5953548848628998,1102,238
6.400651920963789,-7.364245625200688,-0.4343075736865085,0.0194000576933225,0.004436480502287546,0.5283932983875275,0.5954615871111552,1102,238
6.307408359334316,-7.503034894703774,-0.5483048565238153,0.019425511360168457,0.004222402969996134,0.5283656219641367,0.5955394705136616,1102,238
6.216473104984915,-7.661915876877154,-0.6341198146197473,0.01943781723578771,0.004020914435386658,0.5283416211605072,0.5955900649229685,1102,238
6.129589389885112,-7.8022745597432195,-0.702316569708562,0.019384873410065968,0.0038908322652180987,0.5282542308171589,0.595603475968043,1102,238
6.0861874201131565,-7.934546917474635,-0.7615881195312983,0.01926263173421224,0.0038568302989006042,0.5280750393867493,0.5956088602542877,1102,238
6.054605512712266,-8.057101841233344,-0.8126879897490825,0.0191026305158933,0.003864487012227376,0.5278506775697072,0.5956108371416727,1102,238
6.042356870308181,-8.132968845157567,-0.8287694898891989,0.018986018995443978,0.003910834590593973,0.5276629328727722,0.595617522795995,1102,238
6.016982237663383,-8.14924557948519,-0.8366025919648273,0.018789519866307575,0.004061470429102579,0.527404357989629,0.5957105259100596,1102,238
5.9918696415500685,-8.135565275206638,-0.8408131555662727,0.01859691242376963,0.004232304791609446,0.5271616478761036,0.5958182911078135,1102,238
5.979844335320023,-8.114926636532065,-0.8411707760056546,0.018509271244208016,0.004448048770427704,0.5270149111747742,0.5959488153457642,1102,238
5.957265694234248,-8.083877278035686,-0.8417780623648714,0.018435304363568623,0.0046701133251190186,0.5268893738587697,0.5960789720217387,1102,238
5.928345103185378,-8.055239576703883,-0.8426404510437067,0.018356221417586006,0.004857478042443593,0.5267706513404846,0.5961889525254567,1102,238
5.895484173595275,-8.01559835889833,-0.8338278822121572,0.018267278869946797,0.005053721368312836,0.5266552269458771,0.5963188310464222,1102,238
5.858613709630305,-7.960774163180197,-0.8188623408866809,0.01817260185877482,0.005254305899143219,0.526533842086792,0.5964512328306834,1102,238
5.814801548475743,-7.89679660847872,-0.7955761152178108,0.01806501050790151,0.005449891090393066,0.5264054735501607,0.5965717434883118,1102,238
5.777146192037268,-7.839802823812886,-0.7728023181993648,0.01797207196553548,0.005622689922650655,0.5262969036897023,0.5966713329156239,1102,238
5.7548682989387725,-7.774056215446867,-0.7543353258795403,0.01793373624483744,0.005769943197568257,0.5262465377648671,0.5967483321825663,1102,238
5.746436120452328,-7.715771941748271,-0.7414099574254627,0.017931784192721047,0.0058797672390937805,0.5262336532274882,0.5968026518821716,1102,238
5.742406784868204,-7.627898779547575,-0.7309821135862911,0.017925153175989784,0.005991220474243164,0.5262392461299896,0.5968727668126423,1102,238
5.75846653853046,-7.5039058382600015,-0.7261494731188395,0.01792249083518982,0.006096094846725464,0.5262464384237925,0.5969561537106831,1102,238
5.787608474880074,-7.4034412883117415,-0.7234907455115107,0.017923849324385323,0.006164523462454477,0.5262528955936432,0.5970111787319183,1102,238
5.816781898167456,-7.338691265022964,-0.7211742222921773,0.017928379277388252,0.006206696232159932,0.5262575745582581,0.5970422426859537,1102,238
5.837064112545509,-7.279986844326995,-0.7143802965497759,0.01793196052312851,0.006248859067757924,0.5262642900149027,0.5970666706562042,1102,238
5.850121820455646,-7.233595973137695,-0.7023059651259208,0.017923831939697266,0.006285575528939565,0.526272177696228,0.5970809161663055,1102,238
5.860475285081305,-7.203492872038002,-0.6898737624137571,0.017916694283485413,0.006313117841879526,0.5262803236643473,0.5970885852972666,1102,238
5.868986612050087,-7.189208378472586,-0.6786702196916586,0.017903620998064675,0.006328269839286804,0.5262855688730875,0.5970888535181681,1102,238
5.873079184267244,-7.184079182863522,-0.6629079004416536,0.017885878682136536,0.0063309744000434875,0.5262939135233561,0.5970788896083832,1102,238
5.875959486415659,-7.185625218861522,-0.6454982601374979,0.01786977301041285,0.006316386163234711,0.526304801305135,0.5970513919989268,1102,238
13.397761208546912,-4.606054735486552,1.0547983549822946,0.03839692225058873,0.010838232934474945,0.5540508429209391,0.614467203617096,1470,478
18.2638241423708,-2.6330864092907067,2.1928909764398754,0.0511444831887881,0.015390070776144663,0.5721909999847412,0.6276862919330597,1470,478
20.648220308305845,-1.607363256548028,2.6993977072644277,0.05716414749622345,0.018277019262313843,0.580960750579834,0.6349254051844279,1470,478
20.57732782068414,-1.4776600702187754,2.62592544018971,0.05660938223203023,0.019174431761105854,0.5805986920992533,0.6358701288700104,1470,478
20.510934595727242,-1.4074563085766647,2.574442785943198,0.05629142622152964,0.019320209821065266,0.5802051822344462,0.6358751753966013,1470,478
20.436731676722196,-1.396788782033475,2.53751467636087,0.05600930998722712,0.019282706081867218,0.5798066159089406,0.635453075170517,1470,478
20.33553937538152,-1.3743632977616802,2.48419684798906,0.05582888672749201,0.01943823198477427,0.5794989864031473,0.6349231501420338,1470,478
20.25566886459132,-1.3604853989951682,2.4181868060909384,0.055691366394360856,0.019658178091049194,0.5792804658412933,0.6345061659812927,1470,478
20.12976143865474,-1.304048112033502,2.3713700145073404,0.05553162097930908,0.019872387250264485,0.5790910720825195,0.6342195967833201,1470,478
19.97416922272656,-1.293964768782825,2.3474408982188386,0.05525948603947957,0.019988931715488434,0.5787973403930664,0.6340013245741526,1470,478
19.824856737413747,-1.3158399705008441,2.3281674889853337,0.05498158683379491,0.019985809922218323,0.5784972906112671,0.6337461570898691,1470,478
19.65076651258608,-1.3499057405566435,2.300870736364633,0.05449292063713074,0.019948109984397888,0.5779835283756256,0.6334549685319264,1470,478
19.47864559570184,-1.404260551850509,2.258036441808855,0.053936876356601715,0.01967049886782964,0.5774057110150654,0.632906436920166,1470,478
19.32682309677962,-1.453756160727239,2.212783989568562,0.05344052861134211,0.019440953930219013,0.5768885513146718,0.6323943535486857,1470,478
19.18043525058882,-1.5049967469944399,2.1746478089823733,0.052923274536927536,0.01922712723414103,0.5763540069262186,0.6318918863932291,1470,478
19.022495545187383,-1.5967453104736293,2.1402142264549937,0.052418204645315804,0.01896226406097412,0.5758422513802846,0.6313475072383881,1470,478
18.89232689652632,-1.695249420657187,2.1113522612420157,0.05203053106864293,0.018662795424461365,0.5754526952902476,0.6308418313662211,1470,478
18.79694727419179,-1.812218715082907,2.0764502379299405,0.051822240153948464,0.018333598971366882,0.5752439200878143,0.6303142805894215,1470,478
18.728188881778067,-1.9459688339714705,2.0408082793762308,0.05171325306097666,0.01810763527949651,0.5751447379589081,0.6299199759960175,1470,478
18.674867396691806,-2.0672212323924963,2.0102064113688405,0.051642924547195435,0.01797776917616526,0.5750988026460011,0.629647970199585,1470,478
18.648634970386105,-2.203043587528545,1.9791622487932587,0.05159602065881093,0.017869052787621815,0.5750840306282043,0.6294128994146982,1470,478
18.634671966319395,-2.3279416955985237,1.950332651773731,0.05154875914255778,0.0176854208111763,0.5750901401042938,0.629158228635788,1470,478
18.626145048905748,-2.415038628621044,1.9314875816129038,0.05150999128818512,0.01762253294388453,0.5751020113627116,0.6290037433306376,1470,478
18.616731553332272,-2.4608192426514144,1.9178409143562143,0.05147230625152588,0.017622560262680054,0.5751139124234517,0.6289391915003458,1470,478
18.608749939601047,-2.482963117065178,1.9050539931516424,0.051460581521193184,0.017658405005931854,0.5751268664995829,0.6289110283056895,1470,478
18.594068213558543,-2.504915639981964,1.8897935606695622,0.05143313606580098,0.01763628174861272,0.5751387377580006,0.6288434366385142,1470,478
18.583267784507157,-2.532050275012498,1.8762365597628794,0.05141583333412806,0.017590502897898354,0.5751498242219288,0.6287533938884735,1470,478
18.56937961954837,-2.5563599112054085,1.8591343785639691,0.05138213435808817,0.01746942599614461,0.5751573244730631,0.6286110679308573,1470,478
18.550859584655637,-2.580284650317969,1.8450633365048146,0.05132192373275757,0.017357411483923592,0.5751625299453735,0.6284800668557484,1470,478
18.531692500872524,-2.6043771565731655,1.8342379201406618,0.0512675866484642,0.017258189618587494,0.57516743739446,0.6283633808294932,1470,478
18.516203797046774,-2.6206659470376734,1.8372417057613144,0.051235347986221313,0.01719898482163747,0.5751776695251465,0.6282797157764435,1470,478
18.49588420941329,-2.6095550761099986,1.8506511361646765,0.05123701194922129,0.01719344655672709,0.5752025842666626,0.6282194058100382,1470,478
18.451099190603994,-2.5804695687166275,1.862084150199091,0.051178929706414536,0.017187590400377907,0.5752211610476176,0.628170371055603,1470,478
18.423194204173335,-2.550911373245005,1.8703512600186436,0.051199408868948616,0.017198736468950905,0.5752910474936167,0.6281265020370483,1470,478
18.39464931535157,-2.542414759938751,1.8745796530916894,0.05115059018135071,0.017167394359906513,0.5753361980120341,0.628058095773061,1470,478
18.383384485909282,-2.5450594923049845,1.8814175468172696,0.05113048851490021,0.017142390211423237,0.5753629207611084,0.6279997527599335,1470,478
18.375637729823623,-2.557803660863903,1.8808613520678634,0.05110611766576767,0.017086299757162728,0.5753689110279083,0.6279308497905731,1470,478
18.377109169508405,-2.5730931390044827,1.8784746274633592,0.051109932363033295,0.01702922334273656,0.5753750205039978,0.6278718809286753,1470,478
18.3788430571645,-2.5858296361871487,1.8751847224660745,0.0511129895846049,0.016984224319458008,0.5753799478212992,0.62782222032547,1470,478
18.393240558951128,-2.6107000309130246,1.8707988877124047,0.05114108324050903,0.016951474050680794,0.5754065910975138,0.6277706821759541,1470,478
18.40849965997586,-2.6318806344395225,1.8682005608342185,0.05117007593313853,0.016931218405564625,0.5754318336645762,0.627720981836319,1470,478
18.423192081857778,-2.6465792206094525,1.8680579055438375,0.051208510994911194,0.016911077002684273,0.5754615565141041,0.6276762882868449,1470,478
18.44064880414666,-2.669814637200029,1.8657581981451474,0.05124569187561671,0.016851074993610382,0.5754806001981099,0.6275867720444996,1470,478
18.459063285567076,-2.6956448153161316,1.8574529238702024,0.051309200624624886,0.016771242022514343,0.5755325555801392,0.6274663110574086,1470,478
18.477790560271472,-2.717650285858774,1.8487263464472412,0.051380952199300126,0.016698725521564484,0.575597733259201,0.6273522774378458,1470,478
18.484578769361825,-2.7260070638357883,1.8385695320122581,0.05142066379388173,0.016655266284942627,0.5756398638089497,0.6272727747758229,1470,478
18.502074199391362,-2.744080900127558,1.826622065990863,0.05151269336541493,0.016593873500823975,0.5757071872552235,0.6272035241127014,1470,478
18.51244428153377,-2.763396250916726,1.8160559244580727,0.051583439111709595,0.0165242130557696,0.575756440560023,0.6271420915921528,1470,478
18.520016203963614,-2.792148596516787,1.8069576873385829,0.05164649834235509,0.01641288896401723,0.5757937729358673,0.6270510852336884,1470,478
18.51006341300689,-2.806594543603252,1.8006744404220574,0.05167355388402939,0.01632637530565262,0.5757912894090016,0.6269765396912892,1470,478
18.494012888236675,-2.818178776378551,1.794849192659608,0.05168881515661875,0.016261835892995197,0.5757789810498555,0.6269166767597198,1470,478
18.465564703326155,-2.833118723752795,1.786468070676488,0.05167569716771443,0.016207583248615265,0.5757414897282918,0.6268600126107533,1470,478
18.42194320797756,-2.866431518994821,1.7830131960179711,0.05158986647923787,0.016165465116500854,0.5756415724754333,0.6268001695473988,1470,478
18.37044349255613,-2.909050238673317,1.7835758657843608,0.05148267497618993,0.016128907601038613,0.575525422890981,0.6267377138137817,1470,478
18.31600160719796,-2.973795542646501,1.7854906696179065,0.05136515696843465,0.01607863108317057,0.5754002233346303,0.6266604264577229,1470,478
18.27495137750508,-3.0159670642537364,1.7842521645462053,0.05126792937517166,0.016036187609036762,0.5752856036027272,0.6265994906425476,1470,478
18.239082029551874,-3.0231567499724337,1.7868009151448885,0.0511992077032725,0.016003116965293884,0.5751875539620717,0.6265552143255869,1470,478
18.20433029615714,-3.008785272268717,1.7884424568406776,0.0511441354950269,0.015983395278453827,0.575112094481786,0.6265267233053843,1470,478
18.191012367336068,-2.9966157219811675,1.7838904092848402,0.051125081876913704,0.01596484084924062,0.575059324502945,0.6264901459217072,1470,478
18.186730761921133,-2.9876616832827283,1.7713991677799907,0.05111563205718994,0.01594697187344233,0.5750167965888977,0.6264496743679047,1470,478
18.199559431831567,-2.9754562074242266,1.7521788661316058,0.05113985886176427,0.015962471564610798,0.5749982198079426,0.6264098087946574,1470,478
18.211455853632376,-2.9432880133814985,1.7344207910182026,0.05118311693271001,0.01600540926059087,0.5749822954336802,0.6263880431652069,1470,478
18.22280598691693,-2.91943501653028,1.7168375596183196,0.051231247683366135,0.01608918855587641,0.5749668677647908,0.6263723373413086,1470,478
18.23085323471576,-2.9036566449831778,1.7016855161575726,0.05128060032924016,0.016163629790147144,0.5749454696973164,0.6263611217339833,1470,478
18.224668964317686,-2.889287680030824,1.691353806082125,0.051277627547581986,0.016268012424310047,0.5748995939890543,0.6263464887936909,1470,478
18.215754839041793,-2.8508802399297375,1.685747523204196,0.051267447570959725,0.01637258380651474,0.5748549302419026,0.6263376971085866,1470,478
18.207315659764234,-2.8101129990547227,1.683138094051626,0.05125408619642258,0.016457654535770416,0.5748188495635986,0.6263293027877808,1470,478
12.334214705553102,0.07903139434528073,2.243669653878495,0.034266260763009385,0.019352021316687264,0.5549488266309102,0.6376053889592488,1102,717
8.256540747292133,1.9352624558960279,2.6492357153595734,0.022949938972791035,0.021221352120240528,0.5416557093461354,0.6451487143834431,1102,717
6.089901743818745,2.7647303614301584,2.8830934242661943,0.017346675197283425,0.022273696959018707,0.5349779923756917,0.6490387320518494,1102,717
5.9259713285003315,2.646768768728312,2.878984895017387,0.017413390179475147,0.0223927100499471,0.5349339544773102,0.6490236421426137,1102,717
5.839312674016283,2.55665467687461,2.865313371659017,0.017443584899107613,0.022547138233979542,0.5348712404568989,0.6489237248897552,1102,717
5.779605540780649,2.5095785738259258,2.8570948320344356,0.01740498344103495,0.022668654719988503,0.5347687105337778,0.6487877865632374,1102,717
5.708878595904084,2.52350225017311,2.87122164779081,0.01727870355049769,0.022849569718043007,0.5345857540766398,0.6486959954102833,1102,717
5.6751145370236165,2.5795921319888917,2.8995521752626807,0.017365341385205586,0.023068139950434365,0.5345328350861867,0.6486215392748514,1102,717
5.677744450785479,2.6399604166762405,2.8958690580334783,0.01763185362021128,0.023327022790908813,0.5345561405022938,0.6485832333564758,1102,717
5.6934625055794665,2.667976559088424,2.866977938470387,0.017880385120709736,0.023546154300371804,0.5345668494701385,0.6485635340213776,1102,717
5.702071897917396,2.679162373946669,2.819125936242331,0.01802516480286916,0.02367502450942993,0.534507821003596,0.6485017836093903,1102,717
5.725489556231444,2.645574389797896,2.7588609585226536,0.018212847411632538,0.023382797837257385,0.5344851315021515,0.6480428576469421,1102,717
5.754048010641654,2.6025077107234176,2.6994048308941063,0.01840726534525553,0.023010417819023132,0.5344805320103962,0.6475407679875691,1102,717
5.794393379221223,2.569787401325046,2.613135115611847,0.018628696600596108,0.022534882028897602,0.5345276196797688,0.6469246745109558,1102,717
5.842577352247153,2.521903293135162,2.5326251496941032,0.01882487783829371,0.022168464958667755,0.5345845719178517,0.6462527712186177,1102,717
5.903378360921913,2.4253287777051247,2.4696240120710544,0.01898389806350072,0.0219502051671346,0.5346436997254689,0.6456627945105234,1102,717
5.936013236518466,2.3534913929674772,2.4053273870153014,0.019093794127305348,0.021861910820007324,0.534686803817749,0.6451817452907562,1102,717
5.9308140983596545,2.2649765857570032,2.3461360012839494,0.019140717883904774,0.021810526649157204,0.5346948405106862,0.6447143057982127,1102,717
5.911565876791889,2.163248953342099,2.3023626970713837,0.01917357246081034,0.021766560773054756,0.5346960524717966,0.6443208754062653,1102,717
5.912354359955614,1.9509191616122492,2.280954096854371,0.01918992648522059,0.021756134927272797,0.5347044467926025,0.644044001897176,1102,717
5.8983806787456174,1.7948436756207118,2.2662497318278048,0.019126479824384052,0.021686275800069172,0.5347061157226562,0.6439683437347412,1102,717
5.887440262268523,1.7357874850140256,2.248346409247814,0.01900647828976313,0.021589651703834534,0.5346940358479817,0.6439868807792664,1102,717
5.90957867940854,1.7309877714697293,2.2293345544656216,0.01890610655148824,0.021497448285420735,0.5346962809562683,0.6440283358097076,1102,717
5.952953921508657,1.722519457474337,2.2047632053231787,0.01886968563000361,0.021386101841926575,0.5347103973229725,0.6439083019892374,1102,717
5.9935688615995915,1.6975786696319721,2.1779809425554455,0.018884969254334767,0.021253973245620728,0.5347422063350677,0.6437028646469116,1102,717
6.034435501469266,1.5977453839177636,2.1063643935268193,0.018992061416308083,0.02099970976511637,0.5347611904144287,0.6431032319863637,1102,717
6.032357170375822,1.4556703141896747,1.9819785574968527,0.019064538180828094,0.020494110882282257,0.5347694158554077,0.6421370307604471,1102,717
6.019020258519028,1.3049555725757864,1.874630796045364,0.01911624272664388,0.020041892925898232,0.5347700814406077,0.6413037081559498,1102,717
6.009633936745052,1.1682252092793637,1.8105890920532222,0.019164959589640297,0.0195270503560702,0.5347881416479746,0.640442391236623,1102,717
6.059299874879388,0.9958161801690699,1.7810377916222824,0.019279447694619496,0.019104296962420143,0.5348539054393768,0.6397222181161244,1102,717
6.12536653596354,0.8370742331752465,1.765492835127111,0.019425421953201294,0.018815654019514717,0.5349468787511189,0.6391954819361368,1102,717
6.191755305853841,0.7324834972585308,1.772049721553185,0.019589394330978394,0.018753737211227417,0.5350499153137207,0.6389309366544087,1102,717
6.23462439626896,0.6531451656359173,1.7934279970470288,0.01970566064119339,0.018718741834163666,0.5351114670435587,0.6387101113796234,1102,717
6.265226067686963,0.5819279806735793,1.815432462973117,0.019781192143758137,0.018687585989634194,0.5351417263348897,0.6385170022646586,1102,717
6.2995272589134625,0.5045570163257687,1.842787891610194,0.019831265012423195,0.018487597505251564,0.5351642668247223,0.6381986538569132,1102,717
6.330580111682382,0.42703051399642034,1.8591978890008827,0.019889570772647858,0.018237354854742684,0.535202940305074,0.6378492812315623,1102,717
6.359126872918644,0.3651250008046314,1.8710938628139133,0.019947610795497894,0.018055530885855355,0.535241146882375,0.6375754475593567,1102,717
6.369390266268102,0.33108358019298,1.873684807376581,0.019984548290570576,0.01796042174100876,0.5352610647678375,0.637405236562093,1102,717
6.369017217204732,0.3182827339091959,1.8719436855822233,0.020013163487116493,0.017941767970720925,0.5352561771869659,0.6373173395792643,1102,717
6.366836532487705,0.31880603550428044,1.8686255717428306,0.020080802341302235,0.01799990485111872,0.5352499981721242,0.6373045841852824,1102,717
6.368037016997138,0.32287896557120066,1.8653516508917551,0.020167772968610127,0.018092590073744454,0.5352474550406138,0.6373247404893239,1102,717
6.371723761979823,0.3260510438774712,1.8605402555430852,0.020271264016628265,0.018149452904860176,0.5352663000424702,0.6373370389143626,1102,717
6.388272130183224,0.3152456908189986,1.8575914882174571,0.020407110452651978,0.018110406895478565,0.5353392859299977,0.6372879346211751,1102,717
6.408507533961804,0.30167454920976383,1.8559317540276425,0.020550462106863655,0.01803105076154073,0.5354323387145996,0.6372145315011342,1102,717
6.418702229853066,0.289192658560227,1.8588703244407696,0.020634358127911884,0.017935514450073242,0.5354904333750407,0.6371250847975413,1102,717
6.415884767703838,0.2822702299342891,1.8644792321326724,0.02066459755102793,0.01782360424598058,0.5355168978373209,0.637012908856074,1102,717
6.405885601676969,0.2815365749689449,1.8699755853562914,0.020672187209129333,0.017722984155019123,0.5355334480603535,0.6369074881076813,1102,717
6.378922047604702,0.2953731753427151,1.871758263025082,0.020652681589126587,0.01763248195250829,0.5355408489704132,0.6367897888024647,1102,717
6.343501522887875,0.310145372894705,1.872229795397622,0.020610960821310677,0.017631620168685913,0.5355372031529744,0.6366998255252838,1102,717
6.300369169872195,0.329084079433134,1.869750769098403,0.020544379949569702,0.0177328959107399,0.5355239709218342,0.6366490721702576,1102,717
6.2588990821552795,0.3463785352476267,1.8671078366294118,0.020467646420001984,0.017965761323769886,0.5355056722958882,0.6366410652796427,1102,717
6.233355722762271,0.3524554901947148,1.8579214722699016,0.02042241891225179,0.018242210149765015,0.5355023741722107,0.6366492807865143,1102,717
6.221705954002505,0.3507449635427514,1.8485081228160811,0.020405838886896767,0.01846969872713089,0.5355107883612314,0.6366619368394215,1102,717
6.216798805667673,0.35372184427525133,1.8448651498263358,0.020393344263235726,0.018609034518400826,0.5355180203914642,0.6366723378499348,1102,717
6.212833224254123,0.35905363696850157,1.845694521763439,0.020356329778830208,0.01871115465958913,0.5355233450730641,0.6366793413956959,1102,717
6.213418037754032,0.36755923921367917,1.847800739782822,0.020320651431878407,0.018815380831559498,0.5355277260144551,0.6366855303446451,1102,717
6.214036408145708,0.3737002812382033,1.8474297465776837,0.02029821773370107,0.018894543250401814,0.5355334281921387,0.636664628982544,1102,717
6.215944555502173,0.3647547619571698,1.8460989180450997,0.02028085539738337,0.018879592418670654,0.5355365375677744,0.6365362008412678,1102,717
6.220791043250621,0.34575677577731884,1.8476623144760822,0.020268931984901428,0.018821810682614643,0.5355385442574818,0.6363686422506968,1102,717
6.223563740689093,0.32435649172670317,1.8534805444857057,0.02025786538918813,0.018687504033247627,0.5355360706647236,0.6361422737439473,1102,717
6.228835608405906,0.3151836481274012,1.8582400231015102,0.02025488515694936,0.018551756938298542,0.5355343123277028,0.6359356343746185,1102,717
6.233878550176258,0.3130435802581968,1.8635062137212124,0.020255617797374725,0.01842780659596125,0.5355334480603535,0.6357638239860535,1102,717
6.245715086873154,0.3002355714713135,1.8629544060682939,0.020272967716058094,0.01834039638439814,0.5355461339155833,0.6356362998485565,1102,717
6.265013055883141,0.27852124946317014,1.856122216139314,0.020341473321119942,0.018245138227939606,0.5355924765268961,0.635517418384552,1102,717
6.284370422606471,0.26119200701982725,1.8457692819996012,0.02043231576681137,0.018139769633611042,0.5356532037258148,0.6353961825370789,1102,717
6.318723286841915,0.2605886565261287,1.8358015166453003,0.02054538329442342,0.01801608751217524,0.535739133755366,0.635264645020167,1102,717
6.358640252187915,0.25933680180406843,1.828969983791582,0.020632403592268624,0.017907390991846718,0.5358119408289591,0.6351403892040253,1102,717
0.8336116558973274,-1.6906128202625246,1.8371154816782336,0.0032531172037124634,0.013058625161647797,0.5135879019896189,0.6207770307858784,735,478
-2.9130917425769773,-3.0239309996032047,1.8397934848749364,-0.008254344264666239,0.010041803121566772,0.49872807164986926,0.6114380955696106,735,478
-4.842162588410828,-3.7692837217911013,1.8636237515844372,-0.013927879432837168,0.008689830700556437,0.4913402795791626,0.6069585482279459,735,478
-4.874674402281556,-3.8505168125295866,1.858373596213422,-0.013672679662704468,0.008845917880535126,0.49151094257831573,0.6071474850177765,735,478
-4.87830446034452,-3.9084324811734845,1.8452941306347113,-0.013472681244214375,0.008924993375937143,0.4916699230670929,0.607266902923584,735,478
-4.8469203549564845,-3.915206949549111,1.824177430438056,-0.013228575388590494,0.009029343724250793,0.4918998529513677,0.6074139873186747,735,478
-4.801126052823884,-3.9006196323464044,1.8093702393161837,-0.013001099228858948,0.009157729645570118,0.4921354552110036,0.6076200604438782,735,478
-4.755640839628186,-3.8798911563469978,1.797235980792287,-0.012817040085792542,0.009259864687919617,0.49233568211396533,0.6078077753384907,735,478
-4.727873805845422,-3.8876283800104874,1.7862740336183576,-0.012693434953689575,0.009292533000310261,0.4924721221129099,0.6079467236995697,735,478
-4.720753391349724,-3.904204500483434,1.7714187039533116,-0.012642093002796173,0.009319762388865152,0.49253813425699866,0.60806871453921,735,478
-4.720473086903242,-3.922710252414185,1.75571577222702,-0.012623414397239685,0.009343390663464863,0.4925711502631505,0.6081779698530833,735,478
-4.721127489815606,-3.9457415511748812,1.7391485986450739,-0.012626017133394877,0.009373371799786884,0.49258053799470264,0.6082687079906464,735,478
-4.7180781584418625,-3.9553441082205207,1.7252179902455103,-0.012613539894421894,0.009363718330860138,0.4926029096047083,0.6083196898301442,735,478
-4.724409776680522,-4.03044226204352,1.7066975639597755,-0.012588587900002796,0.009267494082450867,0.4926347384850184,0.6083666384220123,735,478
-4.7371312823412985,-4.12560220232711,1.6775259907233926,-0.012563064694404602,0.009192332625389099,0.4926686237255732,0.6084118187427521,735,478
-4.71645035322057,-4.344984875145258,1.6064607822011685,-0.0124959796667099,0.009007354577382404,0.49274300038814545,0.6084786454836527,735,478
-4.646355665813621,-4.544522795839475,1.4869861124216694,-0.012369024256865183,0.008922477563222248,0.49286694824695587,0.6085898578166962,735,478
-4.572409641283816,-4.672427944930082,1.3722122395615943,-0.012215733528137207,0.008950196206569672,0.4930152893066406,0.6087565720081329,735,478
-4.505721339436969,-4.7912525604077505,1.2867108169054213,-0.012058538695176441,0.008976479371388752,0.4931580622990926,0.6088443100452423,735,478
-4.48169960537594,-4.886586445671494,1.2293358382437285,-0.011969991028308868,0.008996767302354176,0.4932280580202738,0.6088748077551523,735,478
-4.484025269182978,-4.96059468674698,1.1866687096072186,-0.011927368740240732,0.0090010662873586,0.49325188994407654,0.6088757614294688,735,478
-4.494522063733801,-4.984611563301171,1.1236934745247056,-0.011913610001405079,0.009027443826198578,0.49323474367459613,0.6088484625021616,735,478
-4.504547090304797,-4.975922079998536,1.0607720206360587,-0.011894889175891876,0.009087701638539631,0.49321434895197547,0.6087981263796488,735,478
-4.516079054733989,-4.951659648773704,1.0100220534393365,-0.011871655782063801,0.009170042971769968,0.49320132037003833,0.6087430914243062,735,478
-4.516218581177735,-4.929322045370342,0.9783763044464048,-0.011839518944422403,0.009227340420087177,0.4931980321804682,0.6086522241433461,735,478
-4.507770320098638,-4.932367426860929,0.9604366249881793,-0.011791999141375223,0.009124269088109333,0.49319335321585334,0.6083875894546509,735,478
-4.493453126006628,-4.94731396958036,0.9482832323905697,-0.011733204126358032,0.008984687427679697,0.49319084485371906,0.6080960730711619,735,478
-4.4710984111081755,-4.960150668157797,0.9544891014620729,-0.011685190101464588,0.008790463209152222,0.49319038291772205,0.6077397465705872,735,478
-4.439077285227686,-4.950623748737829,0.9767029020938469,-0.011642406384150187,0.00870358943939209,0.49319156010945636,0.607507050037384,735,478
-4.407743909754677,-4.934194415254776,0.9991113935880684,-0.011609718203544617,0.008683179815610249,0.4931928565104802,0.6073543032010396,735,478
-4.384461873211469,-4.911337400205721,1.0176402459764706,-0.011584301789601643,0.00874274472395579,0.49319356183211005,0.6072742938995361,735,478
-4.36924852260175,-4.865945636704458,1.0217501074077153,-0.01156738648811976,0.008875290552775065,0.49319106837113696,0.6072473128636677,735,478
-4.36114284181318,-4.819111995356014,1.0195475171726318,-0.01155322790145874,0.00900692989428838,0.4931887537240982,0.6072497169176737,735,478
-4.365275789540068,-4.769340916827243,1.0165215446165106,-0.011565531293551127,0.009201452136039734,0.4931657314300537,0.6072628398736317,735,478
-4.376352646332555,-4.725763112373665,1.0223360498866978,-0.01159391055504481,0.009359955787658691,0.49313177168369293,0.6072747310002644,735,478
-4.398895896239492,-4.671282842665607,1.0344317915735024,-0.011652703086535135,0.009460968275864918,0.49307388563950855,0.6072852611541748,735,478
-4.42278975794347,-4.620064668052796,1.0492743493806147,-0.01172605405251185,0.009514175355434418,0.49300482869148254,0.6072943011919657,735,478
-4.464971842129868,-4.54263444513616,1.0538364188855902,-0.011824563145637512,0.009561210870742798,0.4929178456465403,0.6073003808657328,735,478
-4.504924867556866,-4.474667036799929,1.0507604244299693,-0.011917904019355774,0.00961633026599884,0.49283290902773536,0.6073058048884074,735,478
-4.533063981535362,-4.416316561727687,1.0433580251451373,-0.011979820827643076,0.009659816821416218,0.49277190367380774,0.6073104441165924,735,478
-4.547551738600344,-4.38781168453261,1.0314346164393433,-0.012008023758729298,0.009691543877124786,0.4927416145801544,0.6073152224222819,735,478
-4.54402490008635,-4.366678442773887,1.0190800569152758,-0.012004380424817402,0.00971073160568873,0.49273849527041114,0.6073184609413147,735,478
-4.532763319335389,-4.3497481454260924,1.0080419804995961,-0.011990644037723541,0.009724815686543781,0.4927458266417185,0.6073216398557026,735,478
-4.522060519962864,-4.33590186152858,0.9975316256100983,-0.01196214308341344,0.009741224348545074,0.49277039368947345,0.6073271731535593,735,478
-4.513327657873326,-4.334208139673921,0.9884143041867757,-0.011915999154249826,0.00975247969230016,0.4928170144557953,0.6073324580987294,735,478
-4.503896885143126,-4.3431042358476475,0.980621474921838,-0.011857785284519196,0.009759940207004547,0.4928783078988393,0.6073358555634816,735,478
-4.491879665177699,-4.346645639866681,0.9732456717383184,-0.011783070862293243,0.009761010607083637,0.4929550637801488,0.607336699962616,735,478
-4.470245240985642,-4.3303559855749505,0.9640165918043655,-0.01168959339459737,0.009760255614916483,0.49304938813050586,0.6073350707689921,735,478
-4.4475055170593745,-4.306887394012211,0.9539477930283583,-0.011594735085964203,0.009766258299350739,0.4931438366572062,0.6073325475056965,735,478
-4.43946437065993,-4.280509295080654,0.943018223030196,-0.011549241840839386,0.009757873912652332,0.4931958466768265,0.6073020001252492,735,478
-4.4403926993212774,-4.250032487426798,0.9390910939110408,-0.011536988119284311,0.009688047071297962,0.4932139267524083,0.6072120269139607,735,478
-4.44433177559759,-4.22354102406811,0.9386707423198122,-0.011540263891220093,0.009583393732706705,0.4932154367367426,0.607095460096995,735,478
-4.449116385214955,-4.198741388327938,0.9452651288587408,-0.011553650101025898,0.009507710735003153,0.4932054877281189,0.6069939533869425,735,478
-4.460723554646207,-4.1795672024725015,0.9570316388267738,-0.011600216229756672,0.009474446376164753,0.4931709716717402,0.6069259246190388,735,478
-4.4736413446487955,-4.163377413570869,0.9707227312930026,-0.011655966440836588,0.00945580502351125,0.493126705288887,0.6068847179412842,735,478
-4.483706619874848,-4.152599988641452,0.9820193611950995,-0.011696979403495789,0.009404867887496948,0.4930928995211919,0.6068210403124491,735,478
-4.484305258039471,-4.132288545701243,0.9891661558570236,-0.011713544527689615,0.009346231818199158,0.4930780579646428,0.6067769428094227,735,478
-4.4793972577940595,-4.113635512829109,0.9914140825782314,-0.01171470433473587,0.009291499853134155,0.4930766671895981,0.6067345241705576,735,478
-4.470003984209665,-4.092083779914816,0.9889113509657165,-0.011706719795862833,0.00926181674003601,0.4930810034275055,0.6067142089207966,735,478
-4.456304556605636,-4.059371413959322,0.9800654932892189,-0.011687862376372019,0.009264041980107624,0.4930955817302068,0.6067043940226237,735,478
-4.440293025459164,-4.02622439720526,0.9704899159851246,-0.011663141349951426,0.009285015364487965,0.49311669667561847,0.6067014336585999,735,478
-4.428477576484548,-4.00790985465348,0.9684599183147492,-0.011644460260868073,0.009338078399499256,0.493129958709081,0.6066925227642059,735,478
-4.4231069090498965,-4.005469114125951,0.9697457728850745,-0.011639277140299479,0.009450895090897877,0.4931327551603317,0.6066577037175496,735,478
-4.423061870135287,-4.006903670859366,0.9688148601903712,-0.011639244854450226,0.009583868086338043,0.49313201506932575,0.6066291928291321,735,478
-4.419154614518336,-4.008689511548738,0.9683915275611404,-0.011632646123568216,0.009691350162029266,0.49313538273175556,0.606582631667455,735,478
-4.414789408954257,-4.007024016302818,0.9671769123180756,-0.011624654134114582,0.009771530826886494,0.4931362718343735,0.606559415658315,735,478
-4.409517134391585,-4.001403717030353,0.9653679122183219,-0.011615427831808725,0.009832034508387247,0.4931340366601944,0.6065495610237122,735,478
-15.938221913382492,-5.161886814671757,0.8265925087309707,-0.04236638297637304,0.010105587542057037,0.4581136306126912,0.6104745169480641,0,478
-23.557156859827735,-6.080125881601717,0.6915176757349883,-0.06218719482421875,0.010349946717421213,0.43503493070602417,0.6128138800462086,0,478
-27.350558763413638,-6.679076217236418,0.6360869861797621,-0.07175265500942865,0.010321008662382761,0.42373282214005786,0.6136756241321564,0,478
-27.309544997236276,-6.857038888373023,0.6345235728223821,-0.07130073010921478,0.010166143377621967,0.42401482661565143,0.6132708390553792,0,478
-27.279616577117263,-6.975199415641104,0.648720285247137,-0.07113386690616608,0.00985937068859736,0.4241516888141632,0.6129322449366251,0,478
-27.244489261487914,-7.059537642405566,0.6393458492267237,-0.0709772358338038,0.009521953761577606,0.42429864406585693,0.6126716335614522,0,478
-27.240227732157496,-7.13137359483148,0.6299008425022394,-0.07098159193992615,0.009181797504425049,0.4243653615315755,0.6124502718448639,0,478
-27.229227730075763,-7.2080674988940086,0.6372766117588533,-0.0710123082002004,0.008840220669905344,0.42444412410259247,0.6121884783109028,0,478
-27.19981825394285,-7.285747986325154,0.6617937386287005,-0.07100332031647363,0.008540898561477661,0.4245109558105469,0.611885795990626,0,478
-27.149920627376645,-7.330051775797836,0.6811027471207709,-0.07087775568167368,0.00829965869585673,0.42465490599473316,0.611611932516098,0,478
-27.10345680835085,-7.345947175078713,0.6914144338764596,-0.0707375630736351,0.008142198125521341,0.4247955580552419,0.6114149292310078,0,478
-27.0569976787013,-7.350430717253266,0.6948736668147557,-0.07058442384004593,0.0080438827474912,0.4249414006868998,0.6113010843594868,0,478
-26.997189324395848,-7.3372084498977,0.6873630593471478,-0.0704373170932134,0.008000768721103668,0.4250612805287043,0.6112550397713978,0,478
-26.936145131994074,-7.320737589162315,0.6757764684460323,-0.07030133157968521,0.007985095183054606,0.42516079545021057,0.611242413520813,0,478
-26.882248830141616,-7.322260005294899,0.6673890721374983,-0.07021408031384149,0.007995329797267914,0.4252198586861292,0.6112186213334401,0,478
-26.828100957107097,-7.358677061536115,0.6663728243637531,-0.07010094573100407,0.007994127770264942,0.4252748638391495,0.6111893753210703,0,478
-26.772822234415486,-7.409482641087453,0.6680999636451828,-0.06999280800422032,0.008012468616167704,0.4253201733032862,0.6111745138963063,0,478
-26.719030093899526,-7.453356988265027,0.6667213547886313,-0.06985351194938023,0.008015091220537821,0.4253624578317006,0.6111739178498585,0,478
-26.64992656804548,-7.465948409240818,0.6473182735547138,-0.06968165437380472,0.008033615847428639,0.42540018757184345,0.6112029651800791,0,478
-26.57741204118159,-7.462621197817608,0.6205363486854691,-0.06951859096686044,0.008051693439483643,0.4254318426052729,0.6112377047538757,0,478
-26.49552860893594,-7.436388947271308,0.5935193867463057,-0.06935047109921773,0.008117144306500752,0.42545538643995917,0.6113184293111165,0,478
-26.4344019191318,-7.402900217450849,0.5588220971746128,-0.06916677951812744,0.008224075039227802,0.42546920975049335,0.611471692721049,0,478
-26.396976628066625,-7.372024802352598,0.5258293052859371,-0.06902993967135747,0.008345797657966614,0.4254751453797022,0.6116534670193989,0,478
-26.359091249157093,-7.345770572265325,0.492857976548921,-0.06886737793684006,0.008425111571947733,0.4254838327566782,0.6117851038773854,0,478
-26.324683367144182,-7.340087510271585,0.4719549278017645,-0.06874674061934152,0.00845538079738617,0.4254937718311945,0.6118363440036774,0,478
-26.301113994680634,-7.3405710782928715,0.45656257190237526,-0.0686641236146291,0.008459789057572682,0.42550355692704517,0.6118466357390085,0,478
-26.290295491737677,-7.348721056667449,0.4553179422947521,-0.06863187005122502,0.00847335656483968,0.42550885677337646,0.6118459006150563,0,478
-26.28169142323387,-7.3554125569794095,0.45651330981121285,-0.0685931866367658,0.008468717336654663,0.4255158255497614,0.6118407547473907,0,478
-26.26573654320667,-7.370530900548289,0.4567164520969538,-0.06853083521127701,0.0084395632147789,0.4255334436893463,0.6118228336175282,0,478
-26.245172520364576,-7.3842768340389915,0.44683572162307705,-0.06846445053815842,0.008415612081686655,0.42556678255399066,0.6118115683396657,0,478
-26.22635168339373,-7.3948226516181546,0.4332301523538432,-0.0684044137597084,0.008402369916439056,0.4256046414375305,0.6118063827355702,0,478
-26.20537538955534,-7.392064712742256,0.4165040803689653,-0.06833203136920929,0.008389008541901905,0.42565232018629706,0.6118210554122925,0,478
-26.186480208826765,-7.383654492455895,0.39687421365324294,-0.06826145201921463,0.008376061916351318,0.4257069081068039,0.6118425130844116,0,478
-26.160229490550627,-7.376264423857633,0.3748920716259332,-0.06817212949196497,0.008369711538155872,0.4257628222306569,0.6118618448575337,0,478
-26.12884426028632,-7.370876827172932,0.3533189034393795,-0.06805527458588281,0.008370200792948404,0.42582694689432776,0.6118728915850321,0,478
-26.098580115900937,-7.379041238461561,0.33727080282830707,-0.06795057654380798,0.008360388378302256,0.42589031159877777,0.6118794977664948,0,478
-26.07124369358874,-7.40181379917869,0.3205031802230037,-0.06788015117247899,0.00837096075216929,0.42594662805398303,0.6118842760721842,0,478
-26.04625644155651,-7.4296781560104925,0.30758599588895175,-0.06782311201095581,0.008385126789410908,0.4260067045688629,0.6118868291378021,0,478
-26.021504977335788,-7.461577173502057,0.29908152087104745,-0.06777671724557877,0.008410101135571797,0.42605821788311005,0.6118879616260529,0,478
-25.9972609839963,-7.494688047885454,0.29769085254492156,-0.06776104619105656,0.008417971432209015,0.4260854671398798,0.6118884781996409,0,478
-25.97049923220371,-7.52514947498302,0.2972600791501192,-0.06775838633378346,0.008424858252207438,0.4261010388533274,0.6118917465209961,0,478
-25.95076581358517,-7.551192890534516,0.29230621986771876,-0.06776625663042068,0.008434926470120747,0.42610765000184375,0.6118941108385721,0,478
-25.955890738299463,-7.577591428768541,0.2902350015695105,-0.06782391170660654,0.00845230370759964,0.42608035604159034,0.6118937730789185,0,478
-25.971598786331853,-7.599264146999608,0.2911613674547229,-0.06789842496315637,0.00847196082274119,0.4260384738445282,0.611890435218811,0,478
-25.991743697039198,-7.606911093047657,0.2900517897436283,-0.06797167907158533,0.008495045204957325,0.4259904474020004,0.6119015514850616,0,478
-26.01095516604438,-7.607123154094854,0.2903298485316612,-0.06805826723575592,0.008510400851567585,0.42592698335647583,0.6119097471237183,0,478
-26.028581719098867,-7.601305395863877,0.2917366966003163,-0.06814012179772058,0.008520190914471943,0.42587228616078693,0.6119150221347809,0,478
-26.041746276982547,-7.577536902422265,0.28123170084840343,-0.06819937874873479,0.00854252775510152,0.42583292722702026,0.6119130154450734,0,478
-26.04715841445201,-7.561039280691569,0.26601624029436066,-0.06823028127352396,0.008541740477085114,0.425812487800916,0.6118856867154439,0,478
-26.047630886713627,-7.550090809698137,0.2486354121918681,-0.06824921568234761,0.008527763187885284,0.4257980088392893,0.6118553976217905,0,478
-26.058622379795892,-7.5462410018021,0.2280742663093121,-0.06831653912862141,0.008519560098648071,0.42577481269836426,0.6118386487166086,0,478
-26.079827773693147,-7.560570487657397,0.20498336470498224,-0.06839469075202942,0.008544251322746277,0.42576178908348083,0.6118344366550446,0,478
-26.100717403286662,-7.569477319870691,0.1869252500002242,-0.06847058981657028,0.008589784304300943,0.4257586896419525,0.6118352015813191,0,478
-26.10987368484855,-7.583215865910745,0.17066035933684032,-0.06847440699736276,0.008702109257380167,0.42578575511773425,0.6118411223093668,0,478
-26.097208631957656,-7.609746940906431,0.15243856432625105,-0.0684137816230456,0.008883883555730183,0.42585072418053943,0.6118129094441731,0,478
-26.076417443204917,-7.643036077222542,0.13823122440713964,-0.06830087304115295,0.009019888937473297,0.42594492932160694,0.6117565035820007,0,478
-26.056312216175872,-7.683216060837351,0.12237819696155332,-0.06818696856498718,0.009158263603846232,0.42604852219422656,0.6116989751656849,0,478
-26.031683361424264,-7.716251759336442,0.1107059883772237,-0.06801570455233255,0.00925817588965098,0.4262056003014246,0.611614445845286,0,478
-26.00338820041597,-7.746730239306734,0.10556940022285749,-0.06785445908705393,0.009342764814694721,0.4263567974170049,0.6114953458309174,0,478
-25.968721942665077,-7.773092277164148,0.11261676571703108,-0.06769891331593195,0.009381048381328583,0.42649806042512256,0.6113807260990143,0,478
-25.941077899613962,-7.792034668693681,0.12229881328684838,-0.06758899241685867,0.009323979417483011,0.42657697200775146,0.6112531920274098,0,478
-25.915417604081554,-7.789367692844184,0.12304662514297532,-0.06747861206531525,0.00924314558506012,0.42662569880485535,0.6111594935258229,0,478
-25.89488581690248,-7.776057035487194,0.11503366928480185,-0.0673825666308403,0.009144450227419535,0.4266572793324788,0.6110747257868449,0,478
-25.855601011706458,-7.727165017796222,0.08606697077467843,-0.06724780301253,0.009078008433183033,0.42674834529558814,0.6110372443993886,0,478
-25.811635403485603,-7.6723794196834865,0.04982444837147482,-0.06710283209880193,0.009017514685789743,0.4268573572238286,0.6110219558080037,0,478
-25.7425641676027,-7.600578376006885,-0.004294570724608218,-0.06682999432086945,0.00898162027200063,0.4271165529886881,0.6110255718231201,0,478
-25.67594141368934,-7.511419753059467,-0.08437776534367826,-0.06641342987616856,0.00900770475467046,0.4275477280219396,0.6110559403896332,0,478
-20.39782684552608,-10.51059365059131,0.19354895843642717,-0.05216112484534581,0.0027136007944742833,0.4429386258125305,0.5904450118541718,0,0
-16.600563402997537,-12.592661145396155,0.4325686564784075,-0.04225209355354309,-0.0012390365203221638,0.45328690608342487,0.5765951474507649,0,0
-14.525129378837097,-13.646445638220765,0.56647372919581,-0.0370404173930486,-0.0033597946166992188,0.4584389726320902,0.5695157547791798,0,0
-14.308135561521972,-13.668079833767683,0.5970551318956769,-0.036771136025587715,-0.0032935068011283875,0.4583992560704549,0.5694049596786499,0,0
-14.176420057600652,-13.570213047359662,0.5909665488295901,-0.03663694113492966,-0.0032317837079366045,0.45832787454128265,0.5695455869038899,0,0
-14.092107503656038,-13.459745059680323,0.5681364869751188,-0.03652883321046829,-0.0030050625403722124,0.45829211672147113,0.5698503752549489,0,0
-14.01567990930621,-13.333990955968769,0.5316467044773387,-0.03645549714565277,-0.0028123830755551653,0.45826415717601776,0.5701570808887482,0,0
-13.97672585387425,-13.259295696237153,0.4964546424527251,-0.036454434196154274,-0.0026508768399556475,0.4582067131996155,0.5703827738761902,0,0
-13.956440044565412,-13.188083655589999,0.46299478338729416,-0.036511746545632676,-0.0025862902402877808,0.4581102430820465,0.5704998870690663,0,0
-13.963573992946285,-13.14292304517919,0.4341913282917067,-0.036568726102511086,-0.0025407647093137102,0.45802439749240875,0.5705669422944386,0,0
-13.97628156076006,-13.100000934927358,0.40961709782122285,-0.03661070764064789,-0.002500842014948527,0.4579635312159856,0.570622056722641,0,0
-13.988321259413276,-13.056870155031735,0.38746737298413636,-0.0366245557864507,-0.002461463212966919,0.4579267452160517,0.5706725815931956,0,0
-13.993689481104493,-13.000749489437023,0.36842049128824006,-0.03662213683128357,-0.00244965652624766,0.45790115495522815,0.5707096060117085,0,0
-14.002581664197734,-12.934103708563303,0.35387156103279366,-0.03660121560096741,-0.00244607279698054,0.4578862190246582,0.570737898349762,0,0
-14.007330182295116,-12.862963794225838,0.3411607342990628,-0.03658006836970647,-0.002437646190325419,0.4578508287668228,0.5707711478074391,0,0
-14.003393039699489,-12.816179057468814,0.32694624740442424,-0.03656024485826492,-0.0023746465643246966,0.4578046103318532,0.5708555082480112,0,0
-13.995974226265528,-12.784701534335714,0.31479471600870845,-0.036549980441729225,-0.0022534405191739397,0.4577622761329015,0.5709957281748453,0,0
-13.984994733674222,-12.750310474880852,0.3022829080686346,-0.0365299383799235,-0.0020558188358942666,0.45773593087991077,0.5712204376856486,0,0
-13.986053771916687,-12.71162180093729,0.2894133436537677,-0.03655474384625752,-0.0018614406387011209,0.4576719949642817,0.5714732607205708,0,0
-13.994723055720028,-12.67864776109909,0.2767179112819227,-0.03659942001104355,-0.001704871654510498,0.45759429037570953,0.5716774165630341,0,0
-14.011934122099419,-12.655562314229819,0.25482669087514165,-0.03668899089097977,-0.0017187421520551045,0.4574795961380005,0.5718483130137125,0,0
-14.037091225541014,-12.638214296507927,0.23179109629594513,-0.03682584563891093,-0.0018103097875912983,0.45734388629595435,0.5720183948675791,0,0
-14.076285626588458,-12.609899684432591,0.20572864418985531,-0.0370203951994578,-0.0017943580945332844,0.457186554869016,0.5723371207714081,0,0
-14.117231829722485,-12.570075176687116,0.18220251267321064,-0.03719247877597809,-0.001692610482374827,0.4570564577976862,0.5726712842782338,0,0
-14.153948568482978,-12.527953709103361,0.1526414364201336,-0.03733798364798228,-0.001560114324092865,0.45694277187188465,0.5730453530947367,0,0
-14.183108856430625,-12.487255413466823,0.11945271000630514,-0.03744366765022278,-0.0014044667283693948,0.4568604379892349,0.5734044015407562,0,0
-14.210194999517796,-12.456817025865275,0.08921963878100925,-0.03754690786202748,-0.001263293127218882,0.4567857633034388,0.5737184286117554,0,0
-14.23865592390667,-12.414844330377775,0.06623722231137244,-0.037645856539408364,-0.0011353666583697,0.4567291935284932,0.5740258097648621,0,0
-14.28485848655014,-12.318852083146037,0.038250852544965575,-0.037737076481183365,-0.0009135454893112183,0.4566808392604192,0.5744358996550242,0,0
-14.32885037681283,-12.232229712102011,0.013532307612700922,-0.03781517098347346,-0.0007017403841018677,0.45663926005363464,0.5748030145963032,0,0
-14.380063810041104,-12.149159889448988,-0.007506830313727137,-0.03791554023822148,-0.0005884195367495219,0.45658269027868903,0.5750729143619537,0,0
-14.427879596372922,-12.115245601282767,-0.036089891812143796,-0.038044415414333344,-0.000564013918240865,0.4565001130104065,0.5752309858798981,0,0
-14.472390699123238,-12.105262688425395,-0.061350339499320734,-0.038168949385484055,-0.0005666042367617289,0.45641934871673584,0.575331062078476,0,0
-14.505124792734978,-12.110969784356845,-0.0813258697037432,-0.03826440870761871,-0.0005713651577631632,0.45636577904224396,0.5754146675268809,0,0
-14.525663491897427,-12.115998237665302,-0.09018070151150316,-0.03832231958707173,-0.0005956739187240601,0.45634064575036365,0.5754783749580383,0,0
-14.537236303550873,-12.11959913136986,-0.09369137641552384,-0.03835310538609822,-0.0006247907876968384,0.4563324749469757,0.5755213101704915,0,0
-14.546921410601334,-12.109109151751326,-0.095719355772173,-0.03836830208698908,-0.0006387904286384583,0.4563292016585668,0.5755841632684071,0,0
-14.564971322068061,-12.067662176675196,-0.09355427552305567,-0.03838991870482762,-0.0006408666570981343,0.45632292826970416,0.5756870011488596,0,0
-14.574888054875373,-12.017823437390216,-0.09174665488630741,-0.038403513530890145,-0.0005928998192151387,0.45631810029347736,0.575818657875061,0,0
-14.58832327143763,-11.954983726807612,-0.08810803448127313,-0.03841603050629298,-0.0005512659748395283,0.45630920430024463,0.5759553909301758,0,0
-14.601134339687345,-11.921971287591338,-0.09494694060878106,-0.03844628979762395,-0.0005534340937932332,0.45628307263056433,0.576074610153834,0,0
-14.61131965902933,-11.90622741152757,-0.10448882584133726,-0.038475180665651955,-0.0006029705206553141,0.4562591016292572,0.5761591990788777,0,0
-14.623469307305376,-11.896082347294639,-0.11520640448054303,-0.03852137178182602,-0.0007018620769182841,0.4562367995580037,0.5762611925601959,0,0
-14.633491004429672,-11.889400653990778,-0.12531238161114117,-0.03854677081108093,-0.0008476972579956055,0.45622632404168445,0.5763467748959858,0,0
-14.64147110857591,-11.8846127819812,-0.13532171641960083,-0.038558945059776306,-0.0010039955377578735,0.45622119307518005,0.5764080981413523,0,0
-14.649271400935499,-11.881486189961556,-0.14308522629274173,-0.03856180856625239,-0.0011189704140027363,0.4562193602323532,0.5764448841412861,0,0
-14.657150668547136,-11.89076522897788,-0.146973846687438,-0.038562322656313576,-0.0011951550841331482,0.4562191814184189,0.5764610071976979,0,0
-14.664311600435925,-11.905833526160686,-0.14728580616272047,-0.03856204698483149,-0.001250244677066803,0.45621955394744873,0.5764666199684143,0,0
-14.669466670573371,-11.917329889132965,-0.14187322923820422,-0.0385526642203331,-0.0013004541397094727,0.456229696671168,0.5764733056227366,0,0
-14.673465297108201,-11.933521836380864,-0.137938272759057,-0.03852042804161707,-0.001341914137204488,0.4562607556581497,0.5764790177345276,0,0
-14.676277206776625,-11.948280701828295,-0.13477145855447784,-0.03848421076933543,-0.0013667941093444824,0.4562962005535761,0.5764829417069752,0,0
-14.670477764221713,-11.964917674068566,-0.1304139367343688,-0.03841518114010493,-0.0013693521420160928,0.456363245844841,0.5764833092689514,0,0
-14.653080667616894,-11.993263708086081,-0.12115922348130928,-0.0383324921131134,-0.0013653238614400227,0.4564412732919057,0.5764769911766052,0,0
-14.629996935683078,-12.029224740866699,-0.11106395506876987,-0.03824595113595326,-0.0013612384597460427,0.4565217097600301,0.5764672656853993,0,0
-14.617532407875103,-12.079394929971919,-0.10284412652197311,-0.03819381942351659,-0.0013623212774594624,0.45656979580720264,0.5764550069967905,0,0
-14.617839971295574,-12.1164245747855,-0.09707124387251366,-0.0381765142083168,-0.001366990307966868,0.45659053325653076,0.5764594674110413,0,0
-14.625754862032032,-12.143770925575286,-0.09369398094958467,-0.038178945581118263,-0.0013708298405011494,0.45659759640693665,0.576477696498235,0,0
-14.630078076085866,-12.151946642268769,-0.09435563854289578,-0.038178056478500366,-0.0013702064752578735,0.45660733679930365,0.5765192210674286,0,0
-14.629243318274682,-12.154264616373144,-0.09945086416843196,-0.038179355363051094,-0.0013583252827326455,0.45661702255407965,0.5765595336755116,0,0
-14.630311197643124,-12.15699434163106,-0.09576129898819413,-0.03820537279049555,-0.0013116821646690369,0.4566350430250168,0.5766231616338093,0,0
-14.629479765831967,-12.15830185581207,-0.090077601994675,-0.03821771591901779,-0.001220273474852244,0.4566721171140671,0.5767195423444111,0,0
-14.621172483225289,-12.134997127949621,-0.08799369944263973,-0.03820926944414774,-0.0010413005948066711,0.4567232131958008,0.5769131084283192,0,0
-14.59073796365195,-12.10191158253977,-0.08579849179234159,-0.03809365133444468,-0.0008327886462211609,0.4568648387988408,0.5771561364332835,0,0
-14.547368763265037,-12.058915391624003,-0.08769759643318478,-0.03791911403338114,-0.0006216143568356831,0.4570509195327759,0.577394425868988,0,0
-14.509947540119917,-12.053496542896816,-0.06894319865187835,-0.0377858430147171,-0.0005249232053756714,0.4572068651517232,0.5775427520275116,0,0
-14.474631251646112,-12.046094661205839,-0.044533577335524946,-0.03768991927305857,-0.00048590948184331256,0.45734187960624695,0.5776869455973307,0,0
-14.447040262149812,-12.034645683658542,-0.025208937588427086,-0.03762603551149368,-0.0004383598764737447,0.45745138327280677,0.5778229236602783,0,0
-8.008888600521148,-5.3679314013313455,0.1293671635618278,-0.018886407216389973,0.01081088682015737,0.4815167784690857,0.6068835953871409,735,956
-3.7066106208418796,-0.6716032190562026,0.10908962175681823,-0.0069914087653160095,0.01823406914869944,0.4974204103151957,0.6281113028526306,735,956
-1.5373282480678125,1.8682062369629784,0.08658219449423137,-0.0014558111627896626,0.021650083363056183,0.5052244265874226,0.639374703168869,735,956
-1.5466792914741514,2.0510617106243845,0.06816505758460459,-0.0019808560609817505,0.021364587048689522,0.505076120297114,0.640347013870875,735,956
-1.598549742175866,2.0792171681098885,0.09461632443053311,-0.0022598033150037127,0.021355586747328438,0.505013088385264,0.6406725247701008,735,956
-1.6297741027656252,2.0854412026303777,0.11569318609151713,-0.002365271250406901,0.02160075803597768,0.5050540765126545,0.6409435470898945,735,956
-1.635742507015944,2.110313882826988,0.12967489315030564,-0.0023985058069229126,0.021785269180933632,0.5051149129867554,0.6411076784133911,735,956
-1.6142166458372655,2.124415695191577,0.14099874246389704,-0.00233391672372818,0.021794105569521584,0.5052475035190582,0.6411775549252827,735,956
-1.5551716672478215,2.1715491035256305,0.16103895605796892,-0.0021746928493181863,0.021806043883164723,0.5054584940274556,0.6413054168224335,735,956
-1.4997081038976656,2.2110859517081574,0.1791074818778834,-0.0020293394724527993,0.02189594010512034,0.5056368211905161,0.6414608061313629,735,956
-1.4299916846144545,2.2656042508174834,0.18848598435495295,-0.0018684044480323792,0.021961604555447895,0.505809744199117,0.6416470408439636,735,956
-1.3846387090854853,2.2722106554173283,0.18492725645635666,-0.0017508938908576965,0.022049700220425923,0.5059365530808766,0.641787032286326,735,956
-1.3497379491050499,2.277319761437803,0.18113341100990177,-0.0016952703396479287,0.022115093966325123,0.5060116052627563,0.6418894032637278,735,956
-1.324672810797502,2.276036417401423,0.17873176294612123,-0.0016500974694887796,0.022149033844470978,0.5060837268829346,0.6419480840365092,735,956
-1.3013044486123404,2.289322903339774,0.17392198186988556,-0.0016273905833562214,0.022120234866937,0.5061509410540262,0.6419685184955597,735,956
-1.2819196597011275,2.301837998325656,0.17235430637879096,-0.0016279121239980061,0.022053944567839302,0.5061955054601033,0.6419665515422821,735,956
-1.2479666061496015,2.345539755200273,0.1733783972061333,-0.0015913844108581543,0.021966089804967243,0.5062782764434814,0.6419317523638407,735,956
-1.2033011207008357,2.4059873802221805,0.1803032975655991,-0.0015343651175498962,0.021862057348092396,0.5063725213209788,0.6418812374273936,735,956
-1.164529536014033,2.4661268842538764,0.18846886358549803,-0.0014845579862594604,0.021764966348807015,0.5064535041650136,0.6418324112892151,735,956
-1.1324746751287478,2.51283732548578,0.1942782762940366,-0.0014578253030776978,0.021675509711106617,0.5064995884895325,0.6418294409910837,735,956
-1.1085017896073133,2.543478789447043,0.19672451561474305,-0.0014348824818929036,0.021592463056246437,0.5065342287222544,0.6418862144152323,735,956
-1.0925917847010918,2.565190098023535,0.19739496496283537,-0.0014293765028317769,0.021545844773451485,0.506547858317693,0.641988178094228,735,956
-1.0877506742803176,2.581004937299906,0.19238322225064047,-0.0014388039708137512,0.02148311585187912,0.5065468152364094,0.6421004633108774,735,956
-1.083441608976785,2.6030344643739816,0.18360782500258682,-0.001443353792031606,0.021452412009239197,0.5065494577089945,0.6422224044799805,735,956
-1.0809351416140562,2.6233189919339805,0.17370228549685876,-0.0014458323518435159,0.02145008494456609,0.5065519213676453,0.6423327227433522,735,956
-1.0864990774920993,2.602667315668172,0.1794869409122553,-0.001450866460800171,0.021480274697144825,0.5065609514713287,0.6424801051616669,735,956
-1.0263627427347164,2.5338428723933673,0.1382835111202491,-0.0014223257700602212,0.021328690151373543,0.5066598753134409,0.6426341036955515,735,956
-0.9290092031798902,2.491912447131738,0.08768000201804202,-0.0013647427161534627,0.021116778254508972,0.5068045556545258,0.6428785026073456,735,956
-0.8244983188998976,2.4850580453678566,0.0510300312021397,-0.0012664248545964558,0.02100631594657898,0.506983866294225,0.6431005199750264,735,956
-0.7405067536714154,2.4980975270309074,0.03474985497997246,-0.0011320561170578003,0.021008777121702828,0.5071971317132313,0.643242468436559,735,956
-0.6932739471027023,2.506342175170998,0.02844903452131739,-0.0010055527091026306,0.021047599613666534,0.5073775152365366,0.6432768205801646,735,956
-0.6747369343266743,2.510512358309503,0.02084263678776682,-0.0009058465560277302,0.021087102591991425,0.5075037280718485,0.6432703038056691,735,956
-0.6751674474972342,2.525529167671897,0.0024894149475174748,-0.0008528009057044983,0.02110292762517929,0.5075706541538239,0.6432516872882843,735,956
-0.7002594533263908,2.5464056798811914,-0.03419965641489109,-0.0008527462681134541,0.021109633147716522,0.5075891017913818,0.6431735654671986,735,956
-0.7434976118608221,2.5619297038142763,-0.07485438799737318,-0.0008796900510787964,0.02112713207801183,0.5075843632221222,0.6430470844109852,735,956
-0.8042067291495186,2.5557219447685435,-0.08234555156787463,-0.0009270086884498596,0.021167015035947163,0.5075678924719492,0.6428550283114115,735,956
-0.8425810645625383,2.544252725201869,-0.06865513674492371,-0.0009701798359553019,0.02112029492855072,0.5075542827447255,0.6426264047622681,735,956
-0.859868704215104,2.534330333698695,-0.04562306608994328,-0.0010042563080787659,0.021008168657620747,0.5075437128543854,0.6423946221669514,735,956
-0.8722718018353116,2.5345296760623133,-0.020451906882667032,-0.0010302066802978516,0.020911661287148792,0.5075362126032511,0.6422018706798553,735,956
-0.8775050295594407,2.5314127013160768,-0.0005344802478493248,-0.0010475640495618184,0.02084914594888687,0.5075307289759318,0.6420429547627766,735,956
-0.8799497263576085,2.5260603757370284,0.012944457037361853,-0.0010600239038467407,0.02081767717997233,0.5075264672438303,0.6419120728969574,735,956
-0.8764937315555287,2.5198569874693932,0.02255014502886283,-0.001042520006497701,0.020895871023337044,0.5075372954209645,0.6418056885401408,735,956
-0.8755745681117748,2.506145362850419,0.03481699462515217,-0.0010119030872980752,0.021096987028916676,0.5075493951638539,0.6416990359624226,735,956
-0.8710034761845737,2.4907693074021653,0.04604648214446419,-0.000982965032259623,0.021210946142673492,0.5075584550698597,0.64154780904452,735,956
-0.8674050930175826,2.4655985580172155,0.04875986654314064,-0.0009631638725598652,0.021337042252222695,0.5075603028138478,0.6414218048254648,735,956
-0.8652720569177133,2.446163230801309,0.04584667616412528,-0.0009514465928077698,0.021445130308469135,0.5075595378875732,0.6413212021191914,735,956
-0.8650269620927482,2.4311164527443525,0.042010840097061616,-0.000945262610912323,0.021561801433563232,0.5075581173102061,0.6412550210952759,735,956
-0.8641262038983388,2.4196746726658285,0.03939837020457166,-0.0009422153234481812,0.02164959410826365,0.5075576404730479,0.6412011682987213,735,956
-0.8567291292295944,2.408439786807075,0.04864070773513146,-0.0009154528379440308,0.02168952425320943,0.507580041885376,0.6411418318748474,735,956
-0.8482716675287983,2.4005408792716656,0.06190025875200717,-0.0008867209156354268,0.021678782999515533,0.5076060791810353,0.6410744786262512,735,956
-0.8308705469683659,2.395323125686888,0.07565108080827526,-0.0008420199155807495,0.0216518168648084,0.5076458156108856,0.6410270730654398,735,956
-0.8032657290581566,2.3898636358319405,0.09284904136676153,-0.0008222311735153198,0.02164322386185328,0.5076826016108195,0.6410069763660431,735,956
-0.7742911014582098,2.383306855177591,0.1109370297747568,-0.000817189613978068,0.02165527641773224,0.5077119568983713,0.6410007675488789,735,956
-0.7515038696901906,2.3747904529740653,0.1282617001908623,-0.0008040890097618103,0.021689854562282562,0.5077407856782277,0.6409817536671956,735,956
-0.7328850263628901,2.378628107184125,0.13664861836549005,-0.0007762014865875244,0.0216963787873586,0.5077731907367706,0.6409260829289753,735,956
-0.7139319447763491,2.3934347434480605,0.14157451472568788,-0.0007424304882685343,0.021679369111855824,0.507806658744812,0.6408542493979136,735,956
-0.6939021798416569,2.3987278329339023,0.14133768604923835,-0.0007141754031181335,0.021563554803530373,0.5078391631444295,0.6407042245070139,735,956
-0.6709213233799229,2.413243238815191,0.13999516417116403,-0.0006915032863616943,0.021459755798180897,0.507873515288035,0.6405866046746571,735,956
-0.650623911054939,2.434052162471141,0.1394091626786692,-0.0006774589419364929,0.021387070417404175,0.5079005857308705,0.6405106981595357,735,956
-0.6432317377386348,2.4616983142474504,0.13278091629693045,-0.0006835088133811951,0.021376083294550575,0.5079133212566376,0.6404884159564972,735,956
-0.6414257697977945,2.500067471068754,0.12930014310680826,-0.0006960382064183552,0.02140619854132334,0.5079197883605957,0.6404882868131001,735,956
-0.6409122208326192,2.529376758747521,0.1294694753198056,-0.0007039705912272135,0.02146337926387787,0.5079284012317657,0.6404952307542164,735,956
-0.6385029210276162,2.545542580482949,0.13066695328706077,-0.0006956607103347778,0.02152730772892634,0.5079508423805237,0.6405086815357208,735,956
-0.6329994183246452,2.549471662433588,0.12925523456585764,-0.0006780276695887247,0.02157916376988093,0.5079810221989949,0.6405338247617085,735,956
-0.6269906592023411,2.551424354927419,0.12579449548964539,-0.0006667003035545349,0.021621579925219216,0.50800621509552,0.6405706107616425,735,956
-0.6191751019620603,2.5516181112683762,0.12209328287399474,-0.0006580253442128499,0.02163497855265935,0.5080260634422302,0.6405952771504719,735,956
-0.6089873628461892,2.5518984432373477,0.1220773479896928,-0.0006314540902773539,0.021631506582101185,0.5080582400163014,0.6406057675679524,735,956
10.894012152496876,1.6057582100560968,2.124606553226154,0.0319728950659434,0.021455086767673492,0.5493955413500468,0.6436177591482798,1470,956
18.385917991836465,1.192066628321454,3.3097106830190883,0.05179115881522496,0.022228747606277466,0.5762811998526255,0.646602580944697,1470,956
22.095658587968767,1.1302790861834944,3.8005042530181328,0.06105484068393707,0.023254704972108204,0.5896444121996561,0.6488461891810099,1470,956
22.020666212943233,1.3216709863764393,3.670605155389299,0.059996508061885834,0.024162739515304565,0.589448461929957,0.6499321460723877,1470,956
22.03231002573341,1.4273380624301346,3.604300331219771,0.05971250434716542,0.02468901127576828,0.5894955396652222,0.6505914032459259,1470,956
22.02004397889079,1.4843765771332365,3.5851496232520215,0.05937117338180542,0.024866722524166107,0.589443157116572,0.650859663883845,1470,956
21.99662750371843,1.4996613429859837,3.6062786842744607,0.0590469737847646,0.024898943801720936,0.5893922348817189,0.6509495377540588,1470,956
21.962920486457914,1.4873933264921027,3.639459505681292,0.05870933334032694,0.024905463059743244,0.5892679492632548,0.6509926617145538,1470,956
21.93200806914239,1.4669025872538821,3.662428909307182,0.05849689245223999,0.02492359032233556,0.5891794164975483,0.6510302623112996,1470,956
21.93513699635163,1.4158836092336204,3.6755596458532827,0.058289031187693276,0.025000154972076416,0.5889949103196461,0.651072084903717,1470,956
21.96414918287014,1.3483412679127138,3.675890476156127,0.05823104331890742,0.025115432838598885,0.5888527929782867,0.6510443389415741,1470,956
22.01725782929296,1.2670499957211285,3.671418212215741,0.058297380805015564,0.025251912573973335,0.5888095001379648,0.6509887278079987,1470,956
22.05482608913706,1.212239552028393,3.658681747627481,0.05842085679372151,0.025410108268260956,0.5888064304987589,0.6509406963984171,1470,956
22.072933077269635,1.1557531142293098,3.632470672991823,0.05844278633594513,0.025342350204785664,0.5887366334597269,0.6506768067677815,1470,956
22.08484424734738,1.1027842665787966,3.600503835501378,0.058418924609820046,0.02518906444311142,0.5886426568031311,0.6503627598285675,1470,956
22.078102179371093,1.0442218196803084,3.5620036094847727,0.05836562315622965,0.02494979401429494,0.5885503590106964,0.6499768793582916,1470,956
22.04263347215086,0.9912442523031989,3.5225183652785805,0.05825534711281458,0.02463978032271067,0.5883963108062744,0.6495363414287567,1470,956
22.002058783554904,0.9516725146831322,3.486683261284708,0.058135730524857834,0.024348470071951546,0.5882358153661091,0.6491324106852213,1470,956
21.951129808217154,0.8933170368546941,3.4492672925844894,0.058038453261057533,0.024053387343883514,0.58810090025266,0.6487423280874888,1470,956
21.838284532315996,0.828333994032862,3.4028373262114533,0.057835258543491364,0.02381744235754013,0.5878935952981312,0.6484012802441914,1470,956
21.725033159091694,0.7556234220552484,3.3629212044295587,0.05762312312920888,0.023612909018993378,0.5876804490884144,0.6481107076009114,1470,956
21.60342680996079,0.7158603158439798,3.339297640192454,0.05737033486366272,0.023493759334087372,0.5874441961447397,0.6479092836380005,1470,956
21.443244023337606,0.6674236315795303,3.325012835110863,0.05702251195907593,0.02335150291522344,0.5871333479881287,0.6477030018965403,1470,956
21.264096383893506,0.6073233098467968,3.3049915365393687,0.05665761729081471,0.02320864548285802,0.5868262350559235,0.6474834382534027,1470,956
21.102839389680348,0.5485500277915573,3.2812779977758773,0.056336509684721627,0.023067293067773182,0.5865674316883087,0.6472620069980621,1470,956
20.94334408834448,0.4950131033113101,3.2501564597690313,0.05603847652673721,0.022989643116792042,0.5863178074359894,0.6470725138982136,1470,956
20.819418826819057,0.44099173959657734,3.216313392614688,0.05579223483800888,0.022991406420866646,0.5860864420731862,0.6469117701053619,1470,956
20.72788387502348,0.3899898880538889,3.187232840869578,0.05563138176997502,0.022965053717295326,0.5859243770440419,0.6467350622018178,1470,956
20.656202971820484,0.35463256886203764,3.15846379258534,0.05551508814096451,0.02299650510152181,0.5857736368974049,0.6466283698876698,1470,956
20.53594259850749,0.3972039932435876,3.142992842089376,0.05530837674935658,0.023086744050184883,0.5855239232381184,0.6465841432412465,1470,956
20.41467926192511,0.46936889773196705,3.1360551295838164,0.055114952226479844,0.023196962972482044,0.5852790872255961,0.6465735733509064,1470,956
20.331008681410793,0.5158304376597913,3.1278167236013954,0.05501698702573776,0.02326445033152898,0.5851398011048634,0.6465073426564534,1470,956
20.264716442434928,0.5091369656514191,3.1208275745562153,0.054967584709326424,0.023272499442100525,0.5850766897201538,0.646299382050832,1470,956
20.220351690549634,0.4654497693596541,3.1136149099211874,0.05495596180359522,0.023150833944479622,0.5850491027037302,0.6459704836209614,1470,956
20.174250456311448,0.40832016486663303,3.093979151147896,0.05490437150001526,0.022989203532536823,0.5849563678105671,0.6455760598182678,1470,956
20.137256638440505,0.35702669939089005,3.0543377890691277,0.05481802920500437,0.022903216381867725,0.584780325492223,0.6451963186264038,1470,956
20.094533981954815,0.329009002676505,3.009138069869577,0.05469577511151631,0.022865148882071175,0.5845719277858734,0.6448740859826405,1470,956
20.049878860467338,0.31898338818741057,2.963951316575521,0.054613418877124786,0.02278795838356018,0.5844226678212483,0.6445266405741373,1470,956
20.02285809313615,0.305887487664259,2.917625869229968,0.05459556480248769,0.022717793782552082,0.5843412578105927,0.6441858013470967,1470,956
19.998589363038953,0.29471990673775766,2.881785012378594,0.05457658817370732,0.022608463962872822,0.584277331829071,0.6438495119412739,1470,956
19.96251224289429,0.2934611185149384,2.8534153230424186,0.05450798322757085,0.02259758859872818,0.5841500063737233,0.6436411937077839,1470,956
19.917423548624456,0.29356963683013626,2.8246694006050257,0.05435064931710561,0.022651379307111103,0.5839171707630157,0.6435375213623047,1470,956
19.852246594680302,0.3069279923132935,2.7979504238685813,0.05417920152346293,0.02271383007367452,0.5836842954158783,0.6434816618760426,1470,956
19.80836420029517,0.30946088394372506,2.7829659874624966,0.05402026573816935,0.02276823172966639,0.5834651192029316,0.6434303919474283,1470,956
19.78767606166683,0.29052666658630844,2.773725887708286,0.0539518396059672,0.022776290774345398,0.5833285848299662,0.6433571775754292,1470,956
19.781409614524343,0.2571819734657757,2.764814004850611,0.05393250286579132,0.02276832858721415,0.5832448800404866,0.6432839135328928,1470,956
19.778296250555186,0.2418978791331554,2.7699369245720007,0.053944913049538926,0.022762931883335114,0.5831842323144276,0.6432406703631083,1470,956
19.761576955802976,0.22740399452394663,2.7792465285259316,0.053928375244140625,0.02274913340806961,0.5830917954444885,0.643205185731252,1470,956
19.729420292957673,0.20802566428673275,2.787277245928637,0.053882079819838204,0.022733119626839954,0.5829774638017018,0.6431719164053599,1470,956
19.682923946601143,0.1548406064079122,2.785667915792021,0.05380522459745407,0.02265886962413788,0.582865963379542,0.6430843671162922,1470,956
19.65792268296159,0.09112295872509757,2.779055310610768,0.053776313861211136,0.022540497283140816,0.5828197697798411,0.6429562668005625,1470,956
19.653086832320675,0.0246434132618355,2.7733109284194786,0.05378555258115132,0.022436663508415222,0.5828123191992441,0.6428429881731669,1470,956
19.649895351041064,-0.032515975876092125,2.7663546209390066,0.05380820234616597,0.02234712243080139,0.5828235149383545,0.6427424053351084,1470,956
19.639696428003752,-0.06829009003366379,2.7638479142904506,0.05380665510892868,0.022277623414993286,0.5828335483868916,0.6426603297392527,1470,956
19.627613595829267,-0.09139462909311555,2.7654548318903616,0.05379946529865265,0.02221565693616867,0.5828428566455841,0.6425926585992177,1470,956
19.59403070918679,-0.10062879909107539,2.766540268138056,0.053742118179798126,0.022182156642278034,0.5828375518321991,0.6425582667191823,1470,956
19.55390697834656,-0.10865607847130632,2.7655367962077992,0.053665834168593086,0.02216228097677231,0.5828248262405396,0.6425448258717854,1470,956
19.51775912370851,-0.12207698138209294,2.7630894863553728,0.0535869300365448,0.022152510782082874,0.58281409740448,0.6425444483757019,1470,956
19.487550523130718,-0.12726415182993706,2.7648192957419995,0.0535452738404274,0.02213710049788157,0.582811673482259,0.642547180255254,1470,956
19.461241246499988,-0.1298136237049338,2.7678440483300912,0.053513439993063606,0.02212536831696828,0.5828125377496083,0.6425501108169556,1470,956
19.430286623690307,-0.12603054541973158,2.7754754755651057,0.053454262514909104,0.022149523099263508,0.5827638904253641,0.6425522267818451,1470,956
19.373774451637818,-0.10405210987318536,2.7845506408366907,0.053326490024725594,0.022194658716519673,0.5826466778914133,0.6425515313943226,1470,956
19.31969055990366,-0.07674667617982192,2.7931082585475533,0.05321912715832392,0.02220854659875234,0.5825278262297312,0.6425440212090809,1470,956
19.27985665693658,-0.05172245837384863,2.7990160682127616,0.0531537855664889,0.022202288111050923,0.5824492474397023,0.642538438240687,1470,956
19.250833061287196,-0.03326610396757618,2.8065982112025347,0.05311004817485809,0.02219884842634201,0.5823835929234822,0.6425363818804423,1470,956
19.22587960709265,-0.011215651383826929,2.8117974869837186,0.053111617763837174,0.022210203111171722,0.5823466579119364,0.6425385375817616,1470,956
19.207144897936587,0.0187881695084404,2.8162560097429314,0.05314162870248158,0.022219272951285042,0.5823262830575306,0.6425404846668243,1470,956
1.39753585720986,-0.9117386813999825,0.747947765915795,0.00022712349891662598,0.01818305750687917,0.5204733212788899,0.6379921138286591,367,717
-9.906165717995247,-1.6633232775012436,-0.5027735465690791,-0.028021474679311115,0.01635744422674179,0.4814092665910721,0.6345843772093455,367,717
-14.794626160266493,-1.704130983075851,-1.0227088094798464,-0.038401149213314056,0.01592297852039337,0.46343262990315753,0.6328382889429728,367,717
-13.775304552621076,-1.3000499143174804,-0.9093993331717489,-0.033320409556229905,0.01663872847954432,0.46551795303821564,0.6327871183554331,367,717
-12.985230058819084,-0.9107097388528209,-0.8581714395359141,-0.03142198671897252,0.017042684058348335,0.46666744351387024,0.6328525245189667,367,717
-12.393494911513487,-0.7161746540901615,-0.800105304363206,-0.03059537708759308,0.017263464629650116,0.4674274573723475,0.6328987677892048,367,717
-11.936263951536738,-0.6489628243558783,-0.7435407976110817,-0.03028581788142522,0.01733951518932978,0.4679345289866129,0.6329334676265717,367,717
-11.59945921073287,-0.655276928250128,-0.6979692938567204,-0.03004729996124903,0.017341462274392445,0.4682937910159429,0.6329668164253235,367,717
-11.415387918696887,-0.6923384983202314,-0.6953429780267562,-0.03009830166896184,0.017362731198469795,0.4685427049795786,0.6330487926801045,367,717
-11.274649962368686,-0.7800201652017604,-0.6878863389688372,-0.030208910504976906,0.017473166187604267,0.46879134575525916,0.6332202951113383,367,717
-11.144590812859757,-0.888836632100125,-0.6712646505293518,-0.030209315319856007,0.01761046548684438,0.4690387745698293,0.6334099272886912,367,717
-11.05385238175057,-0.9764728585913494,-0.6571758801354806,-0.030280778805414833,0.017793143788973488,0.4691884865363439,0.6336241861184437,367,717
-10.978403842382804,-1.0089966265523098,-0.6505726732381045,-0.030173711478710175,0.017979261775811512,0.469441220164299,0.6338282326857249,367,717
-10.9031988105924,-1.0047729054169812,-0.6415220083250055,-0.029965840280056,0.01815442989269892,0.4697268058856328,0.634012371301651,367,717
-10.81053505833057,-0.9761117920597302,-0.6298697734156602,-0.029701560735702515,0.01824709524710973,0.4699887235959371,0.6341110467910767,367,717
-10.718345048167816,-0.9151811472030564,-0.6134107610932158,-0.029546526571114857,0.01830219974120458,0.4701553384462992,0.6341870824495951,367,717
-10.639735866353977,-0.8594847653524281,-0.5963828153209276,-0.029457191626230873,0.018313303589820862,0.47027114033699036,0.63423952460289,367,717
-10.57513109884663,-0.80519436170518,-0.5826743896555446,-0.029374122619628906,0.01835545152425766,0.4703820049762726,0.6343403955300648,367,717
-10.502062971238868,-0.7411327522799848,-0.5768323090919883,-0.02920500934123993,0.018388842542966206,0.4705580472946167,0.6344958146413167,367,717
-10.427869395491363,-0.6547271040499316,-0.5777701908282902,-0.029019301136334736,0.018459826707839966,0.47074838479359943,0.6346977949142456,367,717
-10.35098281475851,-0.5761379929380122,-0.5793155540459747,-0.028800452748934426,0.018403053283691406,0.47094935178756714,0.6348420580228169,367,717
-10.29978729066263,-0.5221814649339165,-0.5837182120370448,-0.028661876916885376,0.018220494190851845,0.47107045849164325,0.634905864795049,367,717
-10.272202008812618,-0.4928857322586737,-0.5889371882823773,-0.028598231573899586,0.01798596978187561,0.47112952172756195,0.6349206070105234,367,717
-10.26321321532549,-0.4855234315910544,-0.5951742192940896,-0.028570478161176045,0.01774388551712036,0.47114427387714386,0.6349218686421711,367,717
-10.263039489232387,-0.4930343456916029,-0.6064757121194746,-0.028559140861034393,0.01757188389698664,0.47113919754823047,0.6349210242430369,367,717
-10.26768297809966,-0.5056289511699772,-0.6181777906115717,-0.028563362856705982,0.01744732012351354,0.4711195230484009,0.6349180738131205,367,717
-10.276746434633576,-0.518624842916276,-0.6242956447180212,-0.028604390720526375,0.017383535703023274,0.4710501929124196,0.6349142889181772,367,717
-10.282312558068426,-0.5254032129744475,-0.6277680006112116,-0.028657106061776478,0.017337314784526825,0.4709594200054804,0.6349130272865295,367,717
-10.289685922168236,-0.5336112215728168,-0.6382046067849624,-0.02870873858531316,0.01732931286096573,0.4708562393983205,0.6349238852659861,367,717
-10.306899417861963,-0.519418270393053,-0.6506505448785819,-0.028792607287565865,0.017340898513793945,0.4707413663466771,0.6349441707134247,367,717
-10.31511767140952,-0.5121540422137143,-0.6695943705529415,-0.02882374326388041,0.01735764741897583,0.4706626534461975,0.6349614858627319,367,717
-10.312484006177616,-0.5125991257316701,-0.6932017166943394,-0.02882100145022074,0.017370589077472687,0.4706212133169174,0.6349530220031738,367,717
-10.302042302119325,-0.5184747352193553,-0.7185037949058097,-0.02879956861337026,0.01737594852844874,0.4706067691246668,0.6349340577920277,367,717
-10.28928929138937,-0.5292068359101085,-0.7412530426299186,-0.028751693665981293,0.017361804842948914,0.4705975204706192,0.6348863840103149,367,717
-10.276953392628258,-0.5415331206909213,-0.7583106725213961,-0.028705825408299763,0.017349523802598316,0.47058868408203125,0.634793758392334,367,717
-10.268031771348074,-0.5553111585317236,-0.772776291096171,-0.028665177524089813,0.017331215242544808,0.4705811242262522,0.6346778869628906,367,717
-10.265891448384277,-0.5698234132097935,-0.780845144701077,-0.028656053046385445,0.01732580115397771,0.47052959104379016,0.6345215837160746,367,717
-10.280224248307603,-0.5971057385036815,-0.7860097367680637,-0.028709761798381805,0.017264301578203835,0.470411534110705,0.6342897514502207,367,717
-10.298886003254822,-0.6288882922504253,-0.7890089297324261,-0.028774522244930267,0.017215666671593983,0.47028861939907074,0.6340811053911845,367,717
-10.317884501110186,-0.6789338554980178,-0.7972904049822276,-0.028813809156417847,0.0171885018547376,0.4701923976341883,0.6339143812656403,367,717
-10.329317979402159,-0.7330005899938317,-0.8132714294597332,-0.028806922336419422,0.017242240409056343,0.4701446990172068,0.6338296929995219,367,717
-10.338236473120258,-0.7794516010332879,-0.8321714953838828,-0.028791775306065876,0.01733155051867167,0.4701209316651026,0.6337883472442627,367,717
-10.34588413484923,-0.8198999959883242,-0.8532940155890341,-0.02877744287252426,0.017403202752272286,0.4701086034377416,0.6337619920571644,367,717
-10.354340609291775,-0.864223229540312,-0.8733566492522139,-0.028768464922904968,0.017451271414756775,0.47010402878125507,0.6337312261263529,367,717
-10.356652683541562,-0.8933826954385007,-0.8920953468043378,-0.028753556311130524,0.017474996546904244,0.4701076100269953,0.6336984733740488,367,717
-10.354211003049183,-0.9145431842623961,-0.8998161089569512,-0.02873677760362625,0.01746726781129837,0.47011190156141913,0.63365837931633,367,717
-10.372590586232288,-0.9683565087734927,-0.9022085729652118,-0.028677369157473244,0.01752971609433492,0.4701138834158579,0.6336328784624735,367,717
-10.398340040353006,-1.0337896176194554,-0.9032745094655459,-0.028638397653897602,0.017565888663132984,0.47011423110961914,0.6335988938808441,367,717
-10.419731139243048,-1.086875494583831,-0.9013118409540157,-0.028568744659423828,0.017609067261219025,0.4701100140810013,0.6335531771183014,367,717
-10.42809284902869,-1.110845825118865,-0.9064800811058779,-0.028521902859210968,0.017601321140925087,0.47010580201943714,0.6334722936153412,367,717
-10.430107645772495,-1.114214539550785,-0.91403747138879,-0.028494983911514282,0.01758162180582682,0.4701018283764521,0.6333903868993123,367,717
-10.451947491426512,-1.1295646833631219,-0.9230934985650913,-0.028512184818585713,0.017646849155426025,0.4700695872306824,0.6333333055178324,367,717
-10.478593365931125,-1.1488915672807176,-0.9332516285846368,-0.028574258089065552,0.017657789091269173,0.47000434497992194,0.6332593659559885,367,717
-10.51107995743616,-1.1621523324514897,-0.9404911783003362,-0.0286856343348821,0.01766653855641683,0.46990303198496497,0.6332143743832905,367,717
-10.531358859515457,-1.1674867246701255,-0.9455285427081191,-0.028765189150969185,0.0176435187458992,0.4698319981495539,0.6331677933533986,367,717
-10.558465794531603,-1.1755415415067882,-0.9573595932858674,-0.028828173875808716,0.01764447490374247,0.4697791437307993,0.6331353485584259,367,717
-10.581968574562012,-1.1798149078603055,-0.9716166346551794,-0.02886173129081726,0.017668950061003365,0.46975138783454895,0.6331072847048441,367,717
-10.604954359924118,-1.1768093771948502,-0.9908594938106916,-0.028914074103037514,0.017698846757411957,0.46971003214518225,0.6330736676851908,367,717
-10.63410334940949,-1.1766356270245355,-1.0147408365835486,-0.028972789645195007,0.0177599291006724,0.46966134011745453,0.6330451170603434,367,717
-10.677365105414367,-1.1870609523632072,-1.0435684468259727,-0.029044978320598602,0.0178376038869222,0.4696030219395955,0.6330300370852152,367,717
-10.711230571804961,-1.2095506738791073,-1.066452536628546,-0.02909603714942932,0.017843964199225106,0.46955083310604095,0.632948080698649,367,717
-10.728332943725817,-1.2377839542718077,-1.0850349880707462,-0.029117544492085774,0.01781122386455536,0.4695252825816472,0.6328355073928833,367,717
-10.734083553853061,-1.2806161529805724,-1.0962765674548816,-0.029116881390412647,0.017742820084095,0.46951652566591895,0.6327037413914998,367,717
-10.741449082988492,-1.3285950358358627,-1.1050612093022514,-0.02911322067181269,0.017636415859063465,0.46951574583848316,0.6325632731119791,367,717
-10.743530687206114,-1.3874063590451056,-1.1106042755815262,-0.029111807545026142,0.017399951815605164,0.4695151448249817,0.6323146919409434,367,717
-10.744360181459047,-1.4350045140205285,-1.1133839181754213,-0.02911334236462911,0.01716539015372594,0.4695146282513936,0.6320727864901224,367,717
-10.743938536593461,-1.4701023604044212,-1.1208862968045106,-0.029115418593088783,0.016944284240404762,0.46951793134212494,0.6318316558996836,367,717
-18.646499077618518,1.386045430215781,-2.93161025579643,-0.05155307054519653,0.020660067598025002,0.4432722479104996,0.6479872465133667,0,956
-23.780991348238437,3.4774901623667054,-4.2675290363367875,-0.06486992537975311,0.022996388375759125,0.4263455768426259,0.6592644651730855,0,956
-26.217286556155724,4.7877101099623545,-4.9317655575291415,-0.0705223058660825,0.024591897924741108,0.41825011372566223,0.6654773553212483,0,956
-26.054047815340475,5.049342067379554,-5.04128212449754,-0.06924600650866826,0.02505180984735489,0.41860421498616535,0.6663411358992258,0,956
-25.92116812526809,5.129084846390345,-5.115857492582699,-0.06843272596597672,0.025470783313115437,0.41880286236604053,0.6669592261314392,0,956
-25.834481735777956,5.113363275861176,-5.148412282493874,-0.06798620025316873,0.025694511830806732,0.4188206245501836,0.6673632264137268,0,956
-25.782594493619463,5.071567779093048,-5.180569912995851,-0.06765484313170114,0.025762724379698433,0.4187295287847519,0.667578935623169,0,956
-25.75935879992501,5.055456192643962,-5.219348420712037,-0.06755583981672922,0.025777588287989296,0.4185142566760381,0.667696456114451,0,956
-25.722442803625032,5.090272279360127,-5.276926465227763,-0.06746639311313629,0.025727060933907826,0.41833687822024024,0.667779137690862,0,956
-25.687031922298708,5.145294438182271,-5.32330301612093,-0.06747534374396005,0.02570955455303192,0.4181836346785227,0.6678943236668904,0,956
-25.646500924893296,5.201749815305294,-5.349069786327217,-0.06742812196413675,0.025726874669392902,0.4181539714336395,0.6679230729738871,0,956
-25.613846154363763,5.231590247024524,-5.377833363799098,-0.067275899151961,0.02567479759454727,0.4181985408067703,0.667833666006724,0,956
-25.57827375794583,5.2476845863291395,-5.4027043871304805,-0.06707125902175903,0.025620557367801666,0.41827218731244403,0.6676908433437347,0,956
-25.543194844684102,5.252298301766248,-5.433871928808362,-0.06697369118531545,0.025614887475967407,0.41833393772443134,0.66751495997111,0,956
-25.5301576942985,5.2050502704916735,-5.444649316473197,-0.06695492068926492,0.025650588174661,0.4183833450078964,0.6672161916891733,0,956
-25.534939454783434,5.1320244489244065,-5.439987087842907,-0.06699254612127939,0.02563404540220896,0.4184178759654363,0.6668420831362406,0,956
-25.538015145566554,5.047455548589243,-5.432950371504973,-0.06702516227960587,0.025538399815559387,0.41842622061570484,0.6664579808712006,0,956
-25.537547205415592,4.956605586096915,-5.424467927974,-0.06705351422230402,0.025507311026255287,0.41841722031434375,0.6661746899286906,0,956
-25.534406393119326,4.896422458640412,-5.414848900544783,-0.06705895811319351,0.025587874154249825,0.41841604808966315,0.6659855147202809,0,956
-25.52091992540266,4.878085944858968,-5.408236991040591,-0.06704437484343846,0.025718691448370613,0.41842022041479743,0.6658894419670105,0,956
-25.489035649851047,4.936678423455026,-5.406790873640685,-0.06699203451474507,0.025839594503243763,0.4184309393167496,0.66584907968839,0,956
-25.453250746870598,5.021153761569344,-5.392845174502143,-0.06697546690702438,0.025863620142141976,0.4184413254261017,0.6657969653606415,0,956
-25.411676606540254,5.10793628594707,-5.3744356708694,-0.06699779133001962,0.02583865573008855,0.41845162212848663,0.6657117108503977,0,956
-25.3737841810608,5.1517487165905385,-5.356773472219671,-0.06703896820545197,0.025769196450710297,0.41846686601638794,0.6655904452006022,0,956
-25.3508182423558,5.140910207812944,-5.337984175477054,-0.06707645207643509,0.02563935269912084,0.41847894092400867,0.6652869880199432,0,956
-25.34302388473872,5.030756993106911,-5.326413535698025,-0.067131536702315,0.02541265139977137,0.418492446343104,0.6648941437403361,0,956
-25.283181991556386,4.9237342025115804,-5.298206513787699,-0.06702693303426106,0.0252667764822642,0.41859799126784003,0.6646178861459096,0,956
-24.935155192740627,4.749256002631418,-5.25128765512645,-0.06626927355925241,0.025245969494183857,0.41930472354094184,0.6645116806030273,0,956
-24.516385968725302,4.596611051152776,-5.218078597798096,-0.06541950752337773,0.025243118405342102,0.42014868557453156,0.664495309193929,0,956
-24.101647620372784,4.508327821645799,-5.228445953718252,-0.06446744998296101,0.0251838614543279,0.4210230509440104,0.6644889414310455,0,956
-23.813723207118365,4.442148523495139,-5.265652092407956,-0.06368309259414673,0.025003723800182343,0.42164295415083564,0.6644063691298167,0,956
-23.635248130402932,4.393552997646157,-5.303183103563494,-0.06316760182380676,0.024850601951281227,0.4220159749190012,0.6643272439638773,0,956
-23.560913641634674,4.360164175040913,-5.344655874652046,-0.06291728715101877,0.02475215494632721,0.42221638560295105,0.6642292340596516,0,956
-23.57795968441961,4.336985141495153,-5.396206987781776,-0.062865378956,0.024741364022095997,0.42222610612710315,0.6641689340273539,0,956
-23.631691819928292,4.318684457064206,-5.443404579030753,-0.06287572781244913,0.02480055640141169,0.42215612530708313,0.6641330023606618,0,956
-23.723821484423198,4.270983118078711,-5.489180709882631,-0.06281071901321411,0.02472817152738571,0.4220927854379018,0.6639794011910756,0,956
-23.786236112584113,4.253968942333843,-5.5236213971938595,-0.06275856246550877,0.024508689840634663,0.4220555325349172,0.6637209951877594,0,956
-23.827203993708267,4.260981628466121,-5.555114442140143,-0.06273186206817627,0.024240637818972267,0.42202823857466376,0.6634499828020731,0,956
-23.864189999386383,4.265440176949465,-5.567909469908462,-0.06280514101187387,0.023895377914110817,0.42193478842576343,0.6631022493044535,0,956
-23.905288617238693,4.261436584487253,-5.5609007728357405,-0.06295675535996755,0.02370257427295049,0.4217651734749476,0.6628329356511433,0,956
-23.942153774160055,4.265706086814151,-5.541078771321605,-0.06313026448090871,0.02358422428369522,0.4215825945138931,0.6625780761241913,0,956
-23.962875166776392,4.277964844065459,-5.528570371850107,-0.06328139205773671,0.023657205204168953,0.4214213838179906,0.6624161005020142,0,956
-23.962404254683925,4.290901649036153,-5.5270190838732525,-0.06337742259105046,0.023813791573047638,0.4213102708260218,0.6623241305351257,0,956
-23.956264086901534,4.299339590916899,-5.531557840854601,-0.0634683296084404,0.02399688959121704,0.42119386295477546,0.6622850696245829,0,956
-23.932712180222268,4.301459236894106,-5.519400885525204,-0.06352866192658742,0.02415689577658971,0.4210261056820551,0.6622444192568461,0,956
-23.890568220630357,4.302461306203192,-5.488772656137518,-0.06360165029764175,0.02425770213206609,0.42079182962576545,0.6621553401152293,0,956
-23.86444363278306,4.303322171737872,-5.460046279561661,-0.06371754656235376,0.024323577682177223,0.4205200870831807,0.6620685259501139,0,956
-23.857504167179677,4.286401611675926,-5.442534598690292,-0.06386052817106247,0.02430941412846247,0.4202476988236109,0.6618986924489338,0,956
-23.884610925985683,4.2448483586680625,-5.430818111397586,-0.06409499794244766,0.024280721942583718,0.41992497940858203,0.6617392301559448,0,956
-23.91955186093346,4.210618563267,-5.431527569419622,-0.0643070712685585,0.024238862097263336,0.41967591643333435,0.6615806718667347,0,956
-23.95480209855693,4.187036233305504,-5.4379118309393775,-0.06447834521532059,0.024180573721726734,0.4195102552572886,0.6614622871081034,0,956
-23.98550154736285,4.174624662072633,-5.436712555551764,-0.06466579933961232,0.024088708062966663,0.4194130500157674,0.6613001624743143,0,956
-24.026011832484905,4.175218601865504,-5.4205960935673705,-0.06494883944590886,0.023932384947935738,0.4193476686875025,0.6610881984233856,0,956
-24.067096675442638,4.215559398053379,-5.403962732324863,-0.06524757544199625,0.023766448100407917,0.41930848360061646,0.6608811616897583,0,956
-24.12498420911576,4.2678461321031556,-5.377910163532685,-0.06557945658763249,0.02353364477554957,0.4192652851343155,0.6606056491533915,0,956
-24.19503558175304,4.288877540336032,-5.326624031369465,-0.06598476568857828,0.023251270254453022,0.41918382545312244,0.6602766414483388,0,956
-24.270383880776432,4.285938371308196,-5.272467293892001,-0.06636234124501546,0.023025366167227425,0.41908665994803107,0.6600068807601929,0,956
-24.33333404933719,4.28404613899564,-5.216742612759024,-0.06659767280022302,0.022928088903427124,0.4190320819616318,0.6598336497942606,0,956
-24.369351403648167,4.2608218377903935,-5.153923203281925,-0.06668535619974136,0.022779546678066254,0.41901720066865283,0.6595445970694224,0,956
-24.38390013120192,4.231513178305628,-5.098077903647619,-0.06668739020824432,0.022667971750100453,0.41902900238831836,0.6592689255873362,0,956
-24.38313574554064,4.197539180058252,-5.058077183543807,-0.06668743739525476,0.022543614109357197,0.4190452992916107,0.6589909394582112,0,956
-24.381526978474437,4.165316850411035,-5.023490335138241,-0.06668195128440857,0.02239956706762314,0.41905510425567627,0.6587153673171997,0,956
-24.382166772566045,4.135598092345013,-4.9936683574588,-0.06667692710955937,0.022260325650374092,0.4190598477919896,0.6584673424561818,0,956
-24.384980253115515,4.107823105072386,-4.95925363581953,-0.06666840861241022,0.02221045394738515,0.41906229654947913,0.6582755148410797,0,956
-24.38247425457996,4.076075264110109,-4.924950159252699,-0.0666598305106163,0.0222475528717041,0.41907509167989093,0.6581896642843882,0,956
-24.37712447954257,4.052427730279501,-4.892674122661497,-0.06664791703224182,0.022321959336598713,0.41909588376681006,0.6581794619560242,0,956
-24.38808078610623,4.0069139553911555,-4.874448220546532,-0.06663475185632706,0.022372206052144367,0.4191104670365651,0.6582018435001373,0,956
-7.585773390320525,-4.054352296556063,-4.204507994146557,-0.015968737502892807,0.007805846631526947,0.4812578459580739,0.6199061771233876,1470,0
4.660635420986038,-9.615397448085373,-2.246009790982274,0.016790697971979775,-6.2502920627594e-05,0.5251304407914479,0.5899680455525715,1470,0
11.005903408625183,-12.639547347592725,-0.9830581277033233,0.03263067950805028,-0.0036864951252937317,0.5478056172529856,0.5732254783312479,1470,0
11.275879316438614,-12.845961549862764,-0.42349242452194347,0.03151390701532364,-0.002821899950504303,0.5484872957070668,0.571027527252833,1470,0
11.188508385351081,-12.913269955562154,-0.37393197943015993,0.03094672163327535,-0.002635367214679718,0.5483084519704182,0.5706352988878886,1470,0
11.10111725672844,-12.947439434975418,-0.31317743777838436,0.03058020770549774,-0.0025382116436958313,0.548088788986206,0.5705153445402781,1470,0
11.131362626734322,-13.042009418262449,-0.259625202461727,0.03060136487086614,-0.0025328919291496277,0.5481055875619252,0.5704381763935089,1470,0
11.251504358107049,-13.16385676795382,-0.21178257299008568,0.0308662603298823,-0.002590782940387726,0.5482938885688782,0.5704272190729777,1470,0
11.389975595057791,-13.277823727688087,-0.18470639433752145,0.0311217134197553,-0.002592121561368306,0.5484794874986012,0.5704506436983744,1470,0
11.457000482864842,-13.322705257377795,-0.21269141145675785,0.031224032243092854,-0.002535643676916758,0.5485227902730305,0.570581297079722,1470,0
11.450793966601136,-13.310256189295743,-0.27297513827644326,0.031215873857339222,-0.002489231526851654,0.5484979152679443,0.5708377261956532,1470,0
11.38808380300695,-13.2608462839193,-0.33042937600971384,0.03112985442082087,-0.002424816290537516,0.5484260420004526,0.5710722903410593,1470,0
11.331455281484807,-13.17877705931031,-0.3703805891420907,0.031069176892439522,-0.002353087067604065,0.5483484367529551,0.571306159098943,1470,0
11.282158432337617,-13.053826791546719,-0.37778191927402693,0.03092099477847417,-0.0022492483258247375,0.5482308169205983,0.571546882390976,1470,0
11.264268159496275,-12.910582021777518,-0.37943959360965984,0.0307589719692866,-0.002134360373020172,0.5481177071730295,0.5717671314875284,1470,0
11.237518053452815,-12.727888066459066,-0.3693252950879426,0.03051530321439107,-0.0020481695731480913,0.5479498008886973,0.5720082124074299,1470,0
11.183659946123907,-12.486551813026377,-0.3613667769504238,0.030266545712947845,-0.002020431061585744,0.5477776229381561,0.5721716483434041,1470,0
11.124639859826871,-12.273964356896633,-0.35235552110686996,0.030082429448763527,-0.0020368148883183794,0.5476512610912323,0.5722784399986267,1470,0
11.056395542358025,-12.100214104763182,-0.35558998714876844,0.029982763032118477,-0.0019617478052775064,0.5475659767786661,0.5724304616451263,1470,0
11.00111149215246,-12.010323071476215,-0.3585837729617565,0.029901303350925446,-0.0017233515779177346,0.547465056180954,0.5727114578088124,1470,0
10.956778217759332,-11.956218355274512,-0.3591042173895256,0.029815807938575745,-0.0013971279064814248,0.5473579367001851,0.5730565587679545,1470,0
10.92358398747605,-11.928276596782341,-0.35275097614934126,0.029718786478042603,-0.0010406970977783203,0.5472376743952433,0.5734301805496216,1470,0
10.890781664100892,-11.897226097788021,-0.3375002747596078,0.02960678438345591,-0.0006834169228871663,0.5471125443776448,0.5738475918769836,1470,0
10.856797026913526,-11.866065623930623,-0.3210913578830864,0.029504701495170593,-0.00041472166776657104,0.5470056931177775,0.5742145478725433,1470,0
10.82859014099687,-11.834940095308081,-0.2984572572030689,0.029434534410635628,-0.00026883681615193683,0.5469251374403635,0.5745067497094472,1470,0
10.78694246187693,-11.81478825718844,-0.269352016170883,0.029318441947301228,-0.00019336988528569538,0.5467938582102457,0.5747421085834503,1470,0
10.729926330555966,-11.805933101213132,-0.2405408184398733,0.029180111984411873,-0.0001482988397280375,0.5466376940409342,0.5749315520127614,1470,0
10.603640435544634,-11.892982890180981,-0.21896929487926947,0.0289128174384435,-0.00019314388434092203,0.5463574031988779,0.5750284194946289,1470,0
10.410211964609168,-12.13913813692256,-0.2821463702343182,0.028567957381407418,-0.0005256508787473043,0.5460199813048044,0.5750217735767365,1470,0
10.228303694566304,-12.384335614278768,-0.35757437144202153,0.028297784427801766,-0.0009932766358057659,0.545762022336324,0.574950764576594,1470,0
10.135185446216958,-12.542940530150046,-0.43166629954974256,0.028184351821740467,-0.0013849859436353047,0.5456331173578898,0.5748791694641113,1470,0
10.084980980155924,-12.625202267418462,-0.48089382948710363,0.028132093449433643,-0.0016890565554300943,0.5455513000488281,0.5747514168421427,1470,0
10.048991618289573,-12.678152194076386,-0.5124620947102434,0.02809390425682068,-0.001915621260801951,0.5454871157805125,0.5746257106463114,1470,0
10.01394138031184,-12.70689438567739,-0.5207008177185257,0.028069878617922463,-0.002165881295998891,0.545432428518931,0.574432502190272,1470,0
9.971480904967866,-12.656266164156495,-0.49828000308712816,0.02799339840809504,-0.002282567322254181,0.5453116297721863,0.5743320484956105,1470,0
9.959664305881024,-12.586761873203825,-0.46336405338225817,0.02799283961455027,-0.0022413333257039385,0.5452175736427307,0.5743038554986317,1470,0
9.953485649428867,-12.533546714492704,-0.42293411663901315,0.02794202665487925,-0.002071256438891093,0.5450909833113352,0.5743512312571207,1470,0
9.961145953129593,-12.510020342891282,-0.38670558560437107,0.02789915601412455,-0.0018100788195927937,0.544968436161677,0.5744512577851613,1470,0
9.966708505163956,-12.518288027618809,-0.3562002274582631,0.027830839157104492,-0.0015382741888364155,0.5448465943336487,0.5745663046836853,1470,0
9.969611986571698,-12.517431747074745,-0.32978041564754734,0.02775681267182032,-0.0013222048679987588,0.5447199245293934,0.574654479821523,1470,0
9.97133999667843,-12.504994483579921,-0.30776141272173607,0.027702637016773224,-0.0011869197090466816,0.5446294844150543,0.5747136473655701,1470,0
9.98638605170018,-12.456572018525925,-0.2958731344825908,0.02770001689592997,-0.0010849013924598694,0.5445785125096638,0.5747794906298319,1470,0
10.006057398849407,-12.39520709801041,-0.2883422757243334,0.0277127797404925,-0.001004137098789215,0.5445566078027089,0.5748460988203684,1470,0
10.046366681994837,-12.321629104914273,-0.2874858654058039,0.027755180994669594,-0.0009284789363543192,0.5445625185966492,0.5749123195807139,1470,0
10.102600808152118,-12.263354379920823,-0.28105358199245273,0.027828487257162728,-0.0008782645066579182,0.5446045597394307,0.57496178150177,1470,0
10.169475454829534,-12.212034862031043,-0.2746921609612827,0.027935393154621124,-0.000840956966082255,0.5446660717328389,0.5749993522961934,1470,0
10.221404929722668,-12.171571773346574,-0.2652661259405362,0.028014866014321644,-0.0008300766348838806,0.5447194079558054,0.5750159521897633,1470,0
10.26609997926389,-12.14488719263711,-0.26140190705193056,0.02812071641286214,-0.000820616881052653,0.5447999735673268,0.5750217735767365,1470,0
10.298056898071115,-12.137145567627707,-0.2576068674826445,0.028206847608089447,-0.0008144006133079529,0.5448714693387349,0.5750221014022827,1470,0
10.342730551381978,-12.148139254872358,-0.25877359978906755,0.028349327544371285,-0.0008075833320617676,0.5449964304765065,0.5750229557355244,1470,0
10.397967439574934,-12.169827482687054,-0.2687629877656778,0.02851935972770055,-0.0008180017272631327,0.5451496640841166,0.5750159323215485,1470,0
10.44914188529955,-12.18773100247661,-0.28103218490831583,0.028676951924959816,-0.0008367672562599182,0.5452912549177805,0.5750038027763367,1470,0
10.502925114567853,-12.224216169777192,-0.3042578807817859,0.028842406968275704,-0.0008808548251787821,0.5454291303952534,0.5749854942162831,1470,0
10.534919652772828,-12.253402026219787,-0.3257074105286054,0.02896124372879664,-0.0009506667653719584,0.5455332696437836,0.5749723513921101,1470,0
10.558142264361877,-12.276472245774599,-0.3473947325516488,0.02906686315933863,-0.0010374759634335835,0.5456289947032928,0.5749404231707255,1470,0
10.564094968618875,-12.281730658710918,-0.3604726328068319,0.029136762022972107,-0.0011555006106694539,0.5456973711649576,0.5749130845069885,1470,0
10.567988965748267,-12.26211545923946,-0.36361272849851045,0.029193659623463947,-0.001310137410958608,0.5457528928915659,0.5748398005962372,1470,0
10.57219598949256,-12.236373143984682,-0.36190848986458984,0.029236348966757454,-0.0014507323503494263,0.5457937717437744,0.5747628112634022,1470,0
10.570942579847564,-12.224490281861215,-0.3578494154014764,0.02925813446442286,-0.001610050598780314,0.545817494392395,0.5746260086695353,1470,0
10.57059852263544,-12.220633599031796,-0.34969544568979216,0.029290345807870228,-0.0017151782910029092,0.5458584030469258,0.5745209157466888,1470,0
10.573479052945915,-12.219087680442449,-0.339438779090418,0.029328408340613045,-0.001781026522318522,0.5459052920341492,0.5744434793790181,1470,0
10.59416058132485,-12.256706848551476,-0.34806261323891485,0.029383522768815357,-0.0018292988340059915,0.545984794696172,0.574369341135025,1470,0
10.596388555828607,-12.326746165890675,-0.39450639325270315,0.02936196575562159,-0.001837804913520813,0.5460689067840576,0.5743135710557301,1470,0
10.602862889519802,-12.410510347473853,-0.45120373565578686,0.029375672340393066,-0.0018116682767868042,0.5461687246958414,0.5742765764395396,1470,0
10.674890622955536,-12.494154877860062,-0.522933307928797,0.029800184071063995,-0.001790227989355723,0.5466947754224141,0.574251373608907,1470,0
10.839242501376054,-12.607678905338105,-0.6137359591806544,0.030606550474961598,-0.0018488392233848572,0.5476251343886057,0.5741474131743113,1470,0
10.991492903046012,-12.703772148226655,-0.6901719617387719,0.03127418955167134,-0.0019429326057434082,0.5484293003877003,0.5740120112895966,1470,0
