EAR_L_f0,EAR_R_f0,delta_smile_f0,EAR_L_f1,EAR_R_f1,delta_smile_f1,EAR_L_f2,EAR_R_f2,delta_smile_f2,EAR_L_f3,EAR_R_f3,delta_smile_f3,EAR_L_f4,EAR_R_f4,delta_smile_f4,EAR_L_f5,EAR_R_f5,delta_smile_f5,EAR_L_f6,EAR_R_f6,delta_smile_f6,EAR_L_f7,EAR_R_f7,delta_smile_f7,EAR_L_f8,EAR_R_f8,delta_smile_f8,EAR_L_f9,EAR_R_f9,delta_smile_f9,EAR_L_f10,EAR_R_f10,delta_smile_f10,EAR_L_f11,EAR_R_f11,delta_smile_f11,EAR_L_f12,EAR_R_f12,delta_smile_f12,EAR_L_f13,EAR_R_f13,delta_smile_f13,EAR_L_f14,EAR_R_f14,delta_smile_f14,EAR_L_f15,EAR_R_f15,delta_smile_f15,EAR_L_f16,EAR_R_f16,delta_smile_f16,EAR_L_f17,EAR_R_f17,delta_smile_f17,EAR_L_f18,EAR_R_f18,delta_smile_f18,EAR_L_f19,EAR_R_f19,delta_smile_f19,EAR_L_f20,EAR_R_f20,delta_smile_f20,EAR_L_f21,EAR_R_f21,delta_smile_f21,EAR_L_f22,EAR_R_f22,delta_smile_f22,EAR_L_f23,EAR_R_f23,delta_smile_f23,EAR_L_f24,EAR_R_f24,delta_smile_f24,EAR_L_f25,EAR_R_f25,delta_smile_f25,EAR_L_f26,EAR_R_f26,delta_smile_f26,EAR_L_f27,EAR_R_f27,delta_smile_f27,EAR_L_f28,EAR_R_f28,delta_smile_f28,EAR_L_f29,EAR_R_f29,delta_smile_f29,class
0.28745701137064245,0.285290912428124,-0.003735438283905829,0.2938239081819921,0.3176168893079219,-0.0056569309235558665,0.31289396863430025,0.30968006474940635,-0.004179083104480282,0.3211013558208562,0.3026853398646481,0.030260185320079777,0.31396596891581263,0.3041464798510478,0.015022616956117013,0.30624071415119475,0.2885573856860829,0.0011458070890603255,0.3107424723394466,0.3152618631736166,-0.014412793436638996,0.3052883130181302,0.3015087021327753,-0.0023574812916319124,0.30356002629225026,0.30217997410666136,0.010828151377451765,0.3144171676095005,0.307841275908647,0.006211825177454054,0.31864625056823076,0.31109929595880337,-0.0018479687720669672,0.28782879597647093,0.29012169319079534,0.01866464896631268,0.05,0.05,-0.012606249585059626,0.05,0.05,-0.020161109542238962,0.05,0.05,-0.01516170653374399,0.05,0.05,-0.013747686241814001,0.05,0.05,0.01701295335564502,0.29843257924217725,0.28627625399700596,0.0006208979552471339,0.3022226613244824,0.29520663138559144,0.023117701683854,0.29579061114307714,0.3110833768663715,0.011935655593499529,0.3092660550804441,0.28901449159193604,0.0019662038447620517,0.2994717199542523,0.28577993475092467,0.022101214596058186,0.2918259910309265,0.29390432171164016,-0.02026631671195452,0.30701186326070373,0.28474070281227404,0.012357496009291362,0.3104451398624346,0.3053717842762576,0.014252569676928579,0.3075954646957804,0.29050575673274237,0.028694699593286882,0.295399237458665,0.29933612382410024,-0.006652746367019181,0.3049154212087731,0.29461962756862575,0.0013383144847473724,0.2876465618285399,0.3116466520850157,0.013414818919004068,0.2970774023809823,0.2953085096997419,0.012892564926353933,0
0.2929270661936404,0.3012536531576517,0.02322797574862812,0.29188742880862806,0.303686008291202,0.006314505338709845,0.29902663181337313,0.2949621041589606,0.024295941137887703,0.29402431364233034,0.2818796109887038,0.012810671832620676,0.28798696650232164,0.3069188114485509,0.026698064956868883,0.3062974987839867,0.3107141130188749,0.040400982138592945,0.30966760462608944,0.3033057339262544,0.03267896367047296,0.3175477554484658,0.3176877178325942,-0.009842870303920052,0.28645981641501594,0.2944680781656511,0.014072832315863502,0.30159158945332104,0.2979351901482315,0.011209627976098709,0.28529194918326733,0.3014116929869154,0.02236915289695754,0.3054931564455823,0.30691809821833727,0.0319474557990503,0.05,0.05,-0.0013228656974733394,0.05,0.05,-0.013061833227006728,0.05,0.05,0.02379030085330084,0.05,0.05,0.02342241262067854,0.05,0.05,0.011165833495115936,0.2983962899941755,0.30001379651007987,-0.025535459042621732,0.31112946530207203,0.3107765130952914,-0.026233655009335676,0.3086763208390613,0.3040410165500901,-0.020439482207815926,0.2879399979892753,0.3037349326940172,-0.007954082278138357,0.3181994885054967,0.30952598394648906,0.00947386273464455,0.30523079004002396,0.31330867180367167,0.016930361834546756,0.30499766438496023,0.2901973882370249,0.06123893930812438,0.28896817242691764,0.29687457262899836,-0.03309456552819995,0.3053879815876926,0.30151110437284806,0.0153055287672952,0.2826093436889556,0.3111290566738093,-0.016148708029392292,0.2985099480063613,0.30931571268681063,0.005225333682637988,0.30331942556666863,0.307991788199054,0.008575812798774486,0.29658892097451284,0.2983353087176477,0.004237573573036455,0
0.29104443906453664,0.3099600865938867,0.005773078616149682,0.30074776267921965,0.3119249655903147,-0.0024022728642273945,0.29817579002847583,0.29515371235996035,0.006861340178518705,0.30308450108331514,0.2933371579949009,-0.0035538795422680037,0.29340397731480766,0.2929513154618451,-0.03459795663453694,0.29769089746318445,0.2829778673391999,-0.009256313726790222,0.2938730535412239,0.31051895057265605,-0.020298696126192835,0.2923881361518552,0.29618475860808424,-0.01160287303005552,0.31369254797421875,0.2886143262695038,-0.007588089979716839,0.303320652491644,0.30881183343042007,-0.007604831118604065,0.28081900399496207,0.2984989577841449,0.027040569523614298,0.3028218740743043,0.3023641786235993,-0.021260359831539934,0.05,0.05,-0.023313431805773294,0.05,0.05,0.0003608329726819836,0.05,0.05,-0.028527578445628157,0.05,0.05,0.015627244447250208,0.05,0.05,-0.016932924977327245,0.29975342719268505,0.28114233081245754,-0.007876037368870133,0.28814139452869797,0.2767804358265819,0.010836841786726349,0.31641159539091573,0.3112947358934395,0.013633813798076096,0.2958587883205445,0.3080589022854783,0.02447706397147456,0.3013682182967129,0.2881563982768798,-0.009987685971827422,0.31702696488347937,0.29925255831849834,-0.06649511439822192,0.285310765363298,0.29575551296857516,0.02071650476835137,0.29726877647593086,0.3105443165497326,-0.010523247070949784,0.2803570747776439,0.2950843884140191,0.006898900030925701,0.3026195034934131,0.28744892250743365,-0.007023924036075307,0.3268467423806407,0.2876673117370312,0.013214467889274977,0.27903324301430205,0.3086379182456966,-0.017846507803768934,0.3040208825820294,0.287084743982318,0.005817056003534143,0
0.2909134970425856,0.2928495181703337,0.008839720127900614,0.29569614523602983,0.3038038144821631,-0.0038168263728670148,0.30067493681247276,0.304450864713534,-0.007000369091822818,0.29003950213998225,0.2946768773407021,0.02390278359666872,0.3011617308407655,0.29155101546589524,0.008031212167754372,0.3046831558493914,0.3051999907579781,-0.019556744007425714,0.293176090057141,0.2932317078361299,-0.007212958241323836,0.3053891918514373,0.30296184804731013,0.00750433914314325,0.3135401914237152,0.3068889093249163,-0.002836032499921748,0.288161148239475,0.29285452991529126,-0.0052341013535645384,0.3082912982733611,0.29972668065893904,-0.013123919097768864,0.2926710711427277,0.2993042179107877,0.017799751244342,0.05,0.05,0.03182038611550234,0.05,0.05,-0.004115371960593353,0.05,0.05,-0.000894863615251962,0.05,0.05,-0.024278834123147658,0.05,0.05,0.03878385138198932,0.28598997161843914,0.3117166231178055,-0.007306719060249414,0.2940063350615968,0.28889996428114073,0.048200972988142674,0.30221491623278396,0.30021280437104064,0.01773464719109085,0.29349167274370036,0.30001845955231005,0.0011267257362424185,0.29487854267651864,0.31199638079185915,-0.004373088229918083,0.2844686794663117,0.29698502636479124,0.004983573434277947,0.2910650676611239,0.2918540520682956,-0.010925180762520812,0.3122123566006696,0.2951284197735429,0.028582340371020618,0.2938504956185166,0.3032501413625654,-0.008924853484395024,0.3075408317029047,0.2888172584543472,0.01485718959154463,0.30113869400309684,0.2936000818322255,-0.003324429694203012,0.31533854941032174,0.30137844504880784,-0.014054560318252775,0.28795306717171887,0.30505404273430997,0.00391690494021371,0
0.3069502069508822,0.28537775260310155,-0.02344520905783,0.311468791992519,0.3033134164677934,0.010668017024751238,0.2903731296789205,0.2901901280167108,0.01982517316384177,0.3103837765476515,0.28911680512970944,-0.025587409917056905,0.29891407029287553,0.2920065154662399,-0.016403537580920512,0.28748621753572606,0.29531566151719635,-0.02309389485265732,0.28904599096990763,0.302983918465663,-0.0011039646857475302,0.3048487868153213,0.2835096656465069,0.000197612196595263,0.32075637542165836,0.29627727515714397,0.016494980131445958,0.30816006848774424,0.30865198608001276,0.003333233741146457,0.3056608598274421,0.30699013620013005,0.012708920566287155,0.28882581826486603,0.2829261551745601,-0.031071670868296142,0.05,0.05,-0.005403199847653274,0.05,0.05,0.011878534688452888,0.05,0.05,-0.022088225550231693,0.05,0.05,0.01847940917168808,0.05,0.05,-0.010045503490157724,0.2950724478880592,0.291638930041204,-0.037695727180325475,0.3022931412843465,0.31712667712838566,-0.0012532904706512673,0.2814936835830515,0.30780342811616446,-0.032495959802059785,0.28790965603010815,0.29761661827686425,0.0024568687708039594,0.28991335998833173,0.2972268394343402,0.014303248015213692,0.3085217888480802,0.3125145642181426,0.038188373045869875,0.30809889321661116,0.29783263485595757,0.01718627582245945,0.3046671623400518,0.30506366977526256,0.0035443757014337086,0.2908794589784609,0.28971903592178067,-0.0019423640215028527,0.3014891007584637,0.29320559077068287,0.008466838972171507,0.3208076590403919,0.2825566928072174,0.011644889551275215,0.29934025379109186,0.30450655555334655,-0.008614294009205823,0.2985394011495283,0.30129500451008095,-0.006032677670705212,0
0.284794586826301,0.29766084969355544,-0.02832867256392388,0.30653193110580307,0.2813445489892188,0.020573087589117797,0.3042956300020348,0.3043338861573389,-0.043286197356956796,0.29671400561908445,0.3115356342865986,-0.010372159580605894,0.28921937850036283,0.29363329904994284,-0.0013655524527867616,0.2914862954968719,0.31233817232089295,-0.001293350599807848,0.2944443065205207,0.2869865647316442,0.00968893210557876,0.30461666294711365,0.29207791093815305,-0.044726580566282904,0.30410762189575885,0.29813196608738995,0.006721423358513381,0.3195717453363964,0.2997316815629094,-0.010276772336855438,0.2885267803235166,0.2968757820850495,0.003211546992312824,0.30053307420598757,0.31723465340067103,0.009981711309318854,0.05,0.05,-0.002696017430144197,0.05,0.05,-0.014131211576669456,0.05,0.05,0.005333455275666408,0.05,0.05,-0.018140163167653184,0.05,0.05,0.0035966215907581277,0.30487413926904844,0.29783547777228553,-0.012605728881302833,0.27814703152665093,0.3114383672642039,0.008066007804905632,0.3042761728158478,0.284386476642227,0.027596773994801142,0.2953478313338192,0.29711204697300514,-0.021385737108376508,0.2821305426866015,0.31157346311723566,0.02573194738795249,0.2983447184864667,0.2932061543019365,-0.007540883382685164,0.2965038500996445,0.288001402778204,-0.0058451043088768055,0.3015310199293432,0.31018157247648753,0.0002848832802742406,0.2842364829110056,0.30353547863198677,-0.0051186112333950675,0.31370409693983864,0.3142945780204401,0.029289086245345996,0.2943841206462672,0.3198985507333756,0.007018850097914138,0.3162638040566863,0.29497380386168237,-0.0059719347521925295,0.30274027352672084,0.30151877609613936,0.02509623886938339,0
0.29767870681451547,0.3116461499031036,0.014644690142653068,0.2978660778139285,0.3065467661748231,-0.009465300936660976,0.3235020580000572,0.2733566767892555,0.013458864089900786,0.28235404090722954,0.2977434329678193,-0.001712161789424921,0.31507633558913684,0.2930784778792311,0.02616023831323556,0.28821183359775204,0.31346669723754866,-0.009486908838069456,0.30073434519241116,0.29663621336889595,0.025647269482312076,0.31087739843233747,0.30443501720584526,-0.02303736769173548,0.2928497813196976,0.28971423474493874,-0.04496285773584327,0.31261318101850044,0.296721764736573,-0.006769879285845947,0.3149610223342556,0.2952401139761363,-0.01680941871371862,0.29775254379485017,0.28867330948123104,0.006887115385759126,0.05,0.05,-0.007473241565283407,0.05,0.05,-0.010145428211876249,0.05,0.05,-0.011878063440406044,0.05,0.05,-0.002124429876840227,0.05,0.05,0.001669622510397018,0.2948002491159248,0.29641234063904853,-0.0016304565363869784,0.2981758186446046,0.30031075966875015,-0.013533416064960276,0.3100459290912649,0.3009682817740952,-0.010076935056497545,0.30344384217378534,0.29925631401181285,-0.034676527089673365,0.30340952690221623,0.28980493797615814,0.01868855566462615,0.29758250361106553,0.3078007029739106,-0.012604371063952142,0.3006992926714064,0.31210243500506873,-0.005380330928296452,0.2940918290126419,0.30655040613781787,0.012713231935019212,0.2945125086658518,0.2801453897958224,-0.01220045954996712,0.3067735952168642,0.29224965810576276,-0.00021875674032391143,0.29342515062033653,0.2806783283747395,-0.013509623540798557,0.3067313202068971,0.2762974751993419,0.005043347009511513,0.2881393076860059,0.3060844206947419,0.014286378717473062,0
0.2982805206508872,0.29830331841218777,-0.016127253942726027,0.28654416599895033,0.3169809290633373,-0.017301428543422558,0.3156779613119647,0.2914049996019982,0.010503807806754566,0.2886219284034636,0.30523395016902016,-0.006511747143062439,0.2968748383932433,0.3061002316978445,-0.009382827301581962,0.285718515045549,0.3076130556340945,-0.022918011799646566,0.3051651728439791,0.30972996545333,-0.007509877727044348,0.3118235284409178,0.3048178370786128,-0.013917228402895512,0.31401429002266074,0.28858328178260606,-0.0075340085980713095,0.2979368519638067,0.3060522370101825,0.02230866594762269,0.31052791556902715,0.30223748319574306,-0.005605382089271335,0.28174015758372367,0.2868585414554478,0.035333109785828716,0.05,0.05,-0.03672143975005079,0.05,0.05,-0.015689812864842192,0.05,0.05,0.022892125641001796,0.05,0.05,0.0041942659839473385,0.05,0.05,0.018560901420113844,0.30542828351270673,0.31469582537360885,0.005908545731297697,0.3066344772915151,0.29275753467941656,0.011726659511562737,0.2960387390201077,0.29546894132019286,0.017894470292942753,0.3090162337605936,0.3168844215574613,0.03246526370972402,0.3091731516135877,0.28279554389763284,0.036553619658993924,0.30917967670666363,0.292341399099137,0.014578183111255645,0.2896273425903727,0.3061863012010974,-0.026325400821481985,0.2919178159121336,0.30709929129200525,0.021457734859857875,0.3032543685943381,0.29713831363312027,-0.04229732590033981,0.2979097890034864,0.3053348507682453,-0.006335302118712943,0.2997742205890558,0.2981438253208208,-0.006434124356428674,0.3007587738995981,0.2972730541784754,0.028865791072638848,0.27793581151616265,0.2945415741402892,-0.017405124470344507,0
0.3021911060003441,0.30077144785883125,0.03244386203098858,0.3195114204829779,0.29226916544429515,1.0001300672590656e-05,0.3019630441692435,0.29202186251662665,0.012567640720752457,0.2976049263123505,0.2893236514939902,-0.0055913660853308626,0.2900232542725935,0.31036646829419257,0.03803118510227341,0.3024481937389454,0.30111276768053274,0.003048695337483716,0.31182234028938316,0.3116069900359718,-0.002313071370964618,0.3025258992737909,0.30652646407177075,-0.022753749131014682,0.3121260823742046,0.3173483189122723,0.023300642096789143,0.2875440608838544,0.28029999544581125,0.014174373470358631,0.29239810551037915,0.30287133354122986,0.030702974400150972,0.2934304482360159,0.2962244534359104,0.005534459451766323,0.05,0.05,-0.02595019279964461,0.05,0.05,-0.015157123920117524,0.05,0.05,0.0004971500750253838,0.05,0.05,-0.006009097376355028,0.05,0.05,0.012168155075984524,0.32765979614439267,0.30099138339418124,-0.016834238920760185,0.31418240354757565,0.2841118152467978,-0.027778163420582147,0.29404896561352273,0.2971711327948037,-0.012381454730344172,0.29968487675576977,0.30274741902746344,0.02137919070550276,0.30091188273843783,0.294380537523049,0.020292907728788237,0.2918228452426987,0.28367397254312676,0.024119120358090843,0.3114185324481097,0.29207701607795894,-0.00798197707641851,0.29083072454670067,0.30326624217565135,0.03464098582736164,0.3070288179859512,0.3103572464258303,0.016394566633820235,0.2999988085144091,0.31083340437911317,0.014900611258255992,0.31439445715153136,0.2954045105883824,-0.03476223279090773,0.31045251014873076,0.30349769520606057,-0.005920922006424724,0.29759847187692506,0.32554686325902116,-0.012843893050685423,0
0.2914669669317367,0.3008528423349335,0.02360981755945922,0.32278401986529226,0.3065736496338957,-0.025408174879588602,0.31970864270717797,0.299805313009229,-0.016754188637899393,0.28920607542900645,0.30836328719335454,0.004776587723728277,0.3034507537694585,0.3128650311907193,-0.016043091830192882,0.31366154628273646,0.2948084267720631,0.04328014747824713,0.30598739015993137,0.2907976147022362,-0.040508361666409594,0.3080892472227901,0.29625819724009816,-0.0031113138904367114,0.30766196009174107,0.31010413826250655,0.02447420681338582,0.28825158691617064,0.3142589474962459,-0.01158090672336299,0.2774375006525177,0.28821559653139955,0.0043605018426513,0.2902118575391886,0.2991195553082395,0.006765049750583566,0.05,0.05,-0.0036277080621857165,0.05,0.05,-0.009887086757134338,0.05,0.05,-0.025013921259764524,0.05,0.05,0.00043887616430664483,0.05,0.05,-0.0412991477516947,0.2931400195828058,0.2907221589093924,-0.004787537030178297,0.2978667020069073,0.3095995667443374,0.03166954554499199,0.2888222115976303,0.3199283262527003,-0.015585911990428638,0.30172526782923087,0.3051086298914832,0.04889165505165012,0.29457717662237337,0.28203261987021944,0.02980758940385963,0.29166626441204563,0.29638411419424404,-0.022354993078523507,0.2964129622695108,0.29159608463794556,0.013528836329895426,0.30080791629721976,0.2931894483938532,0.019917439533178552,0.30254996750674595,0.28153951749555944,0.018394066281686036,0.30184867883852634,0.31390732487591544,0.0024783485268528947,0.29208290649432406,0.29795704666698164,0.016078386617614408,0.2922926294029914,0.2955970321289244,-0.004433771599981344,0.2885062838978413,0.29243676575371425,0.0034510038360838053,0
0.31202477747653007,0.30317146984710475,-0.0009172251873804309,0.2916872922604769,0.3109516041172023,0.008670109998936849,0.2929327023648076,0.308986484586849,0.01119154123020934,0.2918646965063376,0.298986217437358,-0.009855454564858738,0.32633537940031604,0.30531744883125655,0.0037352410969648036,0.3047266305607671,0.31379162588197496,-0.0016676028887693112,0.29410090702134245,0.3084428322809742,-0.003498891320026241,0.28930104670919493,0.2873531356824394,0.030585931016790666,0.30131644566919286,0.294104326160076,-0.004686698220841271,0.3080744471800835,0.29706594484157955,-0.028988394583548367,0.30325840852147923,0.3120834781757356,0.022829286359445016,0.29440670061862756,0.31269172656458377,0.004258999473432458,0.05,0.05,0.024822946877574536,0.05,0.05,0.011473740600051074,0.05,0.05,-0.030431936852653392,0.05,0.05,0.03493477875016693,0.05,0.05,0.001035677023979069,0.30576793823913817,0.2865595537152815,0.010106530001561302,0.3110292773274266,0.31935320336598405,0.02800799589590565,0.30554224703946037,0.2845562264665161,0.0026454558099484266,0.2940749043478707,0.30234977874816243,-0.02432651665590198,0.29789833092208096,0.2948281691619393,-0.010963327119384927,0.29461763814008846,0.29864145283611754,0.00572389518096044,0.27501506412128546,0.27623567143662137,-0.006773826798437504,0.29802230955294384,0.3018911121660394,-0.014553447097124484,0.30009465194022683,0.3012652320501805,-0.01469116193730943,0.310134558217411,0.3017698631145506,0.010939221909265806,0.3006884573128385,0.3210367310306172,0.011927941382353074,0.29512006683792774,0.308209668843684,-0.03275209834913344,0.301196002626671,0.3031916029009199,0.002620415241573964,0
0.29666221129161113,0.2898772664316298,-0.01578694024101925,0.30102074916247384,0.28886480767572004,0.03540335231294545,0.2735910232065629,0.296765621324554,0.002207792782153941,0.3050742092783329,0.2908407527273757,0.022685895877764248,0.2860616895618708,0.2943387141139243,0.01241495110558848,0.31040188564792753,0.285959987036189,0.05290073580830317,0.2910250843683279,0.28687817522472214,0.01005429783546514,0.29651706546418544,0.2950394768746025,0.01191288115139439,0.2847270430957219,0.28297865600025296,-0.011948467302864562,0.31077901739453323,0.2944594470658721,0.031983133690572284,0.3120101476117189,0.30282946184507487,0.006794477187495139,0.3028200262501686,0.301597177286821,-0.00732483394956359,0.05,0.05,-0.005003756664143258,0.05,0.05,-0.021399203131851643,0.05,0.05,-0.0442008557858036,0.05,0.05,0.022081412185640997,0.05,0.05,0.0031451687357059665,0.30006211355621787,0.3039844912285788,-0.01656794909587298,0.28998937786615564,0.29716315306321844,0.027361969635276255,0.28831258971506873,0.2737293464319183,-0.010428021836375052,0.31142699916235184,0.28267455975645644,-0.023605672076457435,0.3026354674057817,0.3256990703547533,-0.027164233370523913,0.2860306590853204,0.30338698368839184,0.024093488799874087,0.2937590128767429,0.2837860584387783,0.00867498441772692,0.3061484139730297,0.31778655126538247,0.013138942246485577,0.3082806607637238,0.29737854856132095,0.04883008684338936,0.2960185798941153,0.2938807787858823,0.03619029837037213,0.28525762721104586,0.28152591615472083,0.0023911384919696947,0.299982634767243,0.29772112018449337,0.019878595142433036,0.2909179381771143,0.30064167125624675,-0.0072021190527637394,0
0.2910878149989325,0.29938159916039314,0.017051916065902055,0.321205681204305,0.3057941898289897,-0.050216700028029033,0.2996185991455835,0.3004980279090283,0.018724180191598997,0.3018481030248974,0.31253088917302074,0.007833412312305433,0.3155879806949789,0.29561254079951704,0.002886869345933878,0.308266415353899,0.2942780592970656,-0.01580025604162152,0.2937064790031331,0.29250784382911077,0.010451238417506545,0.28165191970365444,0.28444029973682095,0.03725492984714525,0.2927490327902582,0.30200014851171747,-0.029782928357982567,0.30094124267789274,0.29280993332318594,-0.03126178996320828,0.31336920437564714,0.3118256572706087,-0.002147095814280329,0.3099941903267791,0.3190329268772716,0.015081518663161788,0.05,0.05,0.009593594790199264,0.05,0.05,0.0039789939296661905,0.05,0.05,0.012989947297184792,0.05,0.05,-0.007278387869792731,0.05,0.05,-0.0055327173832289325,0.30450891375212513,0.2952613512984047,-0.007315993455870048,0.3000018666463497,0.3115060755059307,-0.02265327507119295,0.3075917850270526,0.3079179641280347,0.015716240185936182,0.2919325361979051,0.2830731838448906,0.011194009448228444,0.3018753878441396,0.3100437663476313,-0.014010736560190768,0.3076011837625636,0.3105441211221941,-0.0019061944209870121,0.30416929503264817,0.30381966457524096,-0.016429390580593003,0.3053109660228461,0.3162249834090101,0.0004440786908527317,0.2853907506134834,0.2931277346908599,-0.03558858897703255,0.31290261129046065,0.3076410529632809,-0.010027385433356368,0.28581940078031065,0.29166705041757507,-0.012765539313942949,0.30109407599020055,0.30075759343198377,0.02682863950747405,0.2930724514230196,0.2849181214564607,-0.02313956950284584,0
0.29976975145553497,0.29271321933054206,-0.005840170910260516,0.2954596641968055,0.3099023845370518,-0.011739313741846443,0.29622657923052187,0.3071728358115877,-0.01129963822064152,0.30423212374457015,0.30331485262021757,0.00283531717922159,0.2886560361729351,0.31229774224521933,0.04441367593166228,0.30008828138267396,0.28953645126629624,0.0005820541665004521,0.30989860140586,0.29384812324284393,-0.002577983682363793,0.30340654136412143,0.31203047852205923,0.015508474661787489,0.30816867969532263,0.29573731443323575,0.008038379103478458,0.2927803667287487,0.3084552609988521,0.023024392815712273,0.30553363568772623,0.29632589413205185,-0.004074542560831965,0.31806516210662006,0.296492895553765,0.020999883349011365,0.05,0.05,0.006777831964370435,0.05,0.05,-0.006682728969196854,0.05,0.05,-0.026892980549388504,0.05,0.05,0.004232007611770137,0.05,0.05,0.0018220173321224467,0.3180653467145933,0.29139807304577503,0.04589537183095569,0.3037881052949659,0.3037782922122216,-0.011861442688644601,0.3031470630755447,0.30473050928233214,0.01874654583641754,0.29021677792408057,0.31406780855788036,0.007228310475439591,0.3060822889530731,0.2977905773849524,-0.01856285276558101,0.30072724627403286,0.3018729554982322,-0.027708565362289814,0.3079328540516512,0.30996524633896577,-0.014593292476422534,0.28977414649727906,0.296970386231257,0.00047790193972599134,0.2973582899008467,0.29939082167229214,0.004429553953518324,0.2863173106127437,0.28746704372696735,-0.054445554818462895,0.3094254522845347,0.30015227020617447,0.020957022629303133,0.28862262004188605,0.3002440733953316,0.004296530122332025,0.29438217505169983,0.28446572201533205,0.03491742672270314,0
0.3139928334127005,0.29618067728274633,0.01020455290339215,0.29515209323643105,0.2900459639697525,0.03654523009914028,0.283446311185942,0.29714496303028887,0.0016864765448446777,0.31651236578687286,0.3089658865423602,-0.03344499549134637,0.29997249758965816,0.3002106019836436,-0.004566766705988844,0.306198091075303,0.2859089307224402,-0.008172718250733403,0.30478818748213077,0.3067957568516064,0.002988389470183938,0.297116077996997,0.29880058726373526,0.014808142447544744,0.3003390078412546,0.2895815245455947,-0.02466995167889807,0.2851036257856389,0.31455580818489354,0.0161492367122489,0.29893512116819454,0.29546207514835915,-0.011478600159347154,0.3109323710758221,0.3190443350817474,-0.012107858478550781,0.05,0.05,0.02276831041311419,0.05,0.05,0.0005602583071777852,0.05,0.05,-0.00424857859820933,0.05,0.05,0.030084285656598465,0.05,0.05,-0.00020331441485553823,0.30296364439254636,0.30248273932911446,-0.03251198733318904,0.3028841114871606,0.2943730797555977,-0.028423062802912426,0.29482862919551234,0.29474611130363054,0.02059765078260662,0.28936210383897965,0.2921015256095074,0.00470776521096025,0.2867420622864575,0.29340993241767666,-0.033289534706664445,0.309200114600054,0.29698636879559814,-0.00031835690004484616,0.3091601031979109,0.2927773111634611,-0.006239740172960083,0.2894367200069426,0.28941496279004186,-0.018411657880117577,0.2950750960916633,0.29615204465826933,0.005772643017967596,0.291087830519581,0.30319632675917474,0.00970002583046456,0.2953217781716773,0.2919527542758162,0.001701580639599799,0.29797082536989555,0.30220351829273545,0.03139732872519934,0.30068637048427715,0.2936076943871987,-0.01781779223884117,0
0.2914779836867841,0.2853723369288888,0.018654872166911578,0.2776672118064423,0.304881048177193,-0.017361278133504614,0.2948759478537588,0.2910201235845561,0.028917293192840615,0.3001631560168578,0.3079037852504285,0.026010537171920124,0.30163405474022403,0.28804376229144785,-0.004412855002315443,0.29257751986433794,0.294964958381127,-0.001892475852985778,0.29865844357907734,0.30412109161020284,0.011146085875609736,0.2986585482373354,0.3040346891810792,-0.010987197098708832,0.313147798255965,0.29434488711782353,0.02394372969244856,0.2852393290822828,0.2961959274258915,-0.006619563472272112,0.3027899179474847,0.3086181680321882,-0.024987904061190558,0.2889201695795709,0.2859809193228376,0.02640368394396835,0.05,0.05,0.005952098855942447,0.05,0.05,-0.021687424169142457,0.05,0.05,-0.008861897479121413,0.05,0.05,0.02363522791322989,0.05,0.05,-0.0055623846062247614,0.29662811862208827,0.2921870329317694,-0.020499846276375258,0.31183323810443153,0.3167390158874206,-0.019703888055746955,0.31404942329218116,0.2951261058370989,0.010672959907377742,0.3141021380481441,0.2985492340429637,-0.006558838405347182,0.30801080963788185,0.2889004716296375,0.022941227556808608,0.3014280939244258,0.2942224949184582,-0.012083352066317091,0.28616537488171634,0.2946382783337601,-0.005280755239888023,0.28938706468288516,0.29954535023870993,0.009458341690509913,0.2978652786400058,0.30662725826519266,-0.016142799659586725,0.3100338276421994,0.3012181470577486,0.030905143395094866,0.3241421731223873,0.29529756407696717,-0.00858127753802916,0.2975375787805128,0.30595702250175516,0.0265193994095018,0.29347191515830195,0.3038124426647807,-0.002718545797115344,0
0.30618109102540586,0.3150945769340769,-0.004806564748660298,0.2833013233332627,0.3074390167688029,-0.01665410437210905,0.2985688426303622,0.30787030836871615,0.005947897070622161,0.29898279974446956,0.2942411828754168,-0.05799787560549998,0.306983208157562,0.29747048300774237,0.030266725567114513,0.3039802802996187,0.29458874627465154,0.021337401767520806,0.3115112940595819,0.2978096818564752,0.023872897311464553,0.29444691944613954,0.30159647769407905,0.011428167754375608,0.30784781584014187,0.3062152184861589,-0.00665314361126345,0.3109369764069144,0.2987557267689358,-0.01138054724550387,0.2944566203268667,0.3193998839147633,-0.014839668561838895,0.31291635226760445,0.28864533304189827,0.009758108901483726,0.05,0.05,0.0059416690298167,0.05,0.05,0.03242453759452456,0.05,0.05,-0.013088037903370297,0.05,0.05,-0.01861328435920774,0.05,0.05,-0.002330207566939642,0.3166480182924045,0.2911584152005623,-0.051768332644083995,0.3005976783737328,0.3094952291796101,-0.02027611865279726,0.30847932173353265,0.28964089014987543,-0.0029311707138335785,0.30752682315286056,0.2881253459826156,0.003630266630151087,0.3121497351129224,0.30473934099211347,-0.014412521151815356,0.3151871835271679,0.3065839251192249,-0.03720895999848614,0.30864243614734227,0.2942862574758272,0.003931270952849289,0.3100800400429326,0.2945039541533517,-0.03291185228083628,0.31505545191905826,0.31164583471201945,-0.0017451202636589145,0.30853421451492113,0.2963061326793631,0.0019394035352169946,0.2985571205736326,0.29671055914642697,0.007186051601715098,0.2879182117635441,0.2974841916923442,0.006289589449668099,0.31838100707961636,0.288324657846873,0.010411061154648545,0
0.3063014877642786,0.28123281269317263,0.008210640288185037,0.3088028507898378,0.30588652679382433,-0.0016785450974535078,0.3033324003652243,0.30169844697249026,-0.033789146766303894,0.30193320324754463,0.29632929594018326,-0.01409644341995966,0.3248496995358665,0.3125261571961956,-0.023003441206287754,0.3034663619656584,0.3145802527556432,-0.029923983081520035,0.30076983141407154,0.3012407272571949,-0.025489857649980456,0.3037955030461223,0.31116246390518126,0.03016095182838307,0.2975063589837405,0.3250164503513511,-0.04115933506793511,0.3035621670981446,0.2858770568007014,0.0018036527499379906,0.2947809324989497,0.3050687745639056,-0.002537614282043884,0.2917401582197348,0.2923970905243602,0.03864918994899106,0.05,0.05,0.0088704747692483,0.05,0.05,-0.034042574130767764,0.05,0.05,0.011015754702335276,0.05,0.05,-0.003893533247159944,0.05,0.05,9.202174194277975e-05,0.30819888153981795,0.31183227173712846,-0.01717625455841378,0.29970258345844614,0.2945388899726143,0.011937243621485254,0.2976769550626383,0.30029251479701874,-0.005405535220203293,0.2989388048443067,0.31704651005928136,0.047815323295354484,0.30377092093742475,0.29900030220183094,-0.03191273521779366,0.29239581800188624,0.2987326396421409,-0.014301264412748527,0.29390099237128076,0.31575389474056165,0.0005758162747696334,0.30118211991401933,0.2932580943966177,0.02355089449539172,0.2978742137201143,0.29479136334849143,-0.03161501634618883,0.29938898086248633,0.294479419982226,0.033691594920337985,0.3184389869200195,0.28764719505233727,-0.022443064757619948,0.2972368036487355,0.29183962104605726,0.004348331513734269,0.2967337651091443,0.30280532340555255,0.02032187043293934,0
0.28935778489664493,0.309952112224774,-0.014573048286403538,0.32148482849148774,0.31620975966249387,-0.002261606717724706,0.29036416555469957,0.28845134020325414,0.017472570041490602,0.299695972334695,0.3092686688575196,0.04408457938591281,0.29229617061283875,0.2876986175624191,0.0038512046906525187,0.31144759611452294,0.29059539710214244,0.0006924947751849219,0.3137004366117099,0.2836712216150963,0.00470635922878199,0.2945989690640121,0.301241565909713,0.014195685811673759,0.3022080850788809,0.28989777597888144,-0.010024922764669575,0.31426592980324464,0.303289328939241,0.016806382551696968,0.3025029531018304,0.3080911606824192,-0.007922921798746435,0.2923248835323256,0.3076369771584805,0.022547480208911123,0.05,0.05,-0.018285626215932837,0.05,0.05,-0.01151889622847456,0.05,0.05,-0.0032645285646181305,0.05,0.05,0.03239649209965297,0.05,0.05,0.011262709103365189,0.2867591317013411,0.29907017208410497,-0.0049175751150086836,0.2882673044399607,0.29895208083105274,-0.0058007487921274475,0.2963836747638284,0.2959261863261819,0.02942787096697607,0.2963629688389948,0.30049671056300264,-0.0011752942455345837,0.29494983149632664,0.30079504732367696,0.0013070119219552665,0.30079756526899215,0.2914076685790358,-0.004122490145052823,0.30760321875349855,0.29820183368619957,0.0032356382520251628,0.30167037000726354,0.30417395130733915,0.011173018300276212,0.2982584939025078,0.290886646969079,-0.024374306573497515,0.31017686412736356,0.30770250447971065,0.01298729368675053,0.30811203527862674,0.2983844401637411,-0.012497528355311004,0.2901959259020196,0.289106500034145,0.024243173771006623,0.2950685514424585,0.3105485906921089,-0.003737716607613017,0
0.29323758791757576,0.28905635202449853,-0.011763087139755008,0.3141823878290629,0.28915789920220186,0.04233493642959301,0.29159392572530357,0.30749949970651247,-0.002905025885099771,0.2967944041747381,0.2872857922287486,-0.0019678596550247616,0.28841714003633995,0.2831842290023256,0.0023919735643489824,0.29364576893164246,0.3168434851612498,0.020000434301856447,0.3169743218133677,0.293191170954921,0.002722754802625747,0.27379329040318945,0.29718197619313275,0.001969966960493619,0.3015404807770177,0.2995763158945833,0.0013318514350333605,0.2728675736583659,0.30256221836081976,0.009668797838600775,0.3133802540262885,0.3036873805927693,-0.0026147413342647646,0.3110494192223097,0.2764266577540052,-0.010298970612542875,0.05,0.05,-0.015316199601174228,0.05,0.05,-0.0006904359966262208,0.05,0.05,-0.0439738562445833,0.05,0.05,0.026392713244874372,0.05,0.05,-0.00499619799368492,0.30318796691158933,0.30223091225059895,0.025249797897539006,0.2813804986512595,0.30112321165469813,0.022923565214097205,0.29902013553279305,0.29048730606861695,-0.012077802313115716,0.2960705799819359,0.2927894997047701,-0.0030562223413471883,0.31508247403185,0.29402635234462515,-0.009753479485579983,0.3045978058405031,0.29825179636036125,-0.026583702666897652,0.2993881156222098,0.29901108567603074,0.019513566908763064,0.29027847601797335,0.30982319482755444,-0.0019566162419988706,0.28892058329085,0.2869122168792307,0.038687770558170596,0.2984008397716456,0.30936504116730484,-0.034162387892162596,0.326376948879639,0.3089324462836713,-0.005108804283104181,0.2969383414214449,0.3073459812830299,0.01354363373450094,0.30182529280397435,0.3001087875820223,0.01122134168051833,0
0.28258296446919823,0.29628725287385743,-0.03293727716585692,0.306045923447025,0.2932418602896668,-0.03143156157358355,0.2920621347598103,0.3014935620146578,-0.004104567651116203,0.28826843440967226,0.28295131398269385,0.0014786557406100424,0.29419231893249537,0.2974191929013595,-0.0031937037497659945,0.3043006568717532,0.3084694650176991,0.0029301840191688616,0.29679537450240356,0.300247635380958,-0.006784739345192428,0.2835744664636688,0.31091946171289575,0.018068777249756078,0.319883339935806,0.32280499306477606,-0.023520402645055206,0.29664600079621173,0.3251153959687014,-0.0008110123116446954,0.30244210902546753,0.2847887004830542,0.003005772631535482,0.3193194037475909,0.3128662581010353,-0.012199692430370867,0.05,0.05,-0.007926327331368326,0.05,0.05,-0.022618005849885266,0.05,0.05,-0.017023262804994117,0.05,0.05,-0.038204238575729396,0.05,0.05,-0.0016963934931948546,0.3151011067993041,0.3035543192409375,0.027324779799314646,0.31073249400925995,0.29453191910427373,-0.01519013322812897,0.2927881544314854,0.2828293805155795,0.0006466046559114924,0.2709553560342291,0.30591415509286385,0.0014376187143774965,0.30471439866494837,0.31057016282948136,0.003975891766777072,0.31631571737654757,0.3062194581095221,-0.015142536936321003,0.2976228895785412,0.2773870897324986,-0.01804380880944332,0.29619003594066606,0.30546273609557667,-0.01500722057083622,0.2875373598606557,0.2811246809699187,-0.011928350371866363,0.3195085180236793,0.3027110703489703,0.01879158824710358,0.2909994576733575,0.2842655023989778,-0.02442154928176135,0.2990286889084236,0.28005871156520745,-0.020131808328195416,0.29413639314028706,0.28679074693936696,-0.042473660346496585,0
0.30289653698209756,0.30045871444884564,0.015580597352602588,0.2888957425074756,0.3075992274304747,0.030586083889737714,0.30262214732236853,0.2939006370555334,0.002901612990184878,0.2934221261070442,0.2917571644232125,0.013665207790066516,0.298609496802128,0.31205095653450027,-0.008848459784871402,0.29658825419329987,0.29433489004768526,-0.022403668773744105,0.3081442489861659,0.32185711664614153,-0.007644544771323036,0.2931950405632499,0.2925467651629291,-0.013594664552007602,0.316497836862408,0.2928151948024011,-0.011705336017790797,0.2875964574784903,0.3029364877386307,-0.001344591243019736,0.2886282122419744,0.2910717040268192,0.03065866741071115,0.30032707756268767,0.301016853954473,0.0021130765005212275,0.05,0.05,0.02789250776422353,0.05,0.05,-0.02090428724641421,0.05,0.05,-0.00792791040352909,0.05,0.05,-0.003379304133250219,0.05,0.05,-0.034423516505794484,0.29083858483418656,0.31046674827280935,0.01520426992660235,0.3093706687510203,0.29410909777468597,-0.00931390480237673,0.28211934504961966,0.3093193454231631,0.02193304537532192,0.31083920966535605,0.3160409125347724,0.008442171869798114,0.3155688183654669,0.2979952539084212,-0.035340207300111004,0.30860724677240114,0.28196110873991304,0.003404040989867306,0.30955323802124257,0.303242587960352,0.04556486141164551,0.28034071005853023,0.2991713932746408,0.00034910930505311667,0.28655897183817586,0.2884626720927571,-0.016902572216532002,0.2890035270595074,0.2989200534983613,-0.012059298003043195,0.30317908384095676,0.3064943046620306,0.011635579194377783,0.29589873754815244,0.3028447562946447,0.02070257832353466,0.3044556458127749,0.3185897769444342,0.019643579735333757,0
0.3171840707264846,0.27507656872069935,0.0019335224228046453,0.2967606749904778,0.2987502026968578,-0.016099188402082788,0.3039619940038418,0.28191643567582586,0.008068737257425816,0.29228288779819456,0.29499613909879563,0.008770035391314754,0.30078777727866335,0.3105392091140645,-0.01939007011691979,0.2991929434778287,0.3088877311701115,0.007223994875027969,0.30425594253462795,0.31108042858383234,-0.00812484897739056,0.2938316912287773,0.30575904436932333,-0.0029886297202217867,0.31122203567697715,0.30369773437115055,-0.012467013605805235,0.3033838402681114,0.29097300335777465,0.01893856936714113,0.2860284769345185,0.31222065274196187,0.006417530223691543,0.29835439030377325,0.30763334150933874,0.010226532883247099,0.05,0.05,0.026607633713161213,0.05,0.05,0.02642123476706934,0.05,0.05,0.007045808883325727,0.05,0.05,-0.017435413760831544,0.05,0.05,-0.010830180008924824,0.2992835311418835,0.3108172169439509,-0.00912772922674951,0.2962705947956986,0.31848350629267425,-0.0020859702275545337,0.29365268109733395,0.30776646028394145,-0.0011226856591916958,0.28610400836566435,0.31040914082807375,-0.014940786413985494,0.30043585598389577,0.2993186088621264,0.004602023469397263,0.27808925927435335,0.29664900521200765,0.022496741202314038,0.31265445519891655,0.2900870961835968,0.018411964854236313,0.29238570245574413,0.29625467740612715,-0.00643968732918503,0.30108803709705406,0.31001366456290863,0.005291690720582223,0.29873868239676155,0.30967311233038214,-0.016053227804674292,0.2992278255653205,0.3099578122837753,0.010586124235811461,0.29533696022555084,0.28487043233399734,0.006217163815896228,0.2842132479809701,0.29787498635308834,0.023578967984733353,0
0.30596758646301847,0.2797634602198783,0.004009030086806342,0.296808300853974,0.2872628259927455,0.006700425916042048,0.2950826215120927,0.29514465961360503,0.002480902368534406,0.29374115469098516,0.3009573583386656,-0.011866497792598683,0.2946153853937746,0.3099292976929553,0.021893432727605532,0.2829134575285737,0.3074707284384655,0.027971820092522113,0.31557376817403576,0.30520379725885116,-0.02114795715487795,0.3062998084034753,0.29130747644784083,-0.0068593033231330825,0.30383082157044816,0.2919524065338126,-0.022928006134355687,0.30465773318490824,0.31867224204312317,0.024864686609589275,0.30707186185050095,0.30979185435589734,0.012754389943638323,0.30449900229409393,0.30898617839598647,-0.027367261841080445,0.05,0.05,0.003989705988858262,0.05,0.05,-0.0016189641248768678,0.05,0.05,0.0015780566228912728,0.05,0.05,-0.009227444294935792,0.05,0.05,0.010409756895484644,0.2918207199031239,0.29466145070607963,-0.013077598273042007,0.3086394663726987,0.29988276496790806,-0.00921664679593526,0.2962657030498382,0.30003880616680406,0.03244349837739707,0.28763479663653324,0.30675509997679784,0.009437246760620157,0.2911703460155322,0.31466873290154684,0.010785609017613527,0.2949226669677024,0.2814058667405374,0.004582936689982251,0.29955254415244015,0.2896928706873388,-0.020872288202712738,0.30868509867119504,0.28044305092679006,0.006285655101460725,0.29812563024689137,0.3049715482835344,-0.005886100197204025,0.30293274965260314,0.2925722515547129,-0.00098409832346737,0.3048908387815074,0.3015087187127547,0.007606136848030885,0.29072078700548354,0.29409325438115147,-0.011466796784318905,0.2972351024441325,0.3135858286961783,-0.007083575110714019,0
0.28856440540234496,0.30541645687850594,0.02693286862868963,0.28738788148147687,0.3197281075471809,0.008303532046461436,0.3103389078906839,0.31467071635043314,0.019452352854154843,0.29889464402992316,0.31217698144191414,0.0050919953974183875,0.3109048472490764,0.3119987548378068,-0.021817931799455372,0.30794301131977003,0.2981810808148663,0.0027638127356802967,0.301270927488428,0.3008697021757536,0.030470506244580784,0.28633552373105936,0.2827765664313021,-0.03866580143331146,0.3106914426393591,0.29226562508132337,0.0026437293902977265,0.2988528287587542,0.2911362485936002,0.017029544751113974,0.29872537031782614,0.2976226492296161,0.0046574261548050205,0.30720772084838216,0.2904102375646555,0.017458366946665735,0.05,0.05,0.028997070395466992,0.05,0.05,-0.028522447375223525,0.05,0.05,0.005565979582556631,0.05,0.05,-0.006098444247146546,0.05,0.05,0.013984611614402802,0.2878334078747315,0.31628938225643577,-0.03215789612858139,0.2975571906022346,0.3043429607599536,-0.0137267369386965,0.2915659845154296,0.30222235636630523,0.0015551983998216058,0.3000593816941515,0.30858688511465626,-0.007889453868560428,0.30319592649795,0.29493397191724186,-0.01698658971658816,0.2971524137150998,0.29501234812806365,-0.008976076023255628,0.3116532741780216,0.29745896545964445,-0.013258133445597299,0.3002807877404799,0.3010422793912841,-0.023737624591881428,0.29701593728076153,0.296613156759014,-0.003442885474169468,0.30725528373037986,0.3013667187116288,0.02455874694770661,0.29988339644111184,0.3177608728038006,-0.009215500274633057,0.29230437618834876,0.3054730267477697,0.02728163874930035,0.28621196695414775,0.29803009351785686,-0.012215638901717417,0
0.3014285101299208,0.30010017923499405,0.02690762495255442,0.29891595207125216,0.31374784098970226,-0.006302006720373715,0.30926481875105216,0.3022866302813672,0.034597707973668894,0.2852298513718557,0.28836142282240174,0.03663244569316773,0.2926673490651365,0.2933019664192414,-0.017514471709997086,0.3114844595653372,0.28746542386774876,0.0004490082455532192,0.2973437817821946,0.3103651558350443,-0.011273653246632898,0.3041527257911327,0.2882878382662273,0.04547882077354402,0.08,0.2976040767534629,0.00017526969770734308,0.08,0.3165475435885054,-0.011733455486104188,0.08,0.31667382342938616,-0.008229423482759216,0.08,0.30671698183821255,-0.011453632803185976,0.08,0.2864396355485526,0.008291887010812316,0.08,0.3063990340098353,-0.026317714846524773,0.08,0.2969294168109129,0.024015179230738135,0.08,0.30600118950796606,-0.007904300035681015,0.08,0.29402474298365544,0.03896488650269553,0.08,0.2855306793019714,-0.0011839714881720516,0.08,0.28535303126306055,0.026296292896885624,0.08,0.2999287638779166,0.003563481695388696,0.08,0.32768892309627606,-0.011869453514727867,0.08,0.3174857591405853,-0.00781463828816377,0.08,0.297664875424151,0.052763505132411986,0.29838909622738324,0.2862562859570475,0.005638375762526244,0.29827263174832996,0.3036709584173386,-0.002671955866555389,0.3221554461620476,0.30556735838835936,-0.02149929255451636,0.30124546802023855,0.2920037017583296,-0.004954276850059077,0.29089559289433176,0.32107118523206024,-0.013827692303564435,0.30687564351994134,0.2967652057812337,-0.023168263451455805,0.30197649302899504,0.3040069183708571,0.011172530655090279,1
0.27377780845459054,0.2876515428633091,0.019151094380437692,0.29076393037391207,0.3020294405031011,-0.02516049390457571,0.3073160110215844,0.30931269595995575,0.014638198123447336,0.31032556812353596,0.3156390014489953,-0.023481482632179494,0.29211328068848635,0.3089754357030379,0.022604395436749622,0.2932565704642807,0.29256113934674416,-0.013044269798610113,0.28394905035956053,0.28728588817825923,-0.02494585290060307,0.29705901526194367,0.30270836515833954,0.008669456632847445,0.08,0.2949143774672432,-0.009679742325617578,0.08,0.3012366149515126,-0.02992029114298854,0.08,0.3095944053208309,0.025707705580285418,0.08,0.2937441936231196,-0.007968723186975581,0.08,0.3124331222484517,-0.0024610318197979884,0.08,0.3058824544595163,-0.0018461078760154796,0.08,0.31556307388480276,0.009801592565029913,0.08,0.3054765577191919,0.011326130774671737,0.08,0.2944488626367229,-0.009264782738450704,0.08,0.3076924563955997,0.002528256588672351,0.08,0.28822388992188225,0.037462088492495604,0.08,0.30978071867297097,0.0007525264769003793,0.08,0.29726499018200037,0.0039735171506016555,0.08,0.30517520099157425,-0.04066001471340095,0.08,0.32112349709485755,-0.0157976861833384,0.2999809436701124,0.30034866882779143,0.03993700437377703,0.29911876158993306,0.3158850729435363,0.008134549389222279,0.2903811513779405,0.30134707468102806,-0.002370174434298247,0.2891592951509577,0.3035772276947224,0.00044205499699711734,0.3055642170545854,0.30193352779598315,-0.013022057940281407,0.30768333992290314,0.2937560171974642,-0.06199341045566542,0.30128652947954215,0.2944592627276601,0.007642610087932695,1
0.31998871735939716,0.32027739693148055,-0.003302458444436795,0.29173484828753943,0.3058468328191792,-0.0074045118373270895,0.3039177652234694,0.29339139237773143,0.005013848320455046,0.2918802584770652,0.31184253416031466,-0.011799553815052249,0.3066110253573497,0.2873523271681448,0.015623477132213822,0.290336159307318,0.3026117680697451,0.02046401946695973,0.2980001710144322,0.28970833089254067,0.009936250142718426,0.29159018601013453,0.2959575440080277,0.005309253189914546,0.08,0.31360676036107704,0.0005310670759893764,0.08,0.30022857509845124,0.014750257872457026,0.08,0.30050371896672995,0.012710603996657962,0.08,0.3107853354606295,-0.006554743005359988,0.08,0.26724989366086543,-0.016358541871709327,0.08,0.31208682010835304,-0.0006752956279530821,0.08,0.296608697290721,0.023335699864064155,0.08,0.29898675083770104,-0.041850664114983116,0.08,0.28494697938991653,0.008372960416338115,0.08,0.2993310905840527,0.029093129576584442,0.08,0.2926673131619582,-0.0061900152400758916,0.08,0.29115496926939977,-0.010411883553609056,0.08,0.28108096098746377,-0.007713693281010634,0.08,0.299481311362301,-0.002726616849313679,0.08,0.3214955326373281,0.03666969154353963,0.29249100529038913,0.279560633053474,-0.001984007058631134,0.3037651013817062,0.29139515926617165,-0.01621951267851446,0.3158255496931253,0.29742448428854695,0.013245003713914771,0.29069694302145554,0.2994305954127521,-0.0067267670726902555,0.2932462676119671,0.3115530041152169,-0.027777540192660283,0.3030005682551129,0.296448783445095,0.008296489640717487,0.2965842336778164,0.3086719306191894,-0.018794051965043034,1
0.31157553191675313,0.29971197305325575,-0.02657005058030247,0.3068021545590282,0.2980115025648235,-0.03415675852279088,0.3033246808375887,0.31006595715277696,0.02564271480720262,0.29621648117400234,0.30145318055325737,0.0010107268558582298,0.3148980263157135,0.29189511417626685,-0.009293189044090834,0.29165279690550194,0.28550849476887113,0.004955743621041639,0.3160129833177759,0.29801515541484935,-0.017637932430862688,0.30186859702232066,0.30589118178772656,-0.0031272627487314458,0.08,0.31403535331954174,-0.01624723788575044,0.08,0.29713030363487636,0.005919758096859239,0.08,0.30392963752617824,0.0009445618459632152,0.08,0.2872158007764285,0.046760228084126595,0.08,0.29764030084953896,0.0022053503716931355,0.08,0.3061676109317298,-0.012730107252990588,0.08,0.3005692642087078,-0.013543804753065889,0.08,0.3041555074147423,-0.005520452971111388,0.08,0.30268718527304667,-0.020930746929712033,0.08,0.29171083565993794,-0.02730281353713604,0.08,0.2928946992067379,-0.051470484873962795,0.08,0.2969289979431217,-0.010684805439258527,0.08,0.30150910963625066,0.0008921544886857877,0.08,0.3125707976848107,0.051886203695482226,0.08,0.31137539013150634,-0.00906215178750176,0.2950660925029011,0.30868663042355715,-0.03366689389145665,0.2968479707383652,0.29761847064956143,0.011682629696376231,0.3061386634614078,0.2925543945960697,-0.00828745323410368,0.30445104254832706,0.2920107934408123,0.02412236869548566,0.3060917523344024,0.3017150954819484,0.00781881196561839,0.295331093830592,0.2937370857781238,-0.00849444432277442,0.3049996669225985,0.3020101498070865,-0.0084542891938542,1
0.3074958174330765,0.29826053577663847,-0.01386621491178336,0.3025434150929852,0.2898697048837716,-0.033744474998714025,0.29994895424434737,0.2934258620628912,-0.005083087053396991,0.2903326708185555,0.31208932139702567,-0.013229854878562765,0.2956800062182919,0.30377883267583233,-0.02753228596645366,0.28549450226751294,0.30380952835693414,-0.00889895260924339,0.2909850489310584,0.3060337317294732,-0.01623843318215986,0.29725487700451075,0.2910386953202749,0.006068743724996478,0.08,0.31332076192716773,-0.0372207985866423,0.08,0.30112657688750644,0.01713176883772701,0.08,0.2957852225269423,-0.022620847485917705,0.08,0.30420963527127404,0.020033070067542003,0.08,0.3089052217764547,0.007318186758296549,0.08,0.3009791373760864,-0.017980251107686022,0.08,0.3086524495034394,0.01619913626705015,0.08,0.2886194168134473,0.0072895945569298225,0.08,0.30652823875519786,0.017642275441510133,0.08,0.2992501038087278,-0.01715135148292288,0.08,0.29497883820135956,-0.02014499716911923,0.08,0.29948939334885016,-0.004937707931373809,0.08,0.3214503642076871,0.017893542848762635,0.08,0.30969548066889097,0.009427049816554577,0.08,0.2963268235333148,-0.0055077991763614765,0.2981613070018338,0.3018823327270113,0.007783396204468966,0.3000070862768052,0.29709401522656864,-0.011882312609759691,0.28607351242216744,0.3128337916504665,0.04411059136530828,0.3119933678092825,0.28740934374069255,0.015740331392817834,0.31023776301620815,0.2959656230137864,0.009778544792780577,0.2954369696747738,0.3152892899481374,0.007307418444306279,0.2908284450862895,0.3066980809800934,0.021175613469804948,1
0.30198131651135873,0.3047944169174327,-0.0013950685845759573,0.28865719546853763,0.2984826624157949,0.010460792659271159,0.2987197313201676,0.3080076542673959,-0.007843631223951684,0.2967340917254917,0.30831119997993905,0.0044370503360608975,0.29588278418844405,0.3103380537600862,-0.013774714359010558,0.2927305104098265,0.27170551188935926,-0.011079370971548945,0.3130871667892228,0.2792770731382756,-0.01903840280458435,0.3043906855589017,0.2775513322610727,-0.010213972270195293,0.08,0.3114086321561075,0.04086051603697978,0.08,0.30290246565667034,-0.01852934036482234,0.08,0.2903987126135172,0.0028981593866180813,0.08,0.302809633211651,0.03715857520116498,0.08,0.30970804852537204,0.0016821297577698123,0.08,0.2966479274674058,0.0602942341860442,0.08,0.30626594799995893,-0.0133750342715509,0.08,0.2977537707640852,-0.017549094800062004,0.08,0.2759545047414961,0.0062530198241464545,0.08,0.31782454216557315,-0.03261114404494608,0.08,0.3005526259587902,-0.014138095582751942,0.08,0.3052150252556985,-0.003446603134491319,0.08,0.28639945345582396,-0.019622074278994713,0.08,0.2916969946801579,0.02688636415974416,0.08,0.3129325927693015,-0.006226957742253951,0.31227803433451345,0.29826816160603825,-0.006533255169003742,0.30057117840551173,0.30284825278623634,-0.01110889585730003,0.3002186574218222,0.30787322505646525,0.0025907927841209407,0.3004278290212432,0.3049418021428079,0.013334121217172187,0.2993738418138708,0.2952581894292185,0.0037840660694847044,0.284060362701767,0.29789678004496145,-0.04943119816628522,0.28324208216563496,0.2817381415058329,0.020947034849061023,1
0.30013981815969326,0.28737950976783666,0.00982132086890713,0.3098865447936652,0.30508485556147374,-0.003774202569851724,0.3023248661841937,0.3090149653314273,-0.009384916753253116,0.30029866923257825,0.2974280695539357,-0.032268317053049715,0.309165681806443,0.3205727186499401,-0.017475892424823797,0.309626802348863,0.29158006220238397,0.0026557563015412937,0.31508012273789776,0.29479561014607886,-0.00029372828783746934,0.28198497003491924,0.29335795656053765,-0.038125446440014116,0.08,0.30429178119875,0.016632751179031548,0.08,0.29778365113429195,0.005717739345135847,0.08,0.29674269544749554,0.014810907317488728,0.08,0.30129461935125196,-0.039713267116071184,0.08,0.3093998081809282,-0.00779085589166307,0.08,0.28729620528791594,-0.008778679446880058,0.08,0.2809793035145356,-0.024997786224780865,0.08,0.3014294961011539,0.004534233726811324,0.08,0.30306438834255167,6.419735526995244e-05,0.08,0.29307134876527985,-0.0010891827892113056,0.08,0.29562792553052114,-0.03251563196150368,0.08,0.2922758500898941,0.01779082462338049,0.08,0.3158829415205494,0.01302550088237377,0.08,0.3154369776099241,0.0017077722026991658,0.08,0.3174237608470254,0.04108976880657161,0.2826653050196381,0.3022149330713283,0.0017286037817508457,0.295758961844159,0.3049191553815139,0.0008225013728375393,0.29264551079607953,0.2997339489496302,0.024091891587367797,0.3018253809688267,0.3062695474825613,-0.005541062005581825,0.30452064010151614,0.28790785469516816,-0.009994409988395849,0.29897331391434073,0.2872366407937346,-0.016604334377845444,0.3031311176857389,0.3012983191628803,0.016127308493154177,1
0.29399488981814836,0.3005760222600524,-0.013437348217676566,0.30706128549109324,0.3119074611602525,0.009666496545056054,0.3106119427627658,0.3003249986288786,0.016111876699903518,0.3007541774261246,0.2897507193341423,0.004934427773972127,0.2900470330620949,0.3233912895156891,-0.0066817631755066885,0.30645037855449,0.29987586780474407,-0.024672268480718115,0.2810147696993543,0.3074901395507413,0.030986818535421193,0.2926519629278964,0.2834330748044041,-0.006503254648432497,0.08,0.29062882954761265,-0.013006313597241859,0.08,0.30610373699725285,-0.001009260948056765,0.08,0.2917049244111798,0.0117700157252239,0.08,0.3066687234507579,-0.006741149720892505,0.08,0.30137916520918057,0.010410037661539494,0.08,0.30426103130983395,0.0008122817393106549,0.08,0.314325861182253,0.011653616260303716,0.08,0.29549320983502264,-0.008893381353978097,0.08,0.29441913649863327,0.012642418944556224,0.08,0.2937725243999809,-0.008497981784056132,0.08,0.31058022388115814,0.003832639241347781,0.08,0.31198532627121184,0.015961197467046842,0.08,0.28823328170929935,-0.002042661164814027,0.08,0.3098994903996854,-0.024443521303020247,0.08,0.30419710820358675,-0.0007847294739748782,0.2824521125787761,0.3011965930451893,-0.016749360322530656,0.28832348217883574,0.3000914067582263,-0.03861705878506014,0.29325709707415115,0.32551174252502646,0.013004447868138865,0.29118575093832644,0.3140416594010039,-0.019840871215542677,0.29446304846864524,0.28851148590070713,0.005121597573320416,0.3136862962209713,0.2900099376744014,-0.04120886074818178,0.31090966674519416,0.3155380050108768,-0.03990160932829466,1
0.3046005434144644,0.30226505352115285,-0.015749506097755096,0.28605644333330765,0.30991750345446556,0.003581410629143899,0.3025442645742672,0.293782306471668,-0.01603818408899915,0.2754502645872605,0.2977197197021512,0.028776527589084454,0.29109745579951346,0.2847758530573326,0.008713291329140038,0.30620079998446337,0.2941409403931882,-0.006975289293992834,0.3026390311721876,0.2984445053137067,0.020002586715079637,0.3243724257592422,0.2829083644480954,0.024595102611159606,0.08,0.30105259701023335,0.027764018777083226,0.08,0.3072435451126568,0.0012231291987142338,0.08,0.30760022942441034,-0.00788311542369595,0.08,0.29225698577895143,0.016217262311966983,0.08,0.29155671551210494,0.012847451832831359,0.08,0.30030747583087497,-0.04658883302245152,0.08,0.2942561754953706,0.006696763900492434,0.08,0.2959399933609151,-0.05093464223524371,0.08,0.3132075012782616,0.0033875010254322243,0.08,0.30443739291269806,-0.009465523043564876,0.08,0.30531489688146657,0.03669640289173406,0.08,0.29264927016372644,0.03334025410714142,0.08,0.3039856406589201,-0.017388654960737274,0.08,0.3221239063759101,0.007832804797778651,0.08,0.3067647866877304,-0.005387042094535157,0.29203673354670484,0.3016781324467579,0.03162927446966657,0.2969034018781431,0.29973248754425863,0.0291265694395917,0.2969967315419576,0.3051027631116912,0.01754701013479395,0.29803219051123014,0.30309837593199923,0.013222055553623465,0.2959908480645587,0.30815765164989994,-0.010939721669108778,0.29324912421039506,0.28472958939179543,-0.01006924687802117,0.2918449729812978,0.2959912604374502,0.012239852638289766,1
0.28274325746624895,0.2802532910541289,-0.014981584333025653,0.30461230493586655,0.30288864947019684,-0.015301246658218517,0.3116940823215646,0.29341590064881656,0.009249079722542535,0.2963721367246583,0.29131223649006344,-0.012101335762294796,0.3073400038481356,0.30361025145142756,0.019362053275530852,0.3036098608253708,0.2838883053682578,0.04228829668617586,0.3037516901405847,0.3051467155438823,-0.00753675358993121,0.3111317829330071,0.2890689243939988,0.012196581553269858,0.08,0.2792036671775296,0.013544170427003668,0.08,0.2892044958836057,0.005539890408542508,0.08,0.31357340466746175,0.016454347490008778,0.08,0.3122438167011756,0.02241696887295617,0.08,0.2947571725709012,0.011966603476157084,0.08,0.2827508310405819,-0.01373872835888502,0.08,0.3139265488828405,-0.007700736048524416,0.08,0.28131998113329254,0.040273978346627146,0.08,0.3056225028316972,0.015289564406115808,0.08,0.290195304650781,0.005681131410597406,0.08,0.30257574970889195,-0.016429697132473504,0.08,0.2983018031447684,-0.030009354255660356,0.08,0.29653290467124,0.019476925145196385,0.08,0.29253151741007916,0.03814595672853107,0.08,0.2856390848746494,-0.005203506995911882,0.29343570036385874,0.2981981916862713,0.027429495642818453,0.290155445035359,0.29548729469070467,0.013090115054462788,0.3009315877991765,0.30175174949309,-0.01930552679199115,0.299284165283975,0.3113157845153952,-0.03219041966161959,0.2930269084930097,0.28184458370474663,0.010739513938874823,0.3122547054531447,0.29816590012707955,-0.020110400290305943,0.2902375354854546,0.29702942792127257,-0.0060174409078305015,1
0.3091183177851337,0.2933112396555699,0.008701566763717193,0.2969452997075213,0.2925524304476016,-0.00660752126681955,0.3033653838187098,0.309149333898817,-0.005039463743169793,0.2879606186920223,0.3099971480326544,-0.01796338766304229,0.3026082316767753,0.29975167332296243,-0.0031714018469243804,0.2951302369981199,0.3062014878041546,-0.07164125214975023,0.31136470508367037,0.29087492225605965,0.008159138195012959,0.3035502561793493,0.3127497738202082,0.003954982710761383,0.08,0.2917089081936595,-0.03209509975821938,0.08,0.29651196845127026,-0.03916350857766025,0.08,0.29371514293689244,-0.0058526124066041055,0.08,0.2931008402197107,0.0008354731472982429,0.08,0.2976389598908079,-0.006553730826575639,0.08,0.2757584938296269,-0.025894103613710983,0.08,0.3064265673185487,0.016085125458948888,0.08,0.28161223282021003,-0.01629436362468263,0.08,0.31071965367599125,-0.014360776268102981,0.08,0.29888509212874886,0.02883610658031816,0.08,0.29638422688556604,-0.010094388203742317,0.08,0.29842963309407367,0.037068215957996566,0.08,0.30446201836289477,0.00038163255559535837,0.08,0.29475640044318413,0.010776338563622463,0.08,0.306596997699308,-0.021463570189509396,0.3068662819194616,0.2984884771337657,0.0004959726925721332,0.2911571099701168,0.2960001797217109,-0.02060284530445658,0.28921781829883697,0.3037709022042678,-0.0071023313088621675,0.28700362330137585,0.32177052647488374,-0.02249310078631873,0.3109210296101933,0.285235363583782,0.00913004670335591,0.2974943963138131,0.2937094326864159,0.003934846475314121,0.3006225985632933,0.29187534816317956,-0.017154777615740004,1
0.28426085788005595,0.3030556438435705,-0.02507609654200017,0.3000397495651718,0.30592477984120714,0.004161100636481084,0.2927686870198274,0.3090881241134997,-0.00815942956202506,0.28665839240995006,0.2971627249554672,0.011735947559694522,0.2932558568558987,0.308781824149703,-0.015406521304353014,0.2936578680631447,0.28953920984146747,0.013674190738160586,0.299467574299108,0.29020238052256025,-0.00792420684562207,0.2692884901210097,0.30777972363466644,-0.003414932789966148,0.08,0.275937618489901,-0.02913362882648164,0.08,0.295784059374424,-0.02628341518209674,0.08,0.3079334932368606,0.008371457719823089,0.08,0.3035953594351787,-0.052086938704294095,0.08,0.29474541585793107,-0.013952329012181129,0.08,0.29045945545895413,-0.008303505623274237,0.08,0.2887376179291394,0.00430441465900436,0.08,0.3076655135433777,0.013607674768473433,0.08,0.2986208874828852,0.03998479392667005,0.08,0.31139975114500507,-0.0020311640734510337,0.08,0.2951772778979848,0.02676054325563841,0.08,0.3100758068276273,-0.02820854407648459,0.08,0.31085821319228746,-0.0030874706944785803,0.08,0.29139088469406643,-0.039584117184813264,0.08,0.297310838053022,-0.0002445517043985052,0.31587327654110214,0.30957233807748685,-0.011657734427520697,0.30389342394219737,0.30826249422672825,0.0017191477603443093,0.29412845840968793,0.29467827543756553,0.007709461409139044,0.30412980565525044,0.2970704538423645,-0.05238304410106679,0.28709477272708706,0.3061968892161211,-0.042616759947117513,0.31184181016367213,0.31036157261138503,0.0008219276386641145,0.3059793103422861,0.30528774678358883,-0.002337462567324259,1
0.28626110882411426,0.3096727297506168,0.0281446002276727,0.28791409475757657,0.285887449948303,-0.0027359380951468173,0.2937377540436355,0.3014494924020546,0.024159880797207732,0.27754329561727503,0.31581271951619155,-0.008133368837538398,0.30511778978650494,0.30618725838104466,0.014706823083955923,0.30061908104029994,0.3029556060178675,0.005780441012108062,0.2936971719922055,0.282419448085628,-0.024383716555303896,0.29895762020501965,0.29213193343103616,-0.0156899214477907,0.08,0.31799251045686194,0.017177895933197462,0.08,0.29747924034090023,0.01344069891310884,0.08,0.295797313944091,0.00221446868372993,0.08,0.30441628648418917,-0.008352119355437573,0.08,0.293147494524629,0.02447863636937008,0.08,0.30614112967198104,-0.045092217565854346,0.08,0.2933186406996839,-0.015625449993887878,0.08,0.29378861911187604,0.017248045775177905,0.08,0.3001920596800369,-0.027792593417110913,0.08,0.2961678516304138,0.010834752952323796,0.08,0.29780354984466245,-0.012893519023269828,0.08,0.30331219278738525,0.03236384978878154,0.08,0.30461424832958517,0.026018830260633976,0.08,0.29422385782135096,-0.0001672422224812145,0.08,0.2997144801546432,0.0023735816813538245,0.30440519606380917,0.2908103087894522,0.012946653710269571,0.28372114061044784,0.28664243337493317,0.04271252202346461,0.29489879260521124,0.307295193509862,0.03396580784853912,0.2768554392122152,0.3112624618015571,0.012978872125185422,0.3164039728093304,0.2881847683833537,0.029025093139092257,0.29260585568397307,0.3105477781427666,-0.0007204207150887984,0.3077076880643514,0.30048869183305155,-0.03678803168373458,1
0.268794559770562,0.3020991553398349,-0.005274700752626958,0.3039822095142029,0.29747846534156425,0.04036154765435641,0.30230537127828305,0.29553052272417335,0.006747261326937324,0.2957132520311869,0.30092930234113985,-0.024349603744716692,0.2999141479814039,0.29522147603964827,-0.022454732507373593,0.3197573586807264,0.28916264630059835,0.00013928446883875064,0.2919719196505124,0.3029703947087987,-0.02548770268937835,0.3084035682393555,0.3203615618635884,-0.016790784742013395,0.08,0.3121696886268132,-0.0076375868879138,0.08,0.3150579112107608,0.04376997972191982,0.08,0.2976629498829154,-0.030405321617893034,0.08,0.30948084387436087,0.004488344158882324,0.08,0.3050179116777764,-0.006796900836887307,0.08,0.291155071813393,0.023206963619339487,0.08,0.3031978999455603,-0.02887114068367451,0.08,0.3068687522320289,0.009723371959330011,0.08,0.29674701075676435,0.03239626468484644,0.08,0.29381826837652736,-0.0033797299630968338,0.08,0.307686480879682,0.001535259006614432,0.08,0.2861557684564156,0.003675987459868593,0.08,0.2958561020803477,0.01713992489832527,0.08,0.3015121834399514,0.0018901530609478163,0.08,0.2895174883628095,-0.00460050615828011,0.30970101094012653,0.29223463655458626,-0.0006510044617542832,0.2906355394835099,0.2881615735894833,-0.0016971808997870517,0.3017380116487734,0.3199386293923259,-0.009109207676924181,0.2994983073236612,0.28749926482029076,0.012244800298138278,0.3039809477935328,0.3148839467769143,0.022232443030174177,0.30351406668842285,0.295299285004113,0.004093368757801208,0.2988898653786824,0.3095339753323798,0.016524629799249364,1
0.2970358455634524,0.28538006220173123,0.026667746004408494,0.305818739568232,0.2968050992942733,0.010857466962073419,0.3007486130625003,0.3131861792621947,-0.03859560463610054,0.29602809033486566,0.31599054515478686,0.011263968069346245,0.31772606668314207,0.28778192906836536,0.021443934318769748,0.3101222442345383,0.28318271464671163,-0.0059100457906616785,0.2989347089480592,0.28380443971232594,-0.005492046530408777,0.30873183140778604,0.2960907694047526,0.004842663113480527,0.08,0.3024937028272765,-0.00024286822277532407,0.08,0.2929481797597457,0.013176279497677959,0.08,0.2841296623847401,0.0001717627701636529,0.08,0.3138548634051809,-0.008947464996824308,0.08,0.29272678778497724,0.014510322775507553,0.08,0.3016343176058713,0.01490894564113865,0.08,0.3003849848569527,-0.047765849015023586,0.08,0.31179913410425697,0.04140052764956551,0.08,0.31284041006836283,-0.0707771545013952,0.08,0.30451088212505567,-0.009334916211500925,0.08,0.2891575624638829,0.00245464323276546,0.08,0.2985105270510028,0.010173156085596822,0.08,0.30056580189305454,-0.022416242137779537,0.08,0.2942339822325703,-0.014759171126500322,0.08,0.2828351682325555,-0.02743289287907767,0.29788931330114804,0.31423754075307275,-0.010711141593975895,0.2924256922524721,0.2881871319332717,0.0006107298999070142,0.31179259334610127,0.3200268276640859,0.005707987534433738,0.30139993742636434,0.29456526892746454,-0.007531332429820224,0.30629175091050703,0.2968512466793692,-0.0032456489433482813,0.29974652725249573,0.2940917188909252,-0.0014995851815510258,0.279805938712092,0.3054883588301846,0.047035436779441095,1
0.2944795638483693,0.3037383714500167,0.017031526404923693,0.3128021527271746,0.2973567851125982,-0.03606634507377438,0.3026723195084876,0.30128628690654424,-0.006913327493520055,0.2986648787711566,0.3014368044501773,0.007235239842077007,0.30319809710239914,0.2978231434049887,0.007685576699719021,0.29714969151725135,0.3064202550153532,-0.012548856709530019,0.3007305819214956,0.2837626141788277,-0.007398209389142945,0.30567488721129976,0.2896626513329193,-0.006402009527001673,0.08,0.2759493045008979,-0.027361482170639783,0.08,0.288935254438861,0.0020350210154327733,0.08,0.3033340901239271,-0.0011211113188039422,0.08,0.2961740661711262,-0.007582034966974946,0.08,0.30716045749040494,0.004256396937661058,0.08,0.29666054403694636,0.02586598990482518,0.08,0.319499750409961,-0.024914849004673407,0.08,0.3052251007021051,0.0617977921537277,0.08,0.3028020554105019,0.002308852723285531,0.08,0.29944266060106384,0.009803630349814829,0.08,0.3075489916654988,-0.024895337483383653,0.08,0.29973516371711173,-0.04538995728994819,0.08,0.29790683383378497,-0.018053771876441457,0.08,0.30339177579135485,-0.03312761054282051,0.08,0.29487682689540906,0.019330885010412243,0.29323666848555746,0.2809506422258211,0.00515066306257969,0.2941347100690736,0.298141145639271,-0.014597391729251848,0.31974396744480027,0.2844192726414648,0.05666991223788546,0.29609363469248645,0.3018344657621813,-0.011495928352089676,0.2938336644014454,0.29215170096567367,0.012025159240872711,0.2858920030637294,0.3036410854424267,-0.04368985470103618,0.3027352877114176,0.3084914260593219,-0.025490382146147388,1
0.30678742601718745,0.3005138541062432,0.03196852910715679,0.2914479361768891,0.3281598590372273,-0.04781564308650475,0.2967049619936387,0.28301430289377066,0.037021083536995326,0.2973829900618416,0.29828314922630716,0.008864761961704257,0.2999519481367271,0.29406238443598665,-0.025132945012580964,0.3016851340233343,0.3037883363268948,0.013907544728034585,0.3191272685030652,0.27826231095586007,-0.0013543439470540925,0.31191737835821426,0.2987547757556113,-0.046763449073865405,0.08,0.28708960425150076,0.006571396993546386,0.08,0.3029219729488334,0.013450393966820415,0.08,0.29218991056451815,0.005197664698385954,0.08,0.2905413669210367,0.005199159872873822,0.08,0.3005321219710354,-0.016417200403258086,0.08,0.3155818363076269,-0.03411271900324774,0.08,0.2985837901698947,-0.0168581112864862,0.08,0.31834202035856274,0.011967960152408377,0.08,0.2935068962462961,-0.005594305786407452,0.08,0.3186125737398053,-0.01892551263460061,0.08,0.2823555182776944,0.005820137249276284,0.08,0.3031364036740782,0.0133206914677972,0.08,0.3067262576087195,0.03541411301467599,0.08,0.2828186250962396,-0.02405606389290666,0.08,0.30662203333946186,-0.022112510034288806,0.28543412026740633,0.3186584455228527,-0.03239884263328575,0.29648727962889354,0.2994063254876859,0.02618273283926555,0.2813119694171753,0.3041547515150625,-0.017807541165201557,0.3062761121259245,0.2909319227397314,0.03144612512371554,0.29099029981573743,0.2753802029411008,-0.01577698499482602,0.297386998894311,0.31082353873162305,-0.025168296611298414,0.28761353872885925,0.30960577903708986,-0.02750450235924412,1
0.2982101655860831,0.2984134881653099,0.0043515907268592445,0.29250151789617396,0.29073005613325437,0.006697888835045844,0.29104004146830215,0.28640030809880823,0.02455599975703371,0.3048809538137918,0.3176750239576534,0.01567935302433892,0.287318563483685,0.30096369240059995,-0.02031256509436492,0.28348390403281715,0.29552800606930013,0.019630657505982422,0.30274912710787505,0.2860910586874123,-0.009646831504254735,0.2985713341465802,0.28310887546029156,0.014263447304972244,0.08,0.29771264973741246,-0.027811897218641152,0.08,0.2855282640625893,0.022013278898432218,0.08,0.2961918696785428,0.023807040579128233,0.08,0.31572155479902714,0.02044896545711849,0.08,0.2946656825338251,-0.04995694239134561,0.08,0.3031299630453483,0.041831527395570965,0.08,0.29964609921826174,-0.03979631037598294,0.08,0.2932512150356988,-0.003674665495336097,0.08,0.289020114325802,-0.05127907935959778,0.08,0.29902149229784875,-0.015697524927152533,0.08,0.31772691660899915,0.0020206697596559238,0.08,0.3046957889689839,-0.002381722869921188,0.08,0.30093733303173853,-0.033045985767242866,0.08,0.2895983369477871,0.021772294026387043,0.08,0.30209461969730195,-0.007970138357650274,0.3048617124146587,0.3050586190984059,0.03981789265888414,0.30163066343885575,0.28937492424489697,-0.0023139296583133528,0.30607565627121375,0.309956590114287,-0.03230063744255759,0.30253706719491813,0.29102745072501884,-0.011332638492388844,0.30845839624243393,0.307462485394319,-0.013563049223951178,0.29842157978959916,0.29463918204879147,0.05783405979913535,0.3027835816644536,0.2916051840872721,0.026443342924422523,1
0.313574613656833,0.31791670710523534,0.04175987365020189,0.3070771488286613,0.2965014825622187,-0.00405233535208639,0.29707924698393456,0.2959624463282097,0.024798736145771813,0.30000720906935974,0.30971421864816207,0.013530331095619796,0.2890134503687792,0.28282823330137713,-0.0247332593337013,0.2957329363226921,0.30134328100267876,-0.01296600654688769,0.307030651467411,0.2947231480558304,0.005139148763678889,0.30117581680661887,0.31734433091787384,-0.019504818502005458,0.08,0.32208419091154705,-0.011886997054792093,0.08,0.2865994310963919,-0.0043382998085307566,0.08,0.33240139148636805,0.017904104700372497,0.08,0.3060296410344126,0.01590373723283041,0.08,0.29230406535497694,0.006520887527317184,0.08,0.30002502300317124,0.036181334972888196,0.08,0.29891312283413346,-0.0075655308915481695,0.08,0.2883520060263088,0.002800289737512304,0.08,0.30292951833518833,-0.024031763762810354,0.08,0.30453163604060574,0.00466359047589717,0.08,0.3101344575988376,0.02424736235803807,0.08,0.3009427929361428,-0.020727297682641914,0.08,0.29169378419455355,0.03524255326158182,0.08,0.3016548939312256,0.03492307559102115,0.08,0.3049860481848723,0.015074712743568967,0.30938723616238156,0.28776861185590574,0.006139015002250523,0.28763001098637936,0.29715087652122535,0.012803392722461006,0.28974666109467545,0.3055933732452767,-0.029967379709316715,0.3114331982396157,0.2933556281789465,-0.020542348484375673,0.28564644084008917,0.2942064616716234,-0.038152236139135993,0.2945160086089167,0.3109948702533308,-0.0037742319947966785,0.28822481384093357,0.3022626331656881,0.002757915517498134,1
0.31956609962585714,0.30790721018540407,0.0061119625434569,0.30905066548359544,0.29865618931819937,-0.001508263618123989,0.31658940303431565,0.2836442097318375,0.019358910262818788,0.2988920852431222,0.2970851057874665,-0.011057918673874255,0.30153674020564186,0.29956470533495333,-0.008294047734539343,0.29297342254883346,0.2809466954754906,-0.014476074887033404,0.2948770485373903,0.3015123107216684,0.03926171769363009,0.2938404380648658,0.2897626914625283,-0.014289921826061957,0.08,0.30153344767602114,0.011772709195925452,0.08,0.3072834521306954,0.016554159964685324,0.08,0.30969230587611973,-0.005577672749463395,0.08,0.3205314018374121,-0.007095370423175283,0.08,0.3010934057634091,0.025916541435453837,0.08,0.30566425027987765,-0.04481693488045477,0.08,0.3000563583029685,0.01723929512172973,0.08,0.2865652972047044,0.015013855902579731,0.08,0.30390153940013453,0.023678409677027463,0.08,0.2930806867766136,0.0199178683117849,0.08,0.3015960824740083,0.035321006081045755,0.08,0.3278604993781332,0.03076660878105105,0.08,0.30480518678108226,0.0464200799212361,0.08,0.3060347804166798,-0.018158914270452325,0.08,0.29960726693048423,0.015233443725900036,0.3082595415562006,0.2887473511019234,-0.021870645729193453,0.2965869015379015,0.3053454361345619,0.013251250997598387,0.3014130512410481,0.2916557126648235,0.03473885886038605,0.2892794193815696,0.3130234074485376,0.01477646566900731,0.3128033230387173,0.2955556670707708,-0.0028530839617840835,0.3005504255728104,0.29523602239398483,0.004505169069901969,0.3157908945607121,0.28703166152832027,-0.013144234164221802,1
0.2923425468129374,0.2990558173786395,-0.0027105253795774178,0.3077231458444071,0.3003372310292137,0.006057665534386048,0.30398448045512,0.3024540406120581,0.014066261229151838,0.29877676617867255,0.31646368396075,0.05083239693437585,0.3070623097476707,0.3022799116370906,0.012491646186344876,0.28898966914116353,0.3018010546746541,-0.014626492138972172,0.3050997691724033,0.2927364069202285,-0.0068955489071779235,0.2812802909447695,0.2882675431005233,0.007097476058720932,0.08,0.2913115392168157,0.021275479675711532,0.08,0.29046110911586687,0.009065090025715419,0.08,0.2923812437102824,0.007709395500670519,0.08,0.2846521267090486,-0.009063659512591164,0.08,0.29153786714712265,0.0176646515061796,0.08,0.30462262464454204,-0.024651521092309645,0.08,0.2979681926337912,-0.01544635685445669,0.08,0.3095025719386854,0.025430482953078776,0.08,0.2855835485348919,0.016534059487629614,0.08,0.29176703930742287,-0.005058335454386383,0.08,0.30032254229060956,0.036332123271109455,0.08,0.2899615027296911,0.016694994452866044,0.08,0.28828495591830383,-0.02481187169681469,0.08,0.3002846344841915,0.0004345898197944553,0.08,0.2716768168153075,0.02319192578750995,0.27860885875569147,0.29854062563886696,0.02655230903210611,0.32209183966688676,0.2963695013631142,-0.028658981672341755,0.31290548225767956,0.3086515655012026,-0.009779845791569505,0.2938426254179079,0.2928260783634057,-0.006891730714692669,0.3031606814240163,0.29433985417263225,-0.00879160551124481,0.3064127901941057,0.28517585858941125,-0.007518714398271587,0.28324058980900896,0.301084124733529,-0.038788108162837495,1
0.3089001012682643,0.2868536260420799,-0.035451571307229084,0.29636386704098383,0.3171110729167705,0.014223849068431514,0.28077685894546034,0.2865687473235546,-0.007912007464914144,0.3223835316177086,0.2906104585203113,-0.01861770487406389,0.3152742938688018,0.3019490720526237,0.021060000545974823,0.29272900459824036,0.29898364152270945,0.026312637243764894,0.29855159123264197,0.3112305319752646,0.007745346008690604,0.2896037092158108,0.29983682787653976,0.019627679845500668,0.08,0.3066941619118688,-0.0008050579684165646,0.08,0.281082856110285,-0.03591982962819432,0.08,0.28416694410372884,-0.010208844135331019,0.08,0.2962288212630655,-0.02950822802188046,0.08,0.31022512793696017,-0.025275381544410846,0.08,0.2862944095793299,0.001764715077718973,0.08,0.3097390511999323,0.041097092396263336,0.08,0.30582545054503174,0.03159659437447239,0.08,0.28787943348273437,0.04319478521321999,0.08,0.2813851554944451,-0.010076785077753612,0.08,0.30560652519578774,-0.03210434031391887,0.08,0.29072949908074663,-0.021718450585792685,0.08,0.29689778992750265,0.02843165713345348,0.08,0.3001682506628781,-0.009261278884680353,0.08,0.27115675632821795,0.009335104096771582,0.3079001540897818,0.28299980232189786,-0.0013394471944504337,0.30193008190332044,0.30964601757303695,-0.01449536916490948,0.291246396389152,0.2954350270153164,0.02568874105554768,0.3104384544217267,0.29978654697827584,0.020395530543765764,0.2763130879314784,0.3079165420609352,-0.022375323256276933,0.3176702449439586,0.2893575528806677,-0.017055243304672892,0.3056242373013118,0.30658954134781036,-0.008926641575343699,1
0.3037140403442303,0.3049537981532849,0.007862293121160682,0.295954450824416,0.3050521102408569,0.028127408100329876,0.2877451152078117,0.2915993996445819,0.0005451126472115872,0.28943775959331963,0.2819659626577274,0.02186245951763913,0.2777121173397375,0.29597617302475665,0.015178886395173414,0.3026669978950207,0.29612750634021046,-0.021948791530699185,0.30343867813147934,0.29011605561533127,0.005318651726365246,0.30140917648234755,0.30151032909055137,-0.012806375183588313,0.08,0.3203500910933479,0.007164132677407496,0.08,0.29721291075780354,0.005285411461236087,0.08,0.29225538356075687,-0.007726089969558127,0.08,0.3239191993211952,-0.015347616128846171,0.08,0.2992222729973558,-0.00912209699499532,0.08,0.2896036605717522,0.008421699804396124,0.08,0.30036472176654205,0.01822054617999855,0.08,0.3081057792033,0.018014154380839916,0.08,0.29081796627149004,0.01281921598406192,0.08,0.3066527150629009,-0.02042125996413712,0.08,0.2968138375777276,-0.029122241929579365,0.08,0.30669622632380283,0.013300449388879473,0.08,0.31430362799118355,-0.004575970156286912,0.08,0.30451469586563795,0.01975470202050617,0.08,0.2924610847144531,-0.018119302826353986,0.29277114798923837,0.2965070453179478,-0.017411087112923065,0.29320172290038776,0.30880915169033246,-0.0019269326298858528,0.30306698373659435,0.2944928321188142,-0.012327308583646803,0.30285555889540394,0.30126062328003406,0.015559733566161383,0.3130159299800399,0.29308587795723595,0.01722369075527562,0.28920193832306834,0.32073778682803283,-0.015726081062766576,0.3069063056975676,0.28912759661255333,-0.0030418177229359724,1
0.31545733142153515,0.2918229584801393,0.04408372335772445,0.29994724402890954,0.30975712537982664,0.008058891470072063,0.30457040065596364,0.2857388628285689,-0.009457055859560923,0.31195976462483704,0.2965567879823,0.0027766416543562665,0.28452577871630846,0.29462423058999254,0.02246078595262931,0.2871737056807306,0.30717079036996164,0.0035555627716997115,0.29764044513976823,0.2972007545767799,-0.00982059396155975,0.29598029027943035,0.3092974022481116,-0.008640876284895486,0.08,0.3180759032219231,0.005990650060864239,0.08,0.2942373807097173,0.019467319049712287,0.08,0.30623895943076573,-0.033083528804553175,0.08,0.28965528642982463,-0.002308406024048249,0.08,0.284163920655798,0.041810598039432254,0.08,0.3082223218203934,-0.00026665694072923777,0.08,0.29657293446386734,-0.011993273087179979,0.08,0.2803596784202909,-0.03465747303291259,0.08,0.31901120731267607,0.0314719927846517,0.08,0.2942422224507596,0.018159983123649148,0.08,0.3050642077499703,0.012485759132976839,0.08,0.2857482223549929,-0.0361635584506032,0.08,0.3118259435906989,-0.0395859660607366,0.08,0.29851806458617486,-0.007354046524355742,0.08,0.2953984903832359,0.006289016445813137,0.2932240757022155,0.30395735462465046,0.0028231082938238988,0.32098732354050424,0.28614590608181867,0.0005853796780965339,0.3043134509987776,0.297435974444677,-0.026741502157756766,0.31257102780655194,0.3033693433014405,-0.02533793425853188,0.3043866796255826,0.31701566070052856,-0.0007263186683184002,0.29997787330529435,0.31568005031043317,-0.019407679635025068,0.3172755204262068,0.30972911070368236,-0.018484379279600307,1
0.29331731000155886,0.29475187166317707,-0.036671284279741805,0.3026047174907088,0.29121052996752145,0.005931026428626108,0.28709056749674783,0.309230132368945,0.014752518602610048,0.2929412098593978,0.3035964915788211,0.001658411186191598,0.3148229948615291,0.28967521032105126,-0.003045959569882935,0.29359316363292226,0.30044818197100165,0.010665472055671867,0.2934819262192629,0.2963589377861079,0.019320815961147254,0.31357324661926445,0.3049351603520288,-0.0027592619748631805,0.08,0.2976690307896285,0.010962526574545804,0.08,0.3022776700140487,-0.03297951675782606,0.08,0.305723852323079,-0.017211395788451243,0.08,0.2858306359152435,-0.03336689776217452,0.08,0.2978389562881668,-0.020330487243652048,0.08,0.276736384402608,-0.0071691101367362155,0.08,0.2950942916511413,-0.002998022293167601,0.08,0.2937110204595762,0.036586593270545566,0.08,0.3051733729468364,-0.009992266472429547,0.08,0.2993637316255264,0.028292853349906957,0.08,0.3095662281173549,-0.02792423628750065,0.08,0.2902570943917337,-0.01563693748046681,0.08,0.2956030004906419,-0.011908464057520846,0.08,0.30034009254861077,0.014714426220377757,0.08,0.30902660289382483,-0.006535946857985814,0.283653064812456,0.2895959005812826,-0.010395495792600604,0.2875496554074864,0.31140858986701614,-0.02359082117161456,0.30617063044735204,0.28318119644977463,0.013144022025921074,0.29860731293332415,0.3151253070230255,-0.0226312521309266,0.29435885199388406,0.29629567398589557,-0.0030500014030062405,0.29654019169097506,0.2967332143409101,-0.006861250867713259,0.27928820117419534,0.30993334501607767,0.05722273135267369,1
0.3029827110460099,0.2886424915214171,-0.020690772616965742,0.3061317400189157,0.3038546947584824,-0.005685802211066768,0.30753404370879184,0.27936114953245506,0.015081242544622476,0.3023776116459489,0.2900405200921677,-0.02866647856761369,0.30121327282745625,0.3140723813676776,-0.004561864639940684,0.2914731498376716,0.3019128826013625,0.03641743620246948,0.30431299813063717,0.3053940198820941,0.02445597271941112,0.3047255739938382,0.2921903029283984,-0.034891299037960725,0.2907834688022174,0.08,-0.022094526101953497,0.30659308119511325,0.08,0.015966961026982158,0.3017557206171549,0.08,-0.025373839536863462,0.31786597023926694,0.08,-0.00832420427679177,0.30603481010301536,0.08,0.0009864967339911841,0.30208663483249915,0.08,0.011363680066807956,0.29303979838399047,0.08,0.026108048525303323,0.28420494582912725,0.08,-0.02077112612071769,0.31292429374337083,0.08,0.011800095222089425,0.3254039109768143,0.08,0.0013670088730626069,0.31700429296459093,0.08,-0.03714957565326807,0.28586485026802805,0.08,0.017910510748339478,0.28259632174385513,0.08,-0.0039473521401897855,0.31167209083647157,0.08,0.010023425289773364,0.3001109522031958,0.08,-0.008982149376586304,0.30202225874591965,0.30577248372375526,-0.013217886739723659,0.3037173602801205,0.3107843074419871,-0.004449562665997166,0.3006812285014065,0.3048377883400278,0.011026684321794879,0.3087845357299844,0.2898562504401805,-0.010578450047706205,0.29508121307950347,0.2909608783483732,-0.035968278427156296,0.26745521058702293,0.3119545271175298,-0.031077860088950856,0.31566509126705905,0.3073940948861646,-0.008113767596125065,2
0.30616422104814733,0.3042513324671372,-0.022035487258795478,0.29985022226370367,0.2902016122745851,0.013082560043421844,0.2928477904820061,0.29903370463803325,-0.002795978380214992,0.30121579000539384,0.3166255508111402,-0.004819211657118364,0.31217927141974516,0.30479996994335035,0.028368050920731653,0.2966156421518518,0.3069613624196957,-0.0011853604520068218,0.2701060697883679,0.2891015641497952,0.011647538919055034,0.30516264916279995,0.2870502261136508,0.004407350976760073,0.305032602265255,0.08,-0.0006933113947521337,0.30728818637659633,0.08,0.011851106158575375,0.2996485642059529,0.08,-0.010216496377282372,0.3104254159209251,0.08,0.009263241957576426,0.28618567347469703,0.08,0.00441795312162775,0.28848975290542267,0.08,-0.019291358648583504,0.2934808996461436,0.08,0.0008974647131940396,0.30374485577591287,0.08,-0.008178837784825432,0.29634817383706263,0.08,-0.010064873106033623,0.31047513637087626,0.08,-0.05705887007199307,0.29691322590325214,0.08,0.030899695907647323,0.3051723005027739,0.08,0.025336944811342493,0.27965751140489076,0.08,-0.024844984629382453,0.30514048140686467,0.08,0.03101261186515336,0.2885876378315527,0.08,-0.00775523565413045,0.30401464141866996,0.285475016029123,0.010433825191619662,0.2732431535096376,0.30492239464464854,-0.019901699357756854,0.29552402809483586,0.30651883947936964,0.008945043109845017,0.29992018795648295,0.30969040551635346,-0.034003520252376476,0.30204414371501415,0.2920982986914152,0.018360629373599724,0.3068706706963612,0.30723348218864005,0.03290763665414269,0.3112634753243498,0.2984257866622659,-2.535706974993873e-05,2
0.30600938380711723,0.3013617467474783,0.014103466438194354,0.2776967957522697,0.31880803518793316,0.0012205716711264172,0.2837753466910744,0.2908620664841648,-0.04258654102338445,0.28909764919814246,0.29857751571360214,0.03029429224988806,0.304106745854198,0.30232860611964574,-0.022702090424314238,0.2917551469434649,0.29253072306627803,-0.014122572243722107,0.29648463123751395,0.2972398893828352,-0.006781567472536963,0.29328675769731516,0.30135053165812226,-0.0062882956673354995,0.2840443275377777,0.08,0.0006876364451587023,0.2988323600221842,0.08,-0.03159254905110352,0.2940869855330346,0.08,0.011941451220227174,0.28863550061339294,0.08,-0.024843581394569873,0.2967511637800826,0.08,0.012458645396239282,0.3181032759072269,0.08,0.013178707097073677,0.31084827740156107,0.08,0.0069339525700332725,0.2931488402035727,0.08,0.01303422153193825,0.2991439195107188,0.08,0.007540676756560261,0.29053970173649035,0.08,0.00932891601679612,0.29879491803234104,0.08,0.004625154943681673,0.29914926825174865,0.08,-0.005544062306833656,0.30484690779618406,0.08,-0.008121822577831275,0.2841131186962241,0.08,-0.03747940151364891,0.30184416569426975,0.08,-0.00894435629457712,0.28270900822567946,0.3010653496705378,-0.0018774910994671862,0.2950038640677727,0.3024680931818085,0.02630188020215608,0.3128459071868514,0.30143764643108584,-0.0016942086572570706,0.3015773520761168,0.30309006932774346,-0.005365963541161104,0.301745430599531,0.28426370428958203,0.0016269776669352873,0.30476813595024604,0.2951015805799359,-0.0019094528857219737,0.28888494619298877,0.2874968641704069,0.004216301559183818,2
0.2927043698426238,0.28223174338423973,-0.022235565982688842,0.2903362090620793,0.3077458049773174,0.003582280227369348,0.291283978018427,0.2941223409502884,0.026241688322144522,0.3093610243519695,0.2888193957201817,0.023270517192526527,0.29919371191550187,0.30799611626056245,-0.003266159100030138,0.31185829198742177,0.288403793884602,-0.005109008627630318,0.31216459777899114,0.2760739185180274,-0.0009212280824893078,0.2960645368012681,0.3068466123054374,0.021398268708219436,0.30730283819306964,0.08,0.004820005067944913,0.3004056454809536,0.08,-0.006854212429597958,0.3020997262152463,0.08,0.02919309659171019,0.2916948770172246,0.08,-0.008041629502481473,0.2992449002743319,0.08,0.02001865358391337,0.30223302339552205,0.08,0.019669637910903814,0.310341099905036,0.08,0.011840736516399608,0.2893600638343444,0.08,0.033221878237934294,0.314123806710927,0.08,0.001270801010046734,0.28618229757516445,0.08,-0.031209963157487138,0.30254315626553707,0.08,-0.01403500884261572,0.2828281086663962,0.08,-0.031587313987260036,0.2953001742666999,0.08,0.003898591476219564,0.31405713051015827,0.08,0.00968441548693684,0.29618595469528586,0.08,0.007598991153455985,0.30290567585588657,0.3073954520719594,-0.0007988422716772859,0.31036197751012107,0.3082445180022748,0.0016540000727714064,0.2988077564373409,0.3091974847899043,-0.014269486362140774,0.28493387170856604,0.28487702008316,-0.015927489501790182,0.3065965229877725,0.29577201145390136,0.004090320056224519,0.2950470392911893,0.29512642634016034,-0.020509273490223072,0.2990810437458431,0.29824836264221044,0.008253300463636435,2
0.30287697607011715,0.29802852619041587,-0.03012177690120351,0.31070579467578274,0.2991495566096198,0.0015928537978779354,0.3160049506581106,0.30908222126595947,0.00892898397633461,0.2999769421262917,0.29988354451165844,0.004802289954437244,0.3040690672585663,0.31711401755784135,0.049465321655256224,0.30290260805403546,0.2784672392795637,-0.0190348894658344,0.31811496881871765,0.30718652628255744,0.00852092974489992,0.2983316208859524,0.28810977940774013,0.033555795094910044,0.2917678974852591,0.08,0.014586236330765572,0.28699298230245857,0.08,-0.004306973696565529,0.30992957130452964,0.08,-0.004993883449335877,0.2963155012463397,0.08,0.00021272536697362305,0.2866399710756507,0.08,-0.030482938140920304,0.3071423648269393,0.08,-0.008444198512355994,0.30706484760581454,0.08,0.02236366034301416,0.31198642608995464,0.08,-0.03242016569152678,0.293021707117461,0.08,0.01075170614087611,0.3055300167190365,0.08,0.044988751683925805,0.2909238646676692,0.08,0.023363368029081958,0.3037227461003854,0.08,-0.0328047173332694,0.29452184763273404,0.08,0.0052505602464665,0.2829563329170373,0.08,-0.04147812009943293,0.28238757421363353,0.08,0.00518267310168678,0.2951533274126656,0.2938004430268638,-0.011712436703314557,0.28575877588342063,0.2954359681715989,-0.03640796096143671,0.31187641139358907,0.31692329720677215,-0.046521274267783436,0.29530870340675913,0.295959885693652,-0.0034896901323405016,0.310015304243744,0.29533789217806067,-0.001765029254625745,0.32979054963801385,0.2988870709239469,0.03532479720598812,0.3050198765738883,0.29446291006924147,-0.014414679743508614,2
0.2999272740500029,0.2887352687525344,-0.017277319327914004,0.29576939398974217,0.30293343541927226,0.03651994423482093,0.29515045573201737,0.3046151804637811,-0.032557956931641034,0.3106028864088732,0.2827831742507304,0.01596772944202869,0.29919075046718197,0.2987934705726021,-0.006005294358376619,0.286987473756079,0.28751729490131195,0.01673040312077964,0.30011936780181386,0.29692443264818735,0.008867959012721135,0.3010131028322125,0.2920706845006012,0.04921992451685163,0.30740756378503103,0.08,0.0025413714671911098,0.2948638869778606,0.08,0.01905519378388381,0.292124321302739,0.08,-0.017435494819385264,0.3169332563574038,0.08,0.0006135035214141821,0.29236650813284887,0.08,0.00011371396079354587,0.30850186553848374,0.08,0.01242508907910385,0.3097426226308645,0.08,-0.024991118054789607,0.30949149161674844,0.08,-0.0035811755210229286,0.30089100766703875,0.08,0.02418988987289558,0.30702725673271286,0.08,0.007021049619093576,0.28016003316853044,0.08,-0.0009100371076057306,0.292153246124295,0.08,0.01422090608794726,0.3099095818703566,0.08,-0.006040620455655264,0.2933295852421131,0.08,0.03112601591031866,0.29396852432986303,0.08,-0.02389075014072504,0.29167328846981055,0.2944500061188579,-0.017227261058990966,0.3084539138327807,0.27802086554425987,-0.017651208228910583,0.29952502554545135,0.3021024622000229,0.03383669675049167,0.31545237712763685,0.28399262844055456,-0.038160958811391595,0.30024971262371,0.2932681476353691,-0.02384052683966371,0.3001612089746065,0.3023069731833443,-0.01677936879288355,0.29375915254962504,0.29237958472612346,-0.00822982482442561,2
0.30541444099389736,0.28922094138848414,-0.01281369986995202,0.296007178569145,0.2999324759484486,0.005519689858249446,0.3204225784051079,0.3057212571760839,0.011918626940783328,0.2973338698672046,0.29020134204302567,-0.010564280296995647,0.29289667509785106,0.30392230675554566,-0.03302562847247466,0.30592533719587245,0.29882760410563974,0.014666964653780763,0.2927609181084573,0.2909863028515775,-0.008133374380768874,0.2956935074724617,0.3080634841107493,0.01593609666114131,0.31905023083535416,0.08,-0.009909842890357927,0.26652449403512407,0.08,-0.008188451460616357,0.30230657925208354,0.08,0.014290613821043376,0.3030360427128372,0.08,-0.009925550661793982,0.31714164357415553,0.08,-0.02067471601124453,0.2972535515143816,0.08,-0.02159819681721616,0.3001957676209017,0.08,0.031780115175457396,0.2985907407610119,0.08,-0.002695997041869583,0.2830403799162274,0.08,-0.005739843715819977,0.3115048705003335,0.08,-0.00500472331314149,0.2968220978608769,0.08,0.022114291516865864,0.29686435887029433,0.08,0.025841072644542457,0.28715360404612256,0.08,0.013557079496820603,0.31646329207695456,0.08,0.020157137949098267,0.28132726448364725,0.08,-0.012766064828617677,0.29758048475342214,0.3100995549670708,-0.026632362324228716,0.2898106332960735,0.2839484856982001,-0.01651600500175628,0.28748393343027684,0.31597905860196407,-0.012947545412959324,0.30690925292130006,0.30017969507218867,7.922561849175201e-05,0.2940855618046056,0.30770022487130705,0.00308688465284682,0.30096743912939045,0.29406579389822074,-0.008595518523060414,0.30588911117575424,0.302300556115455,0.0024694462901708007,2
0.29245957508332454,0.31944107703525493,-0.009594134791156467,0.29969747338274577,0.29812966371125277,0.03909422394522576,0.29709185387292414,0.29617658059024343,0.0023662229623333886,0.29306459110537814,0.3011159971690151,0.04743207160335539,0.3029969555555109,0.3026324592172658,-0.014358097858184241,0.31709207154352964,0.31939032700797976,0.01705360751654022,0.30653833223062377,0.29765234648561184,0.007826751616892448,0.2916484239513749,0.28873886024221257,-0.02974719833451486,0.304106739732748,0.08,-0.027567489446413764,0.2950036459688752,0.08,-0.001224587504039541,0.3099529039952203,0.08,-0.011564403332418398,0.31113272312739393,0.08,0.018783178262883633,0.28928691672329027,0.08,0.022456509877705505,0.29716418877858464,0.08,-0.009979022474518363,0.29720646724586675,0.08,-7.011453517348365e-05,0.2958495539956236,0.08,-0.01679383320722495,0.29248744406305327,0.08,0.0027788561940803136,0.2983953644818295,0.08,0.01054619386799127,0.3005236289720326,0.08,0.0015402799196751694,0.3059281223483429,0.08,0.028378361438253685,0.3145902234829189,0.08,0.02680812840228436,0.30870449169741304,0.08,0.04170821244184298,0.3043782376624357,0.08,0.006510916306441438,0.3224392127550305,0.27274031149900524,-0.004277929772886369,0.3125249572915,0.3098026295272168,0.05131303149671261,0.30107485718331417,0.29569182397611804,-0.006641694933483908,0.30318068162861245,0.3162164759595132,0.032682820177709834,0.2994398532816633,0.3025300848667779,-0.012232031584057284,0.29492784452394455,0.31046257213437173,0.03204422777463352,0.29302716319530187,0.3024295635213135,-0.00486156112158416,2
0.30863871659552006,0.29611483977643543,-0.03852909878919097,0.31003690711112003,0.2969651637014326,-0.003988874317761103,0.30435587916691836,0.3035283364315262,0.009122433175047781,0.28370266834753805,0.3055630901203649,-0.03818112700702269,0.3076956514378101,0.3111838128211058,-0.02737040285450433,0.3032843299058155,0.3105717912961443,-0.008980072407430666,0.30673636365708623,0.27214594127274316,0.02196392236486822,0.30029994238693175,0.29742170623363967,0.019680829058089603,0.31729289675723976,0.08,0.009714316827079938,0.31608713883048895,0.08,-0.031065665050539596,0.30665948837834067,0.08,-0.0026400770570854447,0.29211780895283684,0.08,-0.03857362869725685,0.30611787049002664,0.08,0.017505801068330575,0.3134202275099325,0.08,0.023529808752700637,0.2922829031294163,0.08,0.025814110306242612,0.3139634750391184,0.08,-0.005199678505054105,0.30028428263711715,0.08,-0.01868308414099084,0.3148088629065333,0.08,-0.03023574291937872,0.3053497067236377,0.08,-0.011936583762314261,0.2889214718044349,0.08,-0.03749456561122816,0.2978459387202901,0.08,-0.025291702291958106,0.300564194532738,0.08,0.03538674646801249,0.30199507326438885,0.08,0.03994561004569298,0.29017726746521844,0.2871905920000065,-0.020540311764565566,0.29934899461244696,0.327229486877243,-0.033242294271028816,0.3061966311816242,0.2930003466395947,-0.004476061021019263,0.2874198008873366,0.3087913832403954,-0.0008785026591024374,0.31087453550694166,0.3017524519403256,-0.038632479543537504,0.3109654279597521,0.2798699936769032,-0.03739805365832825,0.29082797319868364,0.2909614445804766,0.02792042730762964,2
0.29828843613249634,0.3124738529197466,-0.01135834957171906,0.30317646369010637,0.30474042311512206,0.013921308341540985,0.2953507382558416,0.29622145111215104,-0.005962611585316876,0.28347587609703195,0.299160981367317,-0.007673685101525601,0.30580072894077553,0.3009130117105967,0.026727636069063757,0.3007008847520857,0.29437794303779735,0.0011539444433156824,0.30724167240877165,0.28226792592210953,-0.014304970376351816,0.29305823264114644,0.30410990202877497,0.010545730793838994,0.30101227727834895,0.08,-0.04957276238255846,0.2834808181680821,0.08,-0.004778636429142421,0.29498530576641524,0.08,0.00010740757672006185,0.29530601837564524,0.08,0.030632849322980743,0.2770605841515348,0.08,0.00605255263059629,0.3082801040616347,0.08,0.014030769167167991,0.30787272988001185,0.08,0.01862231816781869,0.29396020113392773,0.08,-0.022029675139539143,0.2796531832730533,0.08,-0.007252056673593904,0.29222466876045144,0.08,0.02323217627314275,0.2971244188984886,0.08,-0.020608114744551157,0.288114645460389,0.08,0.039776401075675885,0.2997791368500842,0.08,-0.015630089265478868,0.30124041807772023,0.08,0.03793778312330141,0.29610319357700443,0.08,0.013740214188963935,0.3118646103733032,0.2810857610815009,-0.012768248373390783,0.3106108662815886,0.29300696560897493,0.008292507985345669,0.2924151840087519,0.29554448096488073,-0.011347276112142127,0.30636670153695833,0.30201580114199594,0.0019771889002203964,0.3250749523785883,0.31739697407120065,-0.03962487241107561,0.2955659032678145,0.3242646367460699,-0.01149180061376084,0.32087745985875143,0.2957367318513174,-0.0046799514109312585,2
0.3086357135913581,0.29909792824992165,0.009892492791485725,0.31574948699307637,0.30758800933975766,0.002830642642993992,0.3167352684171759,0.308766874758751,-0.01467086326194696,0.31980075233444016,0.30642365592050175,-0.004273535377397233,0.2797918241541405,0.28622423619935333,0.03400269820799875,0.3173966525197045,0.30085284068733237,-0.035404883519509725,0.2891302474634939,0.28376231647950423,-0.03320222519827521,0.320268023689369,0.3205991790841447,-0.022416943071311396,0.299912650241024,0.08,-0.025695923198636055,0.2998476195349991,0.08,0.032786077667381924,0.31078719050803016,0.08,0.016173255309945744,0.2980582026273713,0.08,0.025239342319927287,0.3064666874658333,0.08,0.00807831162631439,0.29884590661800214,0.08,0.006367458790293324,0.30288251577869324,0.08,-0.010828632901485214,0.29225083466272733,0.08,-0.019938139206607804,0.2906713688820641,0.08,-0.0037620575109010308,0.2964731510100442,0.08,-0.012414674932051131,0.2930521852526483,0.08,0.00583760052232633,0.31377607447174305,0.08,-0.0002183136214689831,0.2992366919995923,0.08,-0.01869773385426739,0.2977693018820929,0.08,0.023806726812187377,0.31037461103508973,0.08,0.019359474885486706,0.3093586882921984,0.3043673255556483,0.00802414326965991,0.3024475032668477,0.29583114719947484,0.0016739879723101858,0.3021559968370587,0.3063316860331605,0.002005129740903189,0.3210516138097242,0.28790187802942085,0.015089513995413995,0.29958756293360944,0.3000214628212654,-0.01625151564621616,0.31019343267248684,0.30652841534321157,0.016672747936073835,0.3016924540481896,0.29675105185359774,-0.0013312309708891376,2
0.3043346565005564,0.27994423827080256,0.017458657351509154,0.32426192814683064,0.3048033504695348,-0.0056185324841554795,0.2983876474532073,0.3070754235093417,-0.005165773266302367,0.30868675271339174,0.29825859282869754,0.03428366933248674,0.3168659613602219,0.29669830332059055,-0.0016204767347759942,0.2997763113812166,0.2999103367423626,-0.018948580901213527,0.28912739315725644,0.31249757571547954,0.02179574028408334,0.3107252071417727,0.2993062163305967,0.03784023539979391,0.2997753102332543,0.08,0.017257523477994818,0.28611377985465014,0.08,-0.00459470662995701,0.2984417894442618,0.08,-0.001309750760432295,0.2867450103200431,0.08,0.01407761855648515,0.3102861031130338,0.08,-0.014877187782458312,0.28852658483678667,0.08,-0.01537883249787845,0.3049549866914018,0.08,-0.01193206709816709,0.2986593475036362,0.08,-0.021469214894053904,0.3197928640550146,0.08,0.001463972563255662,0.3114971532922663,0.08,0.009863396684776734,0.2995811994503493,0.08,-0.0018732464977855566,0.2927475632336221,0.08,-0.009009263017674508,0.2899219766840149,0.08,-0.022337319438658902,0.3208637541755135,0.08,0.005578247301638858,0.3146571724170406,0.08,-0.01588124514072044,0.28748396407535254,0.29022221789041147,-0.00844143770179392,0.3003649993182616,0.29849063383156005,-0.01546381936973257,0.3008771500931776,0.30175386124539944,0.014045528551031567,0.31470432303012535,0.29636106210491076,0.024309611872692642,0.3006593759342799,0.2847268101258222,0.03566541620791674,0.3227253644189969,0.3061909647805155,0.0017956992883826322,0.297285949398355,0.2953605203051559,0.024214025062950333,2
0.2998272676195183,0.31673939797244766,0.0006972483065833109,0.2958765330657659,0.29398699535488265,-0.014874321705889962,0.30514145826406047,0.28705506645141987,-0.016366749666725064,0.3132448262584107,0.2904545068917552,0.017254098439800337,0.27936988188499184,0.3145008704217575,-0.02540463678055093,0.2912360625652524,0.30680342577986325,0.005408162684160975,0.30894987436094806,0.28721737370742423,-0.005736108186670781,0.2938292179078956,0.28889811201847576,0.011917949170407319,0.30943051446606795,0.08,-0.006737324100810673,0.3152271129929617,0.08,-0.015714004417566853,0.3149846732413704,0.08,0.011244781195165317,0.2877643281452499,0.08,0.039630485341653386,0.2955552246680897,0.08,0.02410235479228901,0.3014564912192963,0.08,0.0074888244890366365,0.3090120678049231,0.08,0.01691702368938007,0.2965785343687654,0.08,0.0106333119187719,0.304565998486985,0.08,0.004271223993784907,0.2979668346617027,0.08,0.004231296663884959,0.3196754074619586,0.08,-0.005900547042283147,0.3120658741980421,0.08,-0.012392728478329286,0.2911868533767725,0.08,0.06552798690226,0.3054002419698924,0.08,0.011350269225792266,0.305952277718342,0.08,0.02814599413069177,0.30407810014617753,0.3081622187255719,-0.021171365565130454,0.3098392353724445,0.2976323944196246,0.013434849643837454,0.28284880045305305,0.30630179592365114,-0.044837927095496576,0.2972408452956382,0.2829444840910039,0.012660734525010523,0.30069269881175875,0.29229212596959725,0.02868816090069656,0.2910333350566662,0.2696880616750991,0.010272700677303044,0.2823340128058605,0.29134990356989154,-0.010346931458785565,2
0.2857600615030399,0.2950627241394178,-0.028105637745097792,0.30162383185133046,0.2877125474424781,0.0006029279756402916,0.3116200770427121,0.3078237277029216,-0.0016342138428315628,0.2901126268158018,0.3015917711592258,-0.01391438248934171,0.30201123458701523,0.28284714782547,0.016145221126712846,0.3003321656301315,0.3220851668000917,0.026121229236854525,0.3056618693642106,0.2987600702629243,-0.014592087274033314,0.30942409295034135,0.29770530208680285,0.023367292658966,0.30400823163735285,0.08,0.008159942544995271,0.3059452612696796,0.08,-0.018392538768751143,0.28977863756126376,0.08,-0.021134188967264492,0.3104749691487599,0.08,-0.018914431750369453,0.29178840291804664,0.08,0.010750342539462852,0.2974795087536514,0.08,-0.007595884841839117,0.2953344503117308,0.08,-0.04651263355682696,0.2903311847403598,0.08,0.023631262737641826,0.29460601898466027,0.08,-0.0380097941203548,0.28992005761131506,0.08,0.007197079295099919,0.30340034609205735,0.08,-0.005885612251226996,0.29310795952914964,0.08,-0.028043919715120873,0.3036818503641201,0.08,0.016757408353355787,0.31288880002051844,0.08,-0.022211747173800863,0.31365522980406185,0.08,-0.0011322417452891344,0.300265719634043,0.3089359204063146,-0.010819078069594657,0.2783619699865097,0.3070486154819576,0.006971414885901459,0.2963972315312302,0.3062253134393719,0.016538869209303916,0.28487993687938423,0.30022512974397725,-0.04555125213698169,0.2987630681048822,0.2962725775597131,0.009838180348544803,0.28926944770376073,0.2957851346414848,-0.06432114398514273,0.3055750382103384,0.29911600083205925,0.0017448287564121943,2
0.2850656926396527,0.30398062174853,0.03305499407028452,0.2981508728112381,0.3065008890808164,-0.017412420462517696,0.29923143809952946,0.28468659386041834,0.01576243609386925,0.301598405771654,0.28780713614173936,-0.01603724353676163,0.3006108617259831,0.30923865015964175,0.02959054407037036,0.2986587462095484,0.2863535132613062,0.004769302806475892,0.3178488239903235,0.28377251594677483,-0.019091912985778624,0.30610964344246644,0.30153599135254167,-0.010900394565296026,0.3022011387330145,0.08,0.019550904037086307,0.299016636578075,0.08,-0.0037201538858419275,0.30589024169925716,0.08,-0.0054102976380839265,0.31142523560878127,0.08,0.040534793569687026,0.29107058031870336,0.08,-0.025000510655680982,0.3037171923869004,0.08,-0.025710090460558048,0.2869742252104646,0.08,-0.04098411540647683,0.29617747752428125,0.08,-0.0006598060565450001,0.29482637010857765,0.08,0.027806663670643425,0.31315887267046116,0.08,0.03857687928043513,0.3004652846593371,0.08,0.023676381170215532,0.30308852648787155,0.08,0.004167646250392421,0.29532613924704537,0.08,-0.04526293581510288,0.3063729145501399,0.08,0.02308272473056047,0.2847438207170175,0.08,-0.00019397324365216643,0.3099164716841457,0.2964050122335458,0.02386207346664536,0.2985971696664263,0.2947484146930174,0.025005738258824666,0.290662462638599,0.2927509596817521,-0.017910917694346124,0.28857404730512737,0.3015303391737439,-0.010258692035570057,0.30488613096416456,0.28265359664468476,-0.022450961810088325,0.3005157908952637,0.31469680597203714,0.007570042978350412,0.29410609405149557,0.285104686466197,-0.012956920968121876,2
0.2995751587745718,0.2764230810595691,-0.024267401404958297,0.29262444035353025,0.2974259139281504,-0.0010867295949740915,0.29389132221792863,0.30505873182202914,0.0024941380606092996,0.2962993671549482,0.3064377538093793,0.011238812330202666,0.2854620144925373,0.29967972430841355,0.017805210629344016,0.31057489279302175,0.30370908790635287,-0.004665771234927867,0.3042131979423244,0.30807773431291785,0.0023166389801912886,0.3022860414557842,0.2975019684566468,-0.026735704021673596,0.2982563587974784,0.08,-0.01354227891761068,0.2932607862233696,0.08,0.02867668978320313,0.309515573777305,0.08,-0.03386998181670146,0.2891512122372366,0.08,-0.007271240891051368,0.29359367769864037,0.08,0.006348365470075826,0.28756414922192797,0.08,0.019170639225972303,0.2995599445505817,0.08,-0.006810240894223539,0.2998568055728423,0.08,-0.008350161470300632,0.27969357429273894,0.08,0.00023851961542952453,0.2967925361136544,0.08,-0.01908914025305506,0.3109742983141658,0.08,0.01338876026786454,0.3243885670657925,0.08,0.016696570023849066,0.2935656493296972,0.08,-0.018115787572035743,0.29505694398713644,0.08,-0.013332572313572905,0.30108783363853964,0.08,-0.030775947543179995,0.3064728656404603,0.30091196369371426,0.010649286155773907,0.28855853522972474,0.30246688770336055,0.02598353161739272,0.2913949274889978,0.2911214429252279,0.014239149334345303,0.29030948948462415,0.2976671601684273,0.0295146535798469,0.29126331108077375,0.31544442098874265,-0.0067156348390826175,0.2887879867316115,0.30603704155122624,0.0021549626925213483,0.3001318026088669,0.29231281739481635,0.0020090590090422935,2
0.2793236944591165,0.3021876473678477,0.025944984003721073,0.28234571302474293,0.29593224783706107,-0.017492796282961087,0.2848894596608713,0.27947125579650767,-0.023616718339842708,0.2975762338461359,0.31149137048468534,-0.03045429019581011,0.30294392759136207,0.30219641586617013,0.0334392592014655,0.30571031464397147,0.3062859949303038,0.013986007994358007,0.29075767984680806,0.2942717747641956,0.022337363245414764,0.2794920014400585,0.2931768892779287,-0.026616185237239992,0.3023424404203927,0.08,-0.008432171706222392,0.3062597047498872,0.08,-0.002179903214227629,0.2845390767969633,0.08,-0.029997352785250342,0.29993951481360914,0.08,-0.015422699344672558,0.2946736614722265,0.08,0.018768308435782286,0.30759032676867215,0.08,0.03595467681154716,0.29683664455259934,0.08,-0.01282293268905732,0.3041818896442891,0.08,-0.011215889384799503,0.29471938886974264,0.08,-0.004042031878636725,0.3165274895581688,0.08,0.014079316102572532,0.3080882040227785,0.08,0.03215708673616493,0.30902532960075324,0.08,-0.022628112202700747,0.3088738236414113,0.08,0.02028509714230515,0.30651864852693095,0.08,-0.003908837475857687,0.3054633170600175,0.08,-0.00040479442595292786,0.2902191162375155,0.2927036635466484,0.014074456377985638,0.29094179820577154,0.29188446456523737,0.015067689199693849,0.301337890628651,0.3057719331718773,-0.024580358731063713,0.3054942950743576,0.2933997185108926,-0.0203376797109569,0.294946551077997,0.31362064956927477,-0.007289082698978833,0.32201390712287936,0.2793782189525185,-0.030925558379628248,0.3132418523714556,0.31575604559155734,-0.017269144743767867,2
0.3006889361672285,0.30712189918503274,-0.0045875137472951,0.3014986709138778,0.3001093301324319,-0.029628939593055823,0.2965533871403798,0.30012365095136534,0.002062436682161122,0.2826949389138091,0.3075369389955401,0.002589873057921895,0.2894461377865826,0.3179906423402365,-0.006931691632376383,0.2971835261774507,0.30641709245191323,0.03768002275139715,0.3068103959604452,0.3082610983669387,-0.020032437309807957,0.3008695970203717,0.29467738273828425,0.014082596960985516,0.30796965795509923,0.08,0.03266459033039882,0.27841658083110865,0.08,-0.012611563246326401,0.3130024894425204,0.08,-0.028030596938650367,0.3080565103289367,0.08,0.02268001001629499,0.2997166015463354,0.08,-0.02842929374313051,0.2987848032179976,0.08,0.029173626749174467,0.3153901737525541,0.08,0.004157607535553814,0.2902276231128524,0.08,0.03476794388098822,0.3082092287910971,0.08,-0.018230199373537436,0.3034251897114051,0.08,0.005934969619563163,0.2936320489845044,0.08,0.006962136294294216,0.3110618683812388,0.08,-0.005924983975284792,0.31208269091588053,0.08,-0.035107091386403284,0.32218266993120864,0.08,0.0011470253995936334,0.3107302099480362,0.08,0.004372229730694111,0.29176477383143024,0.2996362337634049,-0.03818942035802514,0.3068838693071281,0.3019376457864482,-0.0038311431693648936,0.30752699571075637,0.3003752326159319,0.012136597445651492,0.30962316578880145,0.294507718605046,-0.0167082056478365,0.2827743992524753,0.3012256079882786,0.009041945769013755,0.28676384601510957,0.3142037984802835,-0.01644670942705448,0.27896499908274497,0.3149482289989233,-0.039460299999696795,2
0.3096417877338342,0.3072111952087585,0.006391082024397541,0.29477225051783434,0.30502797294525574,0.020969697474091015,0.29014189503524523,0.30976373672979485,0.01861749023874488,0.3029305109092155,0.2946202512191889,0.018709147296975516,0.3050831295616252,0.28984040336805433,-0.0073471161753649586,0.308190549384207,0.30114580617100845,0.021719657888906507,0.29658353304351603,0.290001047077519,0.043872052312201426,0.28319104917253507,0.29500160402598335,0.005594960013999688,0.3098608389147771,0.08,0.01292898737084522,0.32311259004942877,0.08,-0.0023519690531626316,0.2912701673864947,0.08,-0.004393920484328989,0.29680023470648975,0.08,-0.0013659029458027892,0.2901751187710072,0.08,0.015681120765007137,0.3037083020933621,0.08,-0.025277616581482223,0.3096802507587058,0.08,-0.0162296307396901,0.2881718449769571,0.08,0.001746574078432981,0.2824215655060069,0.08,0.01179006099754496,0.27161159669216806,0.08,-0.020587253799772755,0.3157513732108791,0.08,-0.013733184183466368,0.294884147947937,0.08,0.025473301082608757,0.2920713639492768,0.08,0.01526876362778953,0.3117418816505932,0.08,0.009570606282998068,0.2855510267703574,0.08,-0.012079717184317527,0.32713619777528996,0.2950947634746843,0.05972658751152857,0.3170896405202989,0.3051906953937222,0.005944685449950325,0.29535176644872896,0.2991108740909654,-0.013774483130485467,0.29936373596180393,0.2863780510861735,-0.028315420261116477,0.3130101566265471,0.2838769026402058,0.01772276306988263,0.2810561780407409,0.3062963760302559,-0.004151686902860797,0.313213162028034,0.29668005541119924,-0.04019080110342934,2
0.2981196371411333,0.30159660565547924,-0.002639552840635784,0.3057510782098977,0.29435611901294273,-0.025268063250912128,0.29000351115685774,0.2948423265547046,-0.010486972324967076,0.3240612235800327,0.31255105416583084,0.01373418408697131,0.3044601251072854,0.30299772235602135,0.00610001090419457,0.3016328605308013,0.3004011908243658,-0.04183728189101735,0.29630872726927504,0.2975969919485175,-0.014979461945400908,0.294439030637712,0.30300749017180795,0.015351801538999192,0.3029923646191844,0.08,0.014848884772939126,0.30760108030814687,0.08,-0.005994111870557071,0.3052530746250215,0.08,-0.0349274495924736,0.29615674773141226,0.08,-0.010037031789325997,0.3153132680231423,0.08,0.00674174585467362,0.28665545918847085,0.08,0.011891676095511148,0.3090978334510116,0.08,-0.0017932784307926792,0.306902559291228,0.08,-0.0499141476756493,0.273006776505677,0.08,-0.02357338472595044,0.30149039700624997,0.08,0.030643275392170936,0.2887357231111724,0.08,-0.01707354816575874,0.3008860639072475,0.08,-0.009846375899580703,0.29450809230703173,0.08,-0.00842949674862585,0.3131478849151902,0.08,0.022322685774762437,0.3002346932229262,0.08,0.033089605478392875,0.30509028354067974,0.3115389413453849,-0.017210931450972574,0.2934632294625194,0.2933561770850403,-0.0017344449828300007,0.3005991323709126,0.30324177308596995,0.039462097361638096,0.30721278129249047,0.29485208300500343,-6.548758111647119e-05,0.31504942189115204,0.3078187984260412,0.029835643268481198,0.2951731673635265,0.2928833846142369,-0.013940894027188448,0.29598013508863863,0.28936716990229505,0.0059038612341684,2
0.3031238724341164,0.3133877797042106,-0.03520525001160018,0.2905587244353758,0.30805580474530725,0.003669462374231344,0.30044802456387937,0.3126385383991012,-0.0201990840535232,0.2927127060734598,0.2915348815555639,-0.04025816087786713,0.3013281753341626,0.2947714741296371,-0.014658016169835553,0.29086574873682697,0.2998225330758161,-0.01597079029117522,0.3022156752760824,0.30459180167334865,-0.005891552809999911,0.29637532360240576,0.3018549100031849,-0.0005769944026853655,0.31330159355354725,0.08,0.006365310751204096,0.31095586000274306,0.08,0.012210220047180281,0.2868158185987361,0.08,-0.011165297516112973,0.2995190257695734,0.08,0.017368886211918632,0.3192781299743857,0.08,-0.009682942617744206,0.30055256098286676,0.08,0.015998225633767734,0.2994217249169411,0.08,0.03288193555704921,0.2865221302478749,0.08,0.01356039830933985,0.3066821325443614,0.08,0.023040773966274592,0.30062051348822993,0.08,0.017830424368116597,0.2975086075376044,0.08,-0.016027825405251783,0.29052796988840496,0.08,-0.028828043747508466,0.2955864120848515,0.08,0.006229767541141271,0.2979186790391574,0.08,0.003959321999471097,0.31234879017386336,0.08,-0.010349730966513912,0.32340296498045307,0.30755242998990573,-0.003938514451504698,0.29780397905774425,0.2899187004322315,-0.0005143392977420495,0.27838403866761463,0.31255766175268557,-0.05633221600034537,0.3004175097336785,0.2885601099867663,-0.014023573038472861,0.29427848067077456,0.3192562612746194,-0.022065014109406797,0.3091425954479412,0.3116040182926734,-0.04676856400486196,0.29384647233238564,0.314844590928257,-0.02629546901438907,2
0.31198276036644634,0.2998213341859891,-0.001221946591353638,0.30069491612719634,0.30342571831531456,-0.019112763693884864,0.2973958046684746,0.3037059841398021,0.0035377167886001654,0.30349225562544463,0.29281312955851113,0.012645984195666012,0.30126475675488373,0.28419299948326077,-0.010627430339339567,0.29104495479691395,0.29091621907029314,-0.009529602609028623,0.3061347193669178,0.2937320775043994,0.004501157705158783,0.30061162567850913,0.2922094759569331,-0.006896302613345903,0.3086484922329891,0.08,0.0029961261388217063,0.30548827861401057,0.08,0.025449930878155596,0.30434937054178074,0.08,-0.03841377733770645,0.30270597716115655,0.08,-0.012362228633471485,0.3181030261000416,0.08,0.007985388152283515,0.2940256170252745,0.08,0.01133023858882379,0.3009079090296711,0.08,-0.034359146274396145,0.3086306078125271,0.08,-0.008110798281341567,0.31420618292774005,0.08,-0.0024886156828762026,0.3143929348383547,0.08,0.008497962998116308,0.3097412336929593,0.08,-0.009836389809656607,0.30353006180546493,0.08,-0.03452469568024134,0.29872963097124955,0.08,-0.029690630838621144,0.28857022859146897,0.08,-0.017816085314892493,0.3066042093594131,0.08,-0.0029472026951257607,0.30031427009353845,0.2982541227577224,0.021614409977739734,0.3000404195782316,0.3024883707875138,-0.011405063856561797,0.31149409293666247,0.312243892868029,-0.0007377790613780815,0.2941570497031952,0.2838402366628294,-0.017371928612714162,0.27832909938474243,0.29089357479912004,0.007139401947905347,0.29949600049400976,0.32323266984454724,-0.0074211342960077125,0.29550868259045554,0.310627695995288,-0.03853872576491109,2
0.2851823277742051,0.30663841361255467,-0.003908484059387418,0.2982750396560254,0.2906284884216568,0.0047954034716528576,0.29191976745353565,0.3007274332869723,-0.023169671237064707,0.29817603012617444,0.32024868940495843,-0.008498715794750476,0.2986824181180822,0.29797477002530914,0.0034906281668896917,0.30468151979684255,0.3025723775067652,0.005586316835450094,0.29819166615601145,0.3010028972250704,-0.004279108583750994,0.2818764129357288,0.3263061500985187,0.014563454990944339,0.2902068079471545,0.08,0.004601208087668002,0.2865385927741979,0.08,-0.009884030983254103,0.28518011458874204,0.08,-0.001023696912808557,0.28418644773869944,0.08,0.007768457886257299,0.3068222108091283,0.08,-0.016539611991672504,0.3016089420419906,0.08,-0.0175992870404482,0.30511730964269906,0.08,-0.013772360971249191,0.3078897012504692,0.08,-0.03623183640669979,0.2899502408490011,0.08,-0.02217632642573091,0.30203353758405,0.08,0.011101793988831736,0.30280637366782687,0.08,-0.010179530567814067,0.2720491293405808,0.08,0.0007740458951512642,0.3078804908431707,0.08,0.053610177432664906,0.2957560477928934,0.08,-0.013306310218681743,0.30320254781288153,0.08,-0.005123168864428925,0.3127537340726321,0.2919181134175186,-0.004976954379820587,0.30876213074272346,0.30308364312631886,0.023224153435160568,0.29563433948570333,0.31263284502368704,-0.03327680746553911,0.28376194688527595,0.3127903991645925,0.00014699150929499717,0.30920815865879997,0.3009947095810915,-0.0001408181706139992,0.28671979140875775,0.2997316043168285,0.027232144726335027,0.3005667029407167,0.30682078195740226,0.013087479187872357,2
0.28987291983338365,0.3085713033175272,-0.006274574461196954,0.297403475917053,0.32097695189005326,0.01194606733663038,0.2936149797572279,0.3006453806300972,0.0007323985271644587,0.3168609315433899,0.30039460580464106,0.04415997306661936,0.2870326730257996,0.29967647246329304,-0.015257108843931099,0.29505171394580376,0.2952687849539064,-0.01422613359997754,0.3173017180498562,0.31422560328842514,0.008052890229282444,0.2952564810511063,0.2931676695722231,0.014836174829555371,0.30300150951236177,0.08,-0.0028965190719917027,0.3054119300730043,0.08,0.01782141081820984,0.2984595996997303,0.08,-0.01574651825376158,0.2867888433317299,0.08,0.005012633486829268,0.32167245973132996,0.08,-0.022213265399024875,0.31099469081034053,0.08,-0.013511123186935783,0.2952596846408691,0.08,0.018298469602356624,0.297447418433378,0.08,0.00496519592980959,0.30229094756212366,0.08,-0.013478953235268154,0.308950975559202,0.08,-0.0012316437446558157,0.2861148975108276,0.08,-0.017849680382652083,0.26883347152540105,0.08,0.0010398406434928898,0.31304066463348834,0.08,-0.02094299655559915,0.30585538258338496,0.08,0.008611347681238167,0.2924812247441249,0.08,0.030730683126363394,0.29727339559775084,0.32010268379836554,-0.032713579380004444,0.29730864448408756,0.29849747975983343,-0.000812260426413622,0.3071633098428828,0.333981273176629,0.009101323070695147,0.3002424024262548,0.2890380047643248,-0.037802129453075074,0.31170260831368085,0.2945321584408429,0.05208316706491231,0.30868211618385555,0.3034155947344796,0.007882577917842198,0.3040397676505546,0.29305433054636226,-0.03503005407640702,2
0.2944931487348416,0.2998164377580626,-0.012956346024561789,0.2871391645004005,0.2925178968503752,0.020714649339458827,0.30748195784394144,0.30171409795903503,0.011741958526005916,0.2886806653240567,0.2920457520824519,0.006220301487563826,0.2899549116906718,0.3010839824808821,-0.02525049188105548,0.28350387070566385,0.30736078756044877,0.02054091704355521,0.29369179006092555,0.2847953741752911,-0.044167443780258046,0.3184200014953443,0.3011139085350496,-0.012159865943364948,0.2963608843617252,0.08,-0.0382666450029786,0.3061989847376623,0.08,0.04000215383770669,0.29217242991120623,0.08,0.047669140732937314,0.29883595100538896,0.08,0.0333350625708734,0.3030722104429569,0.08,0.006122623780099911,0.31843925742515283,0.08,0.015654078772037016,0.30374848078332817,0.08,-0.0388267367614371,0.28492791434143766,0.08,0.009171099480378425,0.3146778330537124,0.08,0.0025690213449258616,0.2940869536112105,0.08,-0.036783407783432136,0.29216414942516217,0.08,0.0026196225839407164,0.29143543347754236,0.08,-0.019288925407949322,0.2994888273652336,0.08,0.028968233402447804,0.30684719387888415,0.08,0.00571743570740232,0.3018848638076042,0.08,0.011023534047142784,0.2988986842421731,0.29588918382321516,0.014763879185165427,0.29774604717837677,0.28811402597532365,0.02886600020259577,0.28130072704951914,0.31518322824567313,0.010129104930155255,0.2903084926726067,0.3002425455388699,-0.008577268013945353,0.30807725728355045,0.30787931252496054,0.009227270421601862,0.30746383080983564,0.2988516757491378,0.03523350190387957,0.3122360688345763,0.29522994281678644,0.016217234320664492,2
0.30723582285910056,0.2974023834471232,-0.006765132884941537,0.31214508011777803,0.2998530624697444,0.00520343780672908,0.3140110406546408,0.3253333900069784,-0.010532498939611279,0.2977909974907889,0.3007400401194286,0.001934728654760282,0.3037635488861189,0.29509821491863,-0.025323820392256523,0.05,0.05,0.03507650489699496,0.05,0.05,0.012241650016075651,0.05,0.05,-0.008370714666789757,0.05,0.05,0.00874226015841465,0.3183295052595375,0.2921197838122434,0.004222804261539197,0.2861013525909847,0.29881658376126174,0.012331907722291143,0.2888527674404499,0.29812798630891524,0.01599854599059834,0.30589200132232586,0.2884236831907114,0.0074754974980447905,0.30558718837187376,0.3010798551668603,0.021786786186333833,0.2941055268136031,0.3041248446279151,-0.023304005741064712,0.2839937415681662,0.3078107898121527,0.0004112494085965493,0.295365824288839,0.2893484398590464,0.01654204763526681,0.2849198562736717,0.30992877468188684,0.00901994740865228,0.05,0.05,-0.029155827760296987,0.05,0.05,0.0025192282975727816,0.05,0.05,0.05307449750732701,0.05,0.05,0.02378836568926953,0.05,0.05,-0.016560543583753178,0.3071670568223871,0.2858408687046312,-0.02742628352212246,0.29932694330032283,0.3055165226857907,0.016226606378428356,0.3082518372455337,0.304947501125352,-0.03227982254192201,0.29939068364852717,0.3096868189163122,0.00886581853214851,0.30182106032057326,0.30329225866910314,0.006250397595544397,0.2803510271702315,0.31154891142635394,-0.00221065814973577,0.3070758645748556,0.2769435449479578,0.03321983808281245,3
0.2884358835622712,0.32541341032030524,0.04238480774457901,0.28675083980577537,0.3081703668625919,-0.020344237158003185,0.29360593964125475,0.2938316739902283,0.008958613467587804,0.303246367904294,0.2879840917832655,0.008799028068062207,0.2979589087350656,0.2817944711833876,-0.00868064527538024,0.05,0.05,0.03320853706986695,0.05,0.05,-0.008005625424058698,0.05,0.05,-0.03671073622051812,0.05,0.05,0.016289334654970133,0.29072489815290137,0.30214428930412446,-0.00343972990816356,0.31761670232136874,0.2982871667553581,-0.02289178550679552,0.29531152395938176,0.28771223850950367,-0.004185294233288184,0.3176979073283711,0.31248468039422755,0.040823810063881714,0.30479250095896726,0.301431002076431,-0.01996586116642139,0.3026966778898728,0.2986963871902065,0.015572547292843152,0.28877745021207096,0.3005268245431008,-0.031469942480288615,0.30337612592555185,0.306757518815092,-0.03243020183177665,0.28660247746313994,0.2870401997935223,-0.0035524991728664167,0.05,0.05,-0.027949692256608864,0.05,0.05,0.027569804443054593,0.05,0.05,0.008723059630160722,0.05,0.05,0.011980791594686764,0.05,0.05,-0.03178095771226673,0.3129317808552822,0.30649609440098563,-0.013646912797585314,0.28458232075295203,0.29923872776931093,-0.009328628247225452,0.2957507316444304,0.29294568003921767,0.014428718146881687,0.27399424980470666,0.3142992779033209,0.019962329774322413,0.3021068518829548,0.29855914429547503,0.02166101311107165,0.299577408439063,0.29721570515476525,0.022774361357121957,0.3209339572504992,0.29028993176589357,0.008495986269535707,3
0.28913608122122453,0.30501639682260856,-0.015563629567509996,0.3121154825691176,0.2989988059803875,0.0009295733840957618,0.3163111509745558,0.29266997080887636,0.01369684388211182,0.293665465581163,0.3119629754384314,0.03573510897660645,0.2973709280212503,0.27805909600238754,-0.013762741243031793,0.05,0.05,0.048652726480435095,0.05,0.05,-0.011842283863793967,0.05,0.05,0.035420423007961215,0.05,0.05,-0.012125719802584919,0.2936900064410603,0.30779187577000805,0.013186819901382239,0.30852174181321906,0.3000491055856355,0.020687201960291182,0.3096150009430397,0.3114902806299829,-0.012471181105982805,0.3103362920277891,0.29478663857532844,-0.003142024599790171,0.298223729623767,0.29001896089052226,-0.034710352207194525,0.3122372404250472,0.29297750457636856,-0.0053947944915018475,0.2926928321990135,0.297433454632977,-0.01011805880784729,0.3127908386944242,0.29409495851403233,0.03429108295522016,0.311392713991971,0.2952555300850552,0.006396232695923563,0.05,0.05,0.010386926591942671,0.05,0.05,0.016832144075167827,0.05,0.05,0.018809340154428592,0.05,0.05,0.0037326531302547747,0.05,0.05,-0.0190884619928382,0.3064088832451362,0.29763493624542475,-0.05578409984027741,0.30390278477059546,0.2926588994876126,-0.009167761537073736,0.3000602113581669,0.28446352956630055,0.0027808295422677236,0.29683292555725727,0.29122780014113103,0.0009248365003639852,0.283098037823672,0.300756267783904,0.009411978270067187,0.3030524865961757,0.3078888420754864,0.023307047651042325,0.2991865227296425,0.31095449484508947,-0.0017017033130204218,3
0.2930053912645072,0.2960724938160292,0.005339551797433182,0.3108517784817232,0.3000146285481379,-0.013473137432063834,0.31444260046820377,0.28565183488653345,-0.013344107689526506,0.3089278437822699,0.3176645724653756,0.009613625284407899,0.3024988755816383,0.29709134829809325,0.010961423160985225,0.05,0.05,0.002587353420216248,0.05,0.05,-0.015090627080290853,0.05,0.05,-0.006179875367409744,0.05,0.05,-0.01734891993361192,0.3001361561438083,0.301618394730426,0.032687663972955285,0.29402602874309375,0.29819223245196513,0.025183626430264092,0.3180508935045789,0.3047471097739866,-0.005071263428964042,0.29526982332729046,0.28156933185139715,-0.018555365981914065,0.3010156242350361,0.2981901413398568,0.01246815947990055,0.2980479721317083,0.2927394270336279,0.006826885186906472,0.32505265245473464,0.29682650832603474,0.0027777504269075326,0.3084692558121268,0.2942838160843073,0.025455150732707654,0.2842095988888207,0.2959227298273138,-0.006224417950171061,0.05,0.05,0.00302315490507216,0.05,0.05,-0.03942962599979831,0.05,0.05,0.02705479789322191,0.05,0.05,0.008284351699016694,0.05,0.05,0.022456628909982554,0.3161303573746387,0.29259436221662943,-0.04988708001445595,0.3114636607529683,0.29713617329826614,-0.022663369917441216,0.30576299653040506,0.3246355693213226,-0.002178129902766641,0.3095111630730232,0.2901249720653053,-0.033735155308991065,0.3091394046932299,0.3054607317180827,-0.00931405669318149,0.31706219308025396,0.28235511030343097,-0.02460060151844039,0.2945713240524746,0.29643602992679396,0.029307094150572352,3
0.3004919793781076,0.29807046010400234,-0.025400135355817737,0.3108663354184153,0.2886335911653276,-0.025492225827203476,0.29599741859052825,0.30163194024655166,-0.014402852003206148,0.30707017502957606,0.2971702372301925,0.021055378792231703,0.30505110612083075,0.31791479340364137,-0.008844578517549781,0.05,0.05,0.016879420488111887,0.05,0.05,-0.03573622443627365,0.05,0.05,0.05783317386151787,0.05,0.05,0.015878930669425098,0.2970369277777728,0.2974087478936715,-0.004940461472745382,0.31840036623101675,0.30898549500341216,-0.00886636604770698,0.28761184981875715,0.31196104635507915,0.01677097852627248,0.30706370697250596,0.299162555646181,-0.005992348978215185,0.3168522351147974,0.31778269239304474,0.012802497512832429,0.3096984086483991,0.3023609816417071,-0.02739971544933806,0.29020257243990355,0.31146181903049436,0.02547410695622381,0.3105412700830962,0.3034605231008703,0.02182597912590535,0.2994186270550077,0.306213903365383,-0.004093647362402354,0.05,0.05,-0.021135712662997644,0.05,0.05,0.017291439449945375,0.05,0.05,0.025502488093222864,0.05,0.05,0.04947917560833433,0.05,0.05,0.005280580027919894,0.2895219018162177,0.2967155926267118,-0.0027178277105036077,0.3014849780662791,0.30470876256738433,0.007259385847933356,0.30777082258465255,0.3019742304769258,-0.04450591805553551,0.3022713382869345,0.30086730761307184,0.011005337276418663,0.29638517794422475,0.30223525724476386,0.01112484375057766,0.2983995779826931,0.3067587060223028,0.0014024986492968854,0.301566588323151,0.27077291200943,-0.022877745696510483,3
0.2885883418434035,0.30216332217899666,0.025433304665929985,0.2988158489528387,0.30848298179304867,0.012965053126517384,0.30139893423470315,0.3057397670083168,0.0049188743766367575,0.2985771950320722,0.3039108034966653,0.028932628196034597,0.30472748973475694,0.30217971120038656,-0.01754901162338962,0.05,0.05,0.028317502985292183,0.05,0.05,-0.028140970619978913,0.05,0.05,-0.03412126161196202,0.05,0.05,0.007429213766350196,0.2911923980888528,0.3108909900284744,-0.03367411250731967,0.30961806472510617,0.308209819347379,0.002360319282158119,0.2790042835741969,0.2827669687968073,0.004798705554498517,0.29767207999614553,0.30727330284903004,-0.0013643258346247402,0.29844819367747666,0.2757368242654127,0.016448646235452353,0.2935085381524109,0.29601794076280774,-0.02139558086218301,0.2845958893604965,0.3147213782816512,0.015909753899097764,0.3081199557535413,0.2978348938190063,-0.0347584489193159,0.32102044755837805,0.30422291631263393,0.002735784001539914,0.05,0.05,-0.007182660445941557,0.05,0.05,-0.0408911250587523,0.05,0.05,0.022831174645534445,0.05,0.05,-0.02115407013804511,0.05,0.05,0.010931383257245117,0.3077083396112356,0.30334157621873153,0.009399470806637694,0.31346119751898294,0.2920758458816703,0.0032900518008701163,0.2977489459532016,0.28160434952177893,0.005726666597340177,0.3125125059652468,0.31376334158677194,0.037149544185914596,0.2822628087541076,0.3162862769788124,0.003696795287207602,0.31600562507369956,0.2960521759080457,-0.0106160095758977,0.28784727423773104,0.3077597756640616,0.010289521410634984,3
0.28882990437769673,0.27835863232987,0.008304904686467876,0.3052917036694473,0.29013048488274235,-0.023756568267419245,0.30655868179146245,0.31856393698324886,-0.009899803978161313,0.2912036106727706,0.3029885846375058,0.012705061296961419,0.2963570990410759,0.3202509108349195,0.01803370244283358,0.05,0.05,-0.007625414120633338,0.05,0.05,-0.0318496594455641,0.05,0.05,0.02638843575629745,0.05,0.05,0.02383862472430146,0.29697247130038235,0.30350575457612544,-0.0030093979496501784,0.3052059888110897,0.2897505046886832,-0.02335038240153692,0.30810863732760524,0.309376148435096,-0.009815840512432122,0.29250878924038975,0.311475664521447,-0.014305250386303581,0.30055411255985764,0.29928585021627346,-0.029338118907038385,0.3019211426707867,0.30094406953404157,0.007203825562032123,0.30158230869653285,0.3213568740941337,0.023233564626464604,0.300388090004548,0.30130239083849536,0.0352723841550158,0.30863087786005244,0.2877099713950555,0.01897896445614193,0.05,0.05,0.024856021641198857,0.05,0.05,0.032354341515515694,0.05,0.05,-0.008029833632149768,0.05,0.05,-0.009489009909379351,0.05,0.05,-0.01883630042894661,0.3030812746433613,0.307328675824557,-0.01026658373355009,0.29858184702330837,0.27946282204380934,0.030188981008053003,0.284350236284999,0.30374779752192804,0.004765096667446948,0.30045807968531596,0.3006879687833969,-0.020235623514456683,0.29671934795805505,0.3096895065225217,0.02530311000873272,0.29579099061425057,0.28439580469523085,-0.01557347702594093,0.31852697094852883,0.2928085551001277,-0.001944073405195592,3
0.31415912362019827,0.2947310399466289,-0.003310707792953528,0.3079449829075631,0.317118068675295,-0.012911037293899572,0.3139209524412118,0.2971847129013568,-0.017718574109298765,0.30249556430307556,0.288424319422314,0.009440228629257625,0.3314964801113454,0.3110560081525369,-0.0020979927558024496,0.05,0.05,0.021044038153488667,0.05,0.05,-0.018630434572345297,0.05,0.05,-0.015273492720043401,0.05,0.05,-0.00154329550422529,0.30087781199849833,0.2870669718079023,-0.006129549842208627,0.29855411283013944,0.3154197234783863,-0.025866910326696618,0.2861395145941443,0.3017570894260457,0.023017532054547846,0.3055159301404051,0.30302676893422975,-0.005772160600030617,0.3067610492929483,0.30826889219816705,-0.005146217323693531,0.2905137548981357,0.2905787790464719,0.017574685560953304,0.28455726678902443,0.3167705917529711,-0.009122513869892069,0.30309531930304234,0.30701710057977094,-0.013673714300581704,0.29540102157344755,0.30131970001945574,-0.01707441638431215,0.05,0.05,-0.02135283526665151,0.05,0.05,-0.019555644893594914,0.05,0.05,0.024182925721804235,0.05,0.05,0.00795849693430666,0.05,0.05,-0.01586334117752696,0.30872759456234095,0.29262244753167116,-0.039008244033148134,0.3069680899116035,0.31646230951809906,0.011160793430380327,0.2811266304856491,0.29976444599779245,-0.0054915599950592486,0.3037821216264389,0.29152730723131204,-0.006669545001870776,0.28579917016977285,0.3022177078244138,-0.027657918385450758,0.30437424485722936,0.2924945281099695,-0.06282829082593092,0.3079375814309913,0.304940400192124,0.027058840955413978,3
0.2790988149283009,0.29345450460163613,0.002631859211237323,0.30571705893036316,0.28537116062260565,0.00862919915454431,0.2942822309139061,0.28144921336513257,-0.015013619741033109,0.30514377136613857,0.281867019276337,0.012741036792175173,0.3028337800240176,0.2974614092285493,-0.03270395019968498,0.05,0.05,-0.031098976468682985,0.05,0.05,-0.00796963290264709,0.05,0.05,-0.02249880043769969,0.05,0.05,-0.00667517210981274,0.309061821573483,0.29726978782584074,-0.006008898754623296,0.2970034722433519,0.3101340193096504,0.025867397749713417,0.3042193371217351,0.3013659151739839,0.004591252297119233,0.3142795190225309,0.3047625276008722,0.030448778195130904,0.2958091514801292,0.28664430980298555,-0.013381189679314358,0.2943720306924797,0.3160452792773629,0.01472827489072027,0.29362543475682384,0.308084111769327,-0.002591622221839643,0.3163455169207696,0.29666298755310955,-0.030777785141571767,0.29813248933499314,0.29666845667922703,-0.02686453295896637,0.05,0.05,0.011718235145566145,0.05,0.05,0.028494376606340945,0.05,0.05,-0.022449686474457324,0.05,0.05,0.01945420785844348,0.05,0.05,-0.012132616546442756,0.2997528144337673,0.2987022777560154,-0.0004942173013784838,0.30473082671995055,0.28975817359552264,0.025866002182124568,0.3050354275671676,0.30835582776339726,-0.015601319058502304,0.2888522613896275,0.31182713431874404,-0.023154984917275984,0.3014930524122544,0.3101899583168794,-0.002536039382097185,0.31170077063029633,0.29728441696206165,-0.025548359975620633,0.3037417254110882,0.3019829603371445,0.053759524876148206,3
0.2905489113388698,0.2974815289467065,-0.014617312403674419,0.29857515418428204,0.29817197567593634,-0.01744599644121017,0.30468237609696885,0.29785856127910537,0.02690965935767839,0.2935144287671135,0.3186137307131822,0.0055174801275029725,0.312713334395851,0.30115453465622866,-0.015613087997119475,0.05,0.05,-0.005270418403182636,0.05,0.05,-0.027735364216753714,0.05,0.05,-0.0022306723238701472,0.05,0.05,0.0034418575226366002,0.3004572279568544,0.3133015722513686,-0.002982676621258159,0.2810600640715778,0.3354406501095978,-0.013812170829666466,0.30968745108791246,0.28495753328955176,0.004904243469367088,0.2920545419192863,0.27177365041755475,-0.005656199900850927,0.299499346417695,0.29781114076343834,0.0048622669656743205,0.2973049191327415,0.3006914981613655,0.003402240033085924,0.29964821911229567,0.2982922416779792,-0.017873070205912143,0.3059444560400411,0.29717002652700136,-0.007276514510957983,0.30512294310504257,0.3021195802700156,-0.013964406424431586,0.05,0.05,0.025013172858765424,0.05,0.05,-0.023784479698247596,0.05,0.05,-0.020629490878214887,0.05,0.05,0.013367079356869165,0.05,0.05,0.03502271194828887,0.2942259780777056,0.30412821372733145,-0.023847271165367116,0.29071014683910695,0.3113219819172068,0.007315260615142723,0.31163229755140776,0.31086308754436354,-0.04179099386234747,0.2880404565994441,0.3027447580157781,-0.03394179961881121,0.2894569495739592,0.3142696740441041,-0.010831317532217702,0.3071029857862103,0.2997183172984766,-0.013598725085892336,0.28335790727299465,0.30233302106564375,0.029092110781377266,3
0.2934847252023424,0.3006859835422886,-0.030395776067039845,0.2932782480874995,0.3034088165946156,0.014874316407996248,0.30555948749958184,0.2796844868925276,-0.00913869678269486,0.2903271888970538,0.2969097172418296,-0.0022238287097469064,0.3106635189119524,0.30295237036693523,0.028356639457741695,0.05,0.05,-0.013990206288543597,0.05,0.05,-0.028341531158436448,0.05,0.05,0.029104852816409288,0.05,0.05,0.008669104758012629,0.29256728232641105,0.30437822878510284,0.016705191343988627,0.3011919081300759,0.29270963571973463,-0.008825256097113513,0.302906214978498,0.30198887955355685,0.024245201155708274,0.2972408978759797,0.2903623940162448,0.051541086591400644,0.30174488199487737,0.30834262757889536,0.010436967440517607,0.30186574438560887,0.2977225626925683,-0.056076314067158406,0.2893677875920218,0.30329119213417294,-0.054379464760137906,0.3007161839271028,0.30661230510864323,0.016665572342068658,0.30598155247464703,0.30958391951617115,0.032112227664837546,0.05,0.05,0.021922358708183678,0.05,0.05,0.003936627978038606,0.05,0.05,-0.002692397095455047,0.05,0.05,0.0022927574910538225,0.05,0.05,-0.005509963033494379,0.31117580732245625,0.30572100208300984,-0.007621529088934533,0.3132408778361209,0.2970812114596539,-0.018915432921465553,0.29989257453349205,0.29175866516328275,0.018724114750745074,0.29154567816195026,0.2988463037178917,0.018794149838911825,0.29287798041414653,0.3041114353331964,-0.01946830717008906,0.3024438312719718,0.3056724684885752,-0.000843010633629356,0.3003352628747832,0.30443985821560526,-0.005610171692489392,3
0.30889553631079625,0.3137114104734209,-0.018515693185272433,0.317670595744577,0.29696512240501566,0.03988689899439699,0.2971008291413614,0.3070737857514197,0.014040212230588154,0.2961268846177665,0.300726273881794,0.02879801112713622,0.29677817550237995,0.2958245393374541,-0.023069344023722304,0.05,0.05,0.03135104440209863,0.05,0.05,-0.009615531230092072,0.05,0.05,0.023999604358958888,0.05,0.05,-0.012027096341419505,0.31168584615195416,0.3080664311672275,-0.004568638421327168,0.29265724028710577,0.29346969424541947,-0.013315997402035411,0.3106518318012364,0.30160230364613405,-0.02230244865017407,0.29747866588998917,0.29868979898059717,-0.042779777872274764,0.2980348708557383,0.30723192976028735,-0.002752557645148822,0.30254406878746654,0.3048451313077277,-0.00685204481542145,0.3073075466116039,0.314574842978317,-0.0304771727489481,0.2965515024759346,0.3232961748345371,0.0034113076641599884,0.29965148049508994,0.2974195756977793,0.025488702885456384,0.05,0.05,-0.01877986392458336,0.05,0.05,0.018523490533702745,0.05,0.05,-0.005535020615565065,0.05,0.05,-0.014996858454163705,0.05,0.05,-0.00462205301338307,0.2995361951409793,0.2950225637457716,0.022255450356301103,0.2925791590507722,0.30140074847959825,0.010748651827760596,0.3012972304868337,0.3077222993348329,-0.008671280655270985,0.3062262703981232,0.30652228200116693,0.019362401544812374,0.2811434205173901,0.3050904613867407,0.018025395391232286,0.2958854136920951,0.29452178575756777,-0.014027552104449113,0.28967994343667625,0.306657600540078,0.04563805833028343,3
0.2944397997784186,0.2953345155379501,0.00030793073755790444,0.2839802498763032,0.29304451665508124,-0.001139313605265329,0.29106071676999085,0.31197441376549667,-0.025876347301357856,0.30901005324202113,0.314685022718854,0.007634494896936532,0.29862549443044023,0.302462818129725,-0.008811270678797882,0.05,0.05,-0.04072136396951587,0.05,0.05,-0.01958504666008734,0.05,0.05,-0.00022358230955764075,0.05,0.05,-0.0188137376994103,0.29586877114230686,0.30479179159411496,0.0029004834494498737,0.3105847477211896,0.30294167538001604,0.007059414994457355,0.2928771071419372,0.286688939012586,-0.008258442900210619,0.2927281511734713,0.2983323236912551,-0.02132076725770787,0.3084248873723514,0.2926912507348649,-0.0072753804274630065,0.29979807897026234,0.3112317694660168,0.035173856739097266,0.31827441941113793,0.28718204379648593,-0.007462809524099938,0.29436613549547697,0.3037030912772561,0.006185652064271863,0.29416998151634005,0.29338063591236624,-0.019948674775034952,0.05,0.05,-0.05308324691419713,0.05,0.05,-0.025963290670654726,0.05,0.05,0.017335493303692256,0.05,0.05,0.02929408967482492,0.05,0.05,0.026957151745249805,0.3090923394218297,0.2898805805348507,-0.023624448952167646,0.2818897685711801,0.2941680284211628,0.0017421243861194214,0.28992215728082316,0.304310880736371,0.013037155390312024,0.2952550955525163,0.28659982272076445,0.027618531276025954,0.3003514222462087,0.3194120600826592,0.0018475829878413703,0.30162212917246223,0.29035503180010397,-0.008470866667815602,0.2844119723058208,0.2865637563671522,0.014823300946530771,3
0.29717416616883013,0.29577341971382876,-0.01480851961374253,0.29614476295556386,0.3113306344160717,0.0028844351374533762,0.2881998511990571,0.3103038469388899,0.034500771795960325,0.3049470466805022,0.30891290211788824,0.02441565834737864,0.28343395081515604,0.3186427036788567,0.021976281413544036,0.05,0.05,0.009777094018258558,0.05,0.05,-0.0025092107830434135,0.05,0.05,-0.026744848318376903,0.05,0.05,-0.006628022073925275,0.30448397016529616,0.28895641620960383,-0.0013949453476146995,0.28816458629189073,0.2961537582393582,-0.027052547325147717,0.28542223912202797,0.30340089411463905,-0.011595151168008988,0.2951420940359152,0.2936655636522912,0.05446235975252863,0.30607367085705783,0.30714743539167705,-0.015508310726131218,0.3050475068857133,0.29772278996921914,-0.015668994818007896,0.3192909140121857,0.3057279136220962,0.010446772609443716,0.2902826637922828,0.2872979075661305,-0.0011510294047631922,0.2942648597947957,0.30612640942587704,0.01358521761777429,0.05,0.05,0.0013100653623868723,0.05,0.05,0.01655426347165506,0.05,0.05,0.003866087962119856,0.05,0.05,-0.01743379231137618,0.05,0.05,-0.003965494334286428,0.301357330425871,0.30928925060641843,0.004499016888783066,0.2942854939534575,0.30966171305947654,0.007615116914958654,0.3154567372558666,0.30087277468952217,-0.02074657427539439,0.31176979363548485,0.29423210036536745,0.005908482540015238,0.30185716689368963,0.3004562932998786,-0.0033963994435439807,0.2834785586811118,0.28997896075369567,0.022442646444609523,0.30428800717774257,0.3190929705062646,-0.02075409644068951,3
0.2996934389464756,0.31163193518961374,-0.011316470207073565,0.2951463295588908,0.2970666013536126,-0.008906955899931018,0.3053179739848062,0.2821978983018407,0.032854518147959325,0.29040336673444556,0.2788282831200488,-0.00020478795634449023,0.2962259903594652,0.29822020251167386,0.006251531506711284,0.05,0.05,0.012896825791084508,0.05,0.05,0.03373302707335795,0.05,0.05,-0.013802816750977893,0.05,0.05,0.015485821163287197,0.30708936451068714,0.27359214364424594,-0.016663888050717467,0.2871301943571924,0.30447892858557923,0.0067565183186397695,0.3035792769998488,0.29694407732485584,-0.004095131181603087,0.29971419248388925,0.29598886728737067,0.015543645442096455,0.2893033637398753,0.2921818613664118,0.002426384645131152,0.2963207078185504,0.2889121842058949,0.01063850642737707,0.29427712627405694,0.2915527902923209,-0.003487594148078013,0.291067505024816,0.2996581867116951,-0.007193976719466592,0.29487419896253236,0.29493666437468774,0.019912303280504886,0.05,0.05,0.007384348225553564,0.05,0.05,-0.03418393052366707,0.05,0.05,0.017659724109235803,0.05,0.05,0.010331140895996703,0.05,0.05,0.009150298036900723,0.3088791088625175,0.30015030036910795,0.012401673632239133,0.2953552806014365,0.3084758031820918,0.004362271100811129,0.28623038345564106,0.3103638496793054,-0.0025780929754076914,0.2973187729098215,0.2955733253935676,-0.007387272378564858,0.3022963531507382,0.290124200048347,-0.03137225348964895,0.28935534460900375,0.30381717850840034,-0.003238762931265232,0.31113193124576977,0.2993508726725498,0.016850262164723923,3
0.2930718539194991,0.2956485779059778,0.00019048315867215527,0.2985302301795286,0.29759634968367293,-0.01744229105016395,0.2841443795413405,0.30631016571988495,0.010385207087154234,0.29386130776926284,0.30378883787802835,-0.003328920189398749,0.3110617175179233,0.2868774040667463,-0.0025345268312550804,0.05,0.05,-0.004130934688978886,0.05,0.05,0.003222319177123553,0.05,0.05,0.030742756217636,0.05,0.05,-0.0024743434027697285,0.307431321798582,0.29852183734924226,0.021418258867491744,0.3075284833120027,0.29666685005491994,-0.00810602121606686,0.3048696063942968,0.29344593960395393,0.0038126519126242178,0.2964420342207012,0.30368102648156814,-0.00322035151324839,0.2930741882260953,0.3110530690740361,0.004791124744867631,0.2994641462468114,0.30419988745220805,-0.03342374665793266,0.3209018482476606,0.30024687763885655,-0.0392634581976265,0.31197094526258956,0.29248611497317123,0.020874267065522614,0.30121567487712647,0.28429585175161015,0.005225234172103681,0.05,0.05,0.0037541889625584963,0.05,0.05,0.023035429387737467,0.05,0.05,0.010443277407768348,0.05,0.05,-0.02478823294110183,0.05,0.05,0.020045385452370258,0.2958593556719968,0.31720265308854934,-0.007095597747007143,0.2978870864220674,0.2917807966742625,-0.009971960713483483,0.29237059316667885,0.3117644882536627,-0.026630165991089055,0.3080457963573764,0.3082866012151773,0.02755095045893149,0.30043761528439933,0.28973306241925717,-0.0034351609471992375,0.3059469852998081,0.3008472993850014,0.00733455504371626,0.3136528613589137,0.30582003354428616,0.003968830570617107,3
0.2815563833777931,0.2921614941534528,-0.00809350236388377,0.28022886820545545,0.28890731413532833,-0.005369051223935283,0.29894281975298903,0.30505810265643657,-0.004105851881027863,0.302480406428958,0.29582210550920934,0.000840264591069499,0.3045097281075171,0.3147263025066306,-0.01029285616202426,0.05,0.05,0.0028836398301785825,0.05,0.05,0.01738255074436388,0.05,0.05,-0.028791872156604344,0.05,0.05,0.039956522500542616,0.31179030752591946,0.28288511514635056,0.007427636832068796,0.29435546566135884,0.2960265196808189,0.007010029936442088,0.3105039953587444,0.29534127057826715,-0.00904896411567214,0.3037216676236611,0.305719563219725,-0.02014262743608161,0.3172367290169195,0.29356685672840177,0.019293484793728402,0.30451704649890676,0.3060632392200829,-0.012479028324825359,0.2827614978118996,0.29978598502090803,-0.00034560272122592244,0.29041978092314713,0.3091794319156211,-0.0010305887637288118,0.2919092733805755,0.3058507134438408,0.012232400022254203,0.05,0.05,-0.014326958782718007,0.05,0.05,0.02466783864818762,0.05,0.05,0.04486487926460708,0.05,0.05,-0.02180060990947292,0.05,0.05,-0.003673879327531858,0.3033700980089899,0.32280260230298924,-0.014675545656147577,0.2906041551140525,0.2905358085271525,0.024428471867839044,0.29292168721766065,0.2914986579728238,0.004619346573903079,0.30308221311583977,0.31071020472112837,0.0018385207401445274,0.30248932105960263,0.298947293844207,-0.02608613847052827,0.2980039532763632,0.3006283357291934,-0.008876469593826637,0.2843554601337603,0.2886500953223888,-0.000787625957902968,3
0.3093275309590526,0.31682284096123214,-0.003676611606402438,0.29283125729287524,0.2962749050146619,-0.020928304723874233,0.3078774554131143,0.3213761162937922,-0.013850697687100056,0.2880795845583807,0.3100648332999028,0.0063610309635791975,0.30334929025895485,0.31588173928170954,-0.02732972641270733,0.05,0.05,-0.02788833130517811,0.05,0.05,-0.0032342863236120975,0.05,0.05,0.0012680702172098506,0.05,0.05,-0.0070989653348131655,0.3246075292870838,0.2968975794181407,-0.011014505645444286,0.3012434358488113,0.3097088691201335,-0.014508554863667908,0.29853013349835017,0.3099928464023451,0.02109612866189246,0.3021762810012285,0.324183912202545,0.03961302093391241,0.2859388381894026,0.2830803878031242,0.015914288957307166,0.3136536564464116,0.2977524101514159,-0.010043915834476575,0.29179709406094306,0.28831988076156295,0.022726855918236987,0.29618705039195425,0.30301800757010977,-0.03651611483785978,0.3100227103567561,0.30587778227889645,-0.02689378400499906,0.05,0.05,0.0051805764296742884,0.05,0.05,9.486719055176698e-05,0.05,0.05,-0.009003098396854566,0.05,0.05,-0.05805854643803091,0.05,0.05,-0.013206585235027473,0.3030243114577612,0.29451435049442876,-0.004433900735179186,0.3149675678599047,0.2992249198885371,-0.04193598961655945,0.2981514963934947,0.30099394089561426,-0.01650709313923812,0.30734748595741007,0.28537771027478953,-0.0027548219811515664,0.285262410986566,0.2970431228254246,0.01416259720990561,0.298383200727855,0.29779946492628306,0.000555401570706309,0.30077767468972527,0.3069375192070677,0.013996314462100312,3
0.3142169588328485,0.3016761698552938,-0.03321448990220035,0.3085794859962434,0.3134982445920459,0.04923390034369647,0.3145170588077682,0.2950970158973942,0.003743680549771684,0.2972937325345974,0.29593473074896837,-0.0022697078167326023,0.3128574310213306,0.2841082871548867,-0.020050912647790443,0.05,0.05,0.024389860451332585,0.05,0.05,0.029073363481479035,0.05,0.05,-0.013189914166352346,0.05,0.05,0.03301496688610434,0.3097588208330775,0.2973223886395441,-0.048705311439825316,0.28331984856332293,0.2934182331239036,0.015198739639196558,0.3076310002454791,0.2953355080809313,-0.004625485307251524,0.2996751865005811,0.2978126198704918,0.0032726752733758715,0.29969958843251837,0.2832577285090803,-0.004151231324385389,0.29977402166955097,0.3098979934592751,-0.016626122632805693,0.302039053513449,0.305628399963216,-0.002966943576156422,0.28245202114628754,0.3101006902059361,0.014942824640532065,0.3022877338002468,0.3004033040088914,-0.03562849799103262,0.05,0.05,0.015493132717801502,0.05,0.05,0.02972792086656752,0.05,0.05,-0.02227491040843749,0.05,0.05,0.02690037312543161,0.05,0.05,0.022629155926907115,0.2885680467664996,0.296058564006471,-0.027908752862193402,0.2993486166427111,0.30448317562430155,-0.026409362620405434,0.303858027751247,0.3063912576347849,0.013069573124374671,0.3045450257208563,0.28771509323619093,-0.002429480371000898,0.3035235211031405,0.31461025622339095,4.931658975039342e-05,0.3042554129427578,0.29067973186354795,-0.023097880723317435,0.2871692801026961,0.2957973172588914,0.04124102306013719,3
0.2959792374056015,0.3036462635394205,0.01114195917141991,0.2890847089096384,0.2956489314938786,0.012488302778650484,0.3042832741416942,0.2800600537332076,0.011888207079145037,0.2944900960915621,0.29475182803707134,0.00809731385927219,0.3152293592448379,0.29799565373305636,0.023581004310785313,0.05,0.05,-0.028818455357636937,0.05,0.05,0.00261486691824261,0.05,0.05,-0.010821108118561596,0.05,0.05,0.005640139735121218,0.297036925972149,0.2865893858103619,-0.017748187256022844,0.2835679892014341,0.2869309877105128,0.009606487497500954,0.29748962870142776,0.3023086441012809,0.03631154963190144,0.29704028206787736,0.3063428393318224,0.0005627102440250968,0.327626845327315,0.2698235310725261,-0.01435324551944243,0.3065402397423148,0.2924709460457206,0.011321431146199618,0.2993992080710331,0.30864948838011635,-0.022642456608553182,0.30172842310616355,0.3046601823001338,0.0026357831642267304,0.3014941248492089,0.3120243090577956,-0.03359811493009791,0.05,0.05,0.002499343815833698,0.05,0.05,-0.024182962657585585,0.05,0.05,0.015152218738526207,0.05,0.05,-0.016758671647394318,0.05,0.05,-0.04944891316188696,0.3078146741424745,0.2973162870604103,0.007132592322032045,0.3142700890269906,0.30371401085932237,0.0033885616781789752,0.2995272962077057,0.2885269351625099,-0.004304957161907834,0.31973898578442583,0.296247807698661,-0.0031202731884651057,0.31257084892105347,0.2845871133909804,0.012402481019138725,0.2841112008019495,0.3039918871688146,-0.0004481889679640297,0.30612400160798015,0.28987525629845606,-0.010700661693831402,3
0.3066405295330558,0.294901674834982,0.015110305210570057,0.3020916981068875,0.29554248242069836,-0.006307083560613505,0.3000350483166862,0.297798178859586,0.014604995074658993,0.29628720670475917,0.2942696907378778,0.01820503363065722,0.29577870835927206,0.2945962837973499,-0.0497132760314214,0.05,0.05,-0.02079006737207859,0.05,0.05,-0.016772549573264222,0.05,0.05,-0.010802611850159497,0.05,0.05,-0.014442784332577263,0.3098305014867895,0.2922485235554892,-0.014012527404771527,0.3015565419709973,0.2889831812007132,0.03127984309693552,0.3080215679116281,0.2883191304789215,0.020273341717336746,0.31221708139519955,0.28857885263081384,-0.023303332315176485,0.2938958685410186,0.28584794880255093,-0.015605770688455456,0.29599875415281257,0.3050415236137648,0.0016245100630049969,0.29851978493465303,0.2951682670507509,-0.02615911499926754,0.30591717726781986,0.3056937415682371,-0.012336971819834298,0.2889884485887558,0.3155610443752708,0.004934609021738636,0.05,0.05,0.007939365826500849,0.05,0.05,0.008802957213995169,0.05,0.05,-0.02404967397162586,0.05,0.05,0.02998553168033733,0.05,0.05,-0.008069958658884617,0.3082204200392894,0.31458432703426775,0.0016275206403639961,0.28818521591264884,0.27506529486514264,-0.0007683161860387613,0.3025014444773255,0.2941922486631438,0.0027137090691383417,0.3043034483817106,0.30993927790794634,-0.004571307822524188,0.29954658326539935,0.29821399670566445,0.0006718926665369901,0.29486815619076134,0.29482034615505515,-0.009100456785446038,0.30156266241619495,0.2915268597214886,-0.0090198786625282,3
0.3180858996712141,0.3089639934050438,-0.019141621545332332,0.3086467293059357,0.3062739207408368,-0.002078390229576776,0.29292027052993597,0.2917848588751476,0.004476803455664726,0.29153766337803494,0.31097221329671826,0.02761613176910019,0.29957195502431905,0.3113878081192213,-0.00823097896605496,0.05,0.05,-0.014287035665682391,0.05,0.05,0.022005503602904795,0.05,0.05,0.03159733911211015,0.05,0.05,0.03926315973984433,0.30332655071477105,0.30862110395189624,0.006212344569322967,0.3140337865669859,0.3043328413343926,0.016101675773240672,0.28864581544797135,0.2976883722463233,0.016272722972844714,0.30723972744069367,0.3089890320986911,0.002413092943817728,0.2934797799686472,0.29941053466481043,0.0009406872801700675,0.30241740808532575,0.2903213457311491,-0.005317331713745959,0.2991133239050587,0.2775777834125597,0.016650095627475367,0.3016401595664061,0.30265318870448216,-0.010309926220565615,0.3058625037553025,0.2916807417606656,-0.013496284884622739,0.05,0.05,0.01256660091483593,0.05,0.05,0.007143234722881004,0.05,0.05,-0.025552005303365873,0.05,0.05,0.031547417401760716,0.05,0.05,-0.015169953071462943,0.2986740644537866,0.3174678738660195,-0.04119563138420178,0.2829373918003036,0.3044193368708852,-0.04957073431707639,0.27956506497514877,0.3117515782629414,-0.008177467368081798,0.32196089559296814,0.2896523022194643,-0.006369635977409613,0.30540630726178586,0.30471528484175237,-0.005097992309776902,0.2935153998905758,0.3023136232434129,0.027537717723516986,0.30762808689573296,0.29367531583689865,-0.019835452921586796,3
0.2930721101229004,0.28726257114634185,0.0029481896465448887,0.3081378617873428,0.29928660001499596,0.03439533585859031,0.31775414575154687,0.3030773526882842,0.014038754809533666,0.2909954202203055,0.2963919350616082,0.02544540755533099,0.2942072738271156,0.3148737980701645,0.022251282041496654,0.05,0.05,0.015032479220927151,0.05,0.05,-0.023453897793192797,0.05,0.05,-0.006239729681406434,0.05,0.05,0.012884176776882555,0.2901425192549797,0.298099227527834,0.015042618982552759,0.294318277720777,0.2915354550873135,-0.03601548917576359,0.2961336580228569,0.3077318151281014,-0.017458073506529954,0.3001787210646771,0.2977579072820593,-0.01333247111936095,0.30837705599375886,0.31642272281165895,0.020086758872834065,0.29304063597549285,0.31992365663845945,0.02002805820460131,0.29542642931035706,0.29224673617888086,0.022420785276898468,0.30173769201957273,0.2914923515131227,-0.0029621795894376624,0.2959280318211864,0.2917594088131196,0.020291725065229346,0.05,0.05,0.015634483766286268,0.05,0.05,0.01677082955118521,0.05,0.05,0.01649340786639026,0.05,0.05,-0.01832067489415195,0.05,0.05,-0.012073745435939948,0.3145865752293766,0.30108012122439,-0.029409413874086063,0.30216944327595746,0.3065479126166813,0.010480828747404173,0.2906213039683836,0.3188672155925755,-0.030011891742175056,0.3011089643016341,0.3173655285276608,0.011833141678708895,0.30836219569051354,0.28946835850829866,0.006940929151937415,0.29963397337305053,0.28869955830835636,0.01730142978949924,0.2918051326134933,0.29299075367831473,0.008651586441696961,3
0.29856754554354986,0.3016928802365601,-0.004089993175396726,0.3141306084350404,0.2907496935276138,-0.009296175604120256,0.3048117155757923,0.2901208216635898,-0.02064446764791752,0.3013774389400314,0.30867353378918877,0.019957556315885097,0.30091739875987283,0.2932786734150267,0.005513263952685163,0.05,0.05,0.011322766174247404,0.05,0.05,0.005237213185805473,0.05,0.05,0.024683397175827505,0.05,0.05,-0.020283225305099347,0.29303023982356435,0.31095349194398725,-0.029460396610305275,0.294606142729185,0.29268459705273636,-0.03128409802693937,0.29812851195359086,0.3074629385988845,0.0031265583104220537,0.30799603785302077,0.3119195596764297,-0.00771263521891039,0.3264684602298873,0.29654584575936166,-0.0042506205168738225,0.29292379463131224,0.30545389480924673,-0.005810068379539498,0.29921107778085004,0.29794786993774036,-0.004558090944537478,0.30158286029398573,0.29549776446963366,-0.00806591163834185,0.3107285149062099,0.29706477536118586,0.007671048074142494,0.05,0.05,-0.01778983480976894,0.05,0.05,-0.008893800543057452,0.05,0.05,-0.024651211249813614,0.05,0.05,0.03708866866723655,0.05,0.05,0.02750919355336106,0.30595458993278685,0.32151102720289826,0.01540572102766251,0.29828024256351177,0.3037251966709167,0.027215727109582828,0.2911968382499203,0.2882718221273344,0.00812158333259875,0.2941315026645126,0.2774009863254152,-0.024858666938211368,0.29688575650646454,0.300481887547479,0.001559381987665971,0.3200519634023544,0.29792374743298905,0.005562509790722096,0.283741079726255,0.29968864461684724,0.006683978863435325,3
0.2862474051901881,0.29066008040363045,0.009783372676737404,0.29453673735688085,0.29897458228490026,0.010815550379179592,0.32036872171795816,0.2977821479892161,0.035383961577548854,0.28041226338704406,0.3014836285868198,-0.00668178414190462,0.29467541015931603,0.3065806757555685,-0.004292413307704401,0.05,0.05,-0.04049906669786434,0.05,0.05,-0.03176738496501165,0.05,0.05,0.014440539167128879,0.05,0.05,-0.03274455813848127,0.30748821181180774,0.30124773487911155,-0.0034056906365160225,0.2991852582680173,0.3051475802018008,-0.023549719472128822,0.30042291093997725,0.28860497205918734,0.0032728955200573575,0.3064647678619835,0.30165945862812316,0.012172043278611782,0.2929998516490671,0.2993781994567942,-0.00475951626249792,0.2969656061286301,0.2919935883554811,-0.00863645098849885,0.28887295404993496,0.28305845338175417,-0.014014333210815197,0.30625959648781165,0.3023406599105568,-0.02513206408494509,0.2959398864661961,0.3069246434136433,-0.008969827395742007,0.05,0.05,-0.02835532386257812,0.05,0.05,0.04515257092828685,0.05,0.05,-0.003339176613059004,0.05,0.05,-0.023271577999980333,0.05,0.05,0.0034252705164038656,0.29914396667687265,0.2845852189508563,0.0018673772160632991,0.30983735511395644,0.29767089792509754,-0.04120397094433399,0.303419216105893,0.30602900045248155,-0.011728241536558236,0.29420938398660773,0.3225785630025765,-0.013164285976842055,0.2887811903366575,0.3002511408402601,0.011496846515407983,0.3053243372871032,0.275319322456943,-0.013214630117779444,0.3115288804512874,0.30326689465341705,-0.02471582823012852,3
0.312424093078962,0.30964897719106177,-0.005932032160457436,0.3087946718681114,0.3199975583195802,-0.021087603904908322,0.05,0.3055544618220293,0.03971889552176015,0.05,0.3065302955329553,-0.015087657187286059,0.05,0.30238913240441384,0.027397665199047246,0.05,0.28984233533075837,-0.0006019341458106571,0.05,0.29756517178218267,-0.012628232735082607,0.05,0.30241554868476395,-0.002014345081119542,0.05,0.3064335017956975,0.022819389885128633,0.05,0.2872716957954605,0.0013506212796098019,0.05,0.29946873861245543,0.004068293467791642,0.05,0.29984529155232953,-0.01961325824460069,0.05,0.31454749535370585,0.03761522292405297,0.05,0.30546889703451685,0.011962035595223105,0.05,0.3013104916396117,0.019384064435580044,0.05,0.27556854694769267,-7.72455758372294e-05,0.05,0.29427372997304485,0.0029163619604257833,0.05,0.3109262756517311,0.00038068352432153745,0.05,0.2963950766132933,-0.02806542059480895,0.05,0.29890723487781606,0.013445553938213593,0.05,0.2915891187298803,-0.040066797140188834,0.05,0.3227424015121136,0.006703509682013924,0.05,0.2977842641140904,0.027819896104087447,0.05,0.301414793414838,0.026640636232624675,0.05,0.3124636121587722,-0.02549041747770261,0.05,0.30459994616413055,0.03450571313938689,0.05,0.2900134930965219,-0.019727491841046853,0.05,0.29182798930497983,0.017808371709804146,0.05,0.30284385712863593,-0.038715446616792513,0.3034094612351693,0.29748085067128843,-0.0022455173730033745,4
0.29162979903558883,0.3034825822151413,0.021009165606139173,0.2935803363266752,0.2831754396906308,-0.0060622864303343,0.05,0.3075628672860223,-0.0084206069172499,0.05,0.2850245103883984,0.015264856978387609,0.05,0.3141534814699831,0.00040031100221847956,0.05,0.283942091400184,-0.006356610840390881,0.05,0.3015153888082527,-0.016194266145034518,0.05,0.30583372231271416,-0.018149222297995985,0.05,0.3002562767240202,-0.004566441686767256,0.05,0.30615854798150083,-0.0002853835518911551,0.05,0.2980350829992074,-0.01605730480467857,0.05,0.30034769014593266,-0.005204150027178833,0.05,0.2912946974377199,0.0031898204883686705,0.05,0.30363971340056095,-0.006768144441136312,0.05,0.30931569231063755,0.005279486188723164,0.05,0.2871614611314136,0.026747879898273645,0.05,0.30766987931380035,0.020036624225230622,0.05,0.3040050295686277,-0.046754542810540416,0.05,0.31092618591256826,0.0012157536663996676,0.05,0.30353219181830793,0.010807680955473294,0.05,0.3193627711264456,-0.01092447368932212,0.05,0.2947959700976055,-0.017020690434191348,0.05,0.2893005744860488,-0.021030624671693903,0.05,0.2814823525372958,0.00853311621184952,0.05,0.31987806564762084,0.041031486436404405,0.05,0.29147631875957997,-0.005443087552784767,0.05,0.31233342180450796,0.008646939284155667,0.05,0.30134515671594614,-0.005134691576851368,0.05,0.3117830144494321,-0.02146101917412932,0.30480875065445967,0.3034493384252261,0.0008674391336669968,4
0.3078772965743358,0.300337372949328,-0.010690551798748954,0.3009251130898214,0.2840789633036217,0.012254294623931334,0.05,0.30868229253499574,-0.013132290628923132,0.05,0.2910548877838173,-0.012395033133421619,0.05,0.2993697702262011,0.004317719160711946,0.05,0.3161549194389008,0.029781820322223096,0.05,0.3083154266507253,0.0024252132469836903,0.05,0.2907307591390039,0.033592744668425246,0.05,0.2975235786931769,0.005627482678705038,0.05,0.30627352388544365,0.0012319171074535447,0.05,0.3115109734544882,0.00910783888205038,0.05,0.3098863852213926,0.00894691118612675,0.05,0.29962100337781433,0.0014837122304433134,0.05,0.29937759521676,-0.025685716368588997,0.05,0.28999180539016384,0.014810950716473637,0.05,0.28740628725034034,-0.00808446580750373,0.05,0.2894989643053333,-0.009154378960776364,0.05,0.2984473069589624,-0.008124675167329523,0.05,0.28571635572749926,-0.003710610046929285,0.05,0.290411038385521,-0.012731144194522027,0.05,0.30740520153299994,0.019107859929147153,0.05,0.2868902916427711,0.031373317941562937,0.05,0.2948991342328102,-0.012020202412637838,0.05,0.2910834521265922,0.0011182414997307297,0.05,0.31981550250048935,-0.030793188379057767,0.05,0.27943113736578423,0.005370210514941776,0.05,0.305693391729253,0.0010534441963043716,0.05,0.3059579947541633,-0.022625219867800785,0.05,0.29055130227704246,0.0024791586501179247,0.31758069360728824,0.3056068066009005,0.012144079794884903,4
0.2892632350443275,0.3042240508283192,-0.023642984976035952,0.3176775735796021,0.28988072690636624,-0.015929612369967244,0.05,0.28526924356935385,0.0017163263911278953,0.05,0.30043791647863105,0.030264821623534256,0.05,0.3077641491863843,-0.015815334265101,0.05,0.3087339553641728,-0.024870313446481843,0.05,0.29281646961169355,0.0023691909747844075,0.05,0.288681136214674,0.021293177008162845,0.05,0.32279312834848023,-0.005890441816252742,0.05,0.29348313081308797,-0.002591792213480911,0.05,0.2944262767148799,0.005234608763877672,0.05,0.2867759551929717,0.006370127972027493,0.05,0.3191192323856982,-0.040042851064811015,0.05,0.2883135257005969,-0.008901146877745061,0.05,0.305418928204759,0.017807641915300956,0.05,0.30809934492500834,-0.03383403645189989,0.05,0.293256541734037,-0.018006338162361683,0.05,0.2993480111565017,0.00036560171517642504,0.05,0.2863077288652942,-0.00879108710171521,0.05,0.30580518545595703,-0.01256661669179102,0.05,0.2979976666460997,0.033937796391612804,0.05,0.31990029513519175,-0.04322722185250718,0.05,0.30113897571998477,0.058340655424173125,0.05,0.30478846867832576,0.00036980117894312036,0.05,0.3131268817844965,0.004361856129233321,0.05,0.30709137145511334,-0.004206089899840855,0.05,0.30203510360414915,0.008532613800843997,0.05,0.30865558765673984,-0.008634413641788385,0.05,0.29541100912209123,-0.038549648550681874,0.2961284894415018,0.3095303536509776,0.009264489120002687,4
0.2900324809759423,0.28096137524875797,-0.0028484147017513012,0.30923777852643974,0.2952110166819018,-0.028898450082915975,0.05,0.29410492827695384,0.0065231772783152665,0.05,0.31242437286525687,-0.005133900562487766,0.05,0.31054892412551743,0.018880842962981693,0.05,0.2882333484261451,0.025014162365383032,0.05,0.3029511276707714,-0.02413366107488438,0.05,0.31760831339937734,-0.002511511758601666,0.05,0.2805655684768908,-0.014125326958082185,0.05,0.2904754575828477,-0.013634798682297361,0.05,0.29554814587841755,-0.0051477853256986115,0.05,0.29704997291482865,-0.0019497045195411744,0.05,0.30587393386417555,-0.01492872718454563,0.05,0.31181000531003944,-0.024503669971433488,0.05,0.30615118855825424,0.03286542655371869,0.05,0.29822643451360087,0.003869307419764788,0.05,0.2903202760962453,-0.010235634482500545,0.05,0.3156767853721465,0.014969645887672838,0.05,0.3041854432009397,-0.038759490944330954,0.05,0.29283527098933415,0.03477983620653705,0.05,0.3041083196312415,0.010711907936880951,0.05,0.30170555153946105,-0.012259789778670918,0.05,0.3033254159045644,-0.030604282916450197,0.05,0.2839454530096092,-0.014705494387551112,0.05,0.30192164236033264,-0.03139346250056947,0.05,0.301270426920149,-0.01989118492662943,0.05,0.29140174529212104,0.025991769553304126,0.05,0.3003729407982066,-0.018076107568710965,0.05,0.3018683347276095,-0.02939236608012581,0.30382330327799884,0.3110731818651593,0.01323457470043194,4
0.3215771430443797,0.2806160893873778,0.002539381601595749,0.2865649927017548,0.2982677856864823,3.087936824505058e-05,0.05,0.3227984548297451,-0.0011955422078466606,0.05,0.2992156977971535,0.020103182133801793,0.05,0.29947178260472423,0.036622941505092634,0.05,0.306696844893165,0.01657006159640033,0.05,0.28132436063561245,0.039704256376731036,0.05,0.2934354107969794,-0.000194603350166873,0.05,0.2934729609486465,-0.02048502621255748,0.05,0.2879783163282566,0.0020648331739817095,0.05,0.280301032065594,-0.004856045746239013,0.05,0.31057768647302236,0.012638844754843682,0.05,0.3043243538765606,-0.017907690843831175,0.05,0.2841390480768109,0.02083588238043189,0.05,0.29551040184059824,-0.0016615688192776752,0.05,0.2980240543127764,0.013447859397617501,0.05,0.3184331604612596,0.029247483028468576,0.05,0.27667761484803677,-0.006170779425780785,0.05,0.2865325648148146,0.018768577151603693,0.05,0.3000398348162408,0.012123037430707223,0.05,0.29605875529442205,-0.020787432118619595,0.05,0.2913171926820004,-0.030660253345154615,0.05,0.2873636593049843,-0.02948586111017062,0.05,0.2896429732218689,-0.021845563280623665,0.05,0.3039409310502822,0.0070972328930999605,0.05,0.3039300420685818,0.02349990724503162,0.05,0.29921662108623887,-0.015616291941658245,0.05,0.32211403575930203,0.018112918066075925,0.05,0.3015231979320456,0.0016574890798466211,0.302896535209003,0.2979789871964578,0.0025644908300764485,4
0.30499379660615794,0.29273463786034454,-0.03268231703674069,0.27924357232110386,0.3088789881893371,-0.03165848325434906,0.05,0.3046534399395788,-0.02308711790096268,0.05,0.2886175405394007,-0.014363975210115237,0.05,0.3019413215200564,-0.025771834167551855,0.05,0.2938306752970588,-0.0005143814436111345,0.05,0.2878973820915306,0.028564684289493828,0.05,0.282774622574062,-0.004363383649016595,0.05,0.312725406325855,-0.026489331277812243,0.05,0.29890374149512283,0.0026571736533449633,0.05,0.2919322954799748,-0.0015496554866377221,0.05,0.3056144446085995,-0.00934281396635781,0.05,0.30764329614130387,0.007854618807639803,0.05,0.29417099798846563,0.022549087342450994,0.05,0.2925906288631688,0.017117866108104274,0.05,0.2927698430171393,-0.006321467176834723,0.05,0.29837355710222857,0.006771661817727234,0.05,0.2758655182971652,0.009160311029797119,0.05,0.2989752077685759,0.005714803225531835,0.05,0.305024883236221,0.007876176759825283,0.05,0.27992639147740944,-0.021220211975760447,0.05,0.30332815934326063,0.0039939239325079605,0.05,0.2921044631448368,0.014752784001197622,0.05,0.29743574830871417,0.017714527077637095,0.05,0.3121002131144574,0.005566041031263547,0.05,0.30555552481832554,-0.012169201628645217,0.05,0.30892209872809984,0.004362487393620062,0.05,0.2970528896115582,-0.024376366664353118,0.05,0.295145586308959,-0.02218951089679487,0.3076148973893936,0.31220429909588865,0.01832538397859741,4
0.3248602024627767,0.29539593078503024,0.011931446897670998,0.2881864503541715,0.298027493596477,-0.02954698417709754,0.05,0.30568194317304787,-0.0071098332582840255,0.05,0.2794541797513808,-0.013700368858701285,0.05,0.31793114327607497,0.00820859774501805,0.05,0.3076909266295575,0.0025109055859952683,0.05,0.29818441078404767,0.00031158027619102924,0.05,0.30245432724223786,-0.02193304891202032,0.05,0.3076306201573855,0.022436549839749624,0.05,0.2980341060305567,-0.010460808592331717,0.05,0.29258091000355196,0.035184332071248575,0.05,0.2954772916080644,0.013066286284290816,0.05,0.29810426304517346,-0.004872601114358605,0.05,0.29235250299794274,-0.019405989921880317,0.05,0.3073992076024655,-0.01985844960060139,0.05,0.3046251923959208,0.001811678469629936,0.05,0.3075263853447924,-0.012199078211811116,0.05,0.31080144166520096,-0.0028238116418067383,0.05,0.3259169472130956,-0.0322835266992968,0.05,0.32428934738076903,-0.0025273199611227726,0.05,0.3022280210171886,-0.012085788632182983,0.05,0.2843111870697661,-0.010567935440407525,0.05,0.29634313015127545,0.0036560342546148213,0.05,0.3112113834501035,0.0038146145321422977,0.05,0.30208141763282637,0.007687354330336118,0.05,0.2824506980688375,-0.03325049004272185,0.05,0.285030110111357,-0.007465477159907086,0.05,0.2812828488027596,-0.013795750894582107,0.05,0.2863175075501898,0.009754308523973633,0.3043765562890825,0.29699355960264034,-0.03799921836333885,4
0.2976285609056382,0.303286261153761,0.016214533344780298,0.3175340462731297,0.31118498180421683,0.0032955305813585915,0.05,0.29714758659692625,-0.014858681925825607,0.05,0.31355661895889925,0.003331811593982143,0.05,0.3063054420868345,-0.01180439475858715,0.05,0.2875909093449019,-0.008006754365454543,0.05,0.29697071734194375,0.0038354486728827647,0.05,0.29262566111016025,0.0004993972676392907,0.05,0.31177706354355017,-0.033459232190742705,0.05,0.2788309740804365,0.02491827697236915,0.05,0.28536373541967713,-0.007601439337849074,0.05,0.3060847968130649,-0.0011845233734154598,0.05,0.29926712120996424,0.001447932956365971,0.05,0.3251871409929446,0.03561249911834429,0.05,0.2930627469113161,0.021017764818937388,0.05,0.30505507757591793,-0.0003902960550340331,0.05,0.2909213119152259,0.009027360628909327,0.05,0.2969395453493558,-0.007591201498583178,0.05,0.2923292864868113,0.01999647042124853,0.05,0.29232261981370616,-0.015232904778715273,0.05,0.30777937767580305,-0.0028866093560618823,0.05,0.2988258147621404,0.02065786968183344,0.05,0.31313700611791934,-0.042556914438670435,0.05,0.2987122574521575,-0.028205290563479934,0.05,0.2961320666214267,-0.00013472312228204596,0.05,0.29645145426925784,-0.02050550861339402,0.05,0.28923993362285205,0.014558827780645005,0.05,0.3153480980610386,-0.04120953857867,0.05,0.29672381333934483,0.014639282747886341,0.2996739623959915,0.2888631337809446,-0.009555788081271556,4
0.3030215023743186,0.29692807890619644,-0.0009595986783712006,0.29980839502418355,0.29475718390341704,0.016331380479420694,0.05,0.295225084031589,-0.020109359844644837,0.05,0.32229639433423196,-0.0015558817887483482,0.05,0.27399879299801017,0.02509489674675307,0.05,0.31251528869213896,0.009143510623140626,0.05,0.3063163520982067,0.043194846253362736,0.05,0.29037198236031503,0.002664801079496235,0.05,0.3196970267905112,0.043631381619364154,0.05,0.2963390768709226,0.04020301700178267,0.05,0.30802630701323613,0.029904289957371395,0.05,0.30769820903157785,0.0061089248772074655,0.05,0.32209387125902916,-0.01057219928475485,0.05,0.3190228314035397,0.04121377867455837,0.05,0.3136304832127675,-0.001434579636220019,0.05,0.30244435347979015,-0.025496112305457532,0.05,0.2954742003005681,0.012414235062103568,0.05,0.2857328769423337,-0.0059582265599614215,0.05,0.319448286415681,-0.003087281455477664,0.05,0.3103362833548752,0.011330049101104371,0.05,0.29692310563493096,-0.003100973177032633,0.05,0.30166865247441654,-0.04102044977052195,0.05,0.30946974800875504,-0.0023676015010826047,0.05,0.3098191716326889,0.007764012271039129,0.05,0.29837440382524927,0.003950972561002981,0.05,0.3020091093732841,0.02952380199459609,0.05,0.30062654492778657,0.0057633101528417295,0.05,0.2873811021727322,-0.0009408689659696205,0.05,0.3145431010179649,0.008576420120242961,0.2891898793023744,0.29026171664091793,-0.014829908548213347,4
0.30999631043593484,0.308765405122923,-0.06908509705681996,0.2991861430571588,0.30147638100386914,-0.01924287057718629,0.05,0.2960952500305611,0.026619970982593954,0.05,0.304088432118145,-0.009991652806236775,0.05,0.2981269163839196,-0.004557462579911262,0.05,0.302819551981855,-0.028594613124720156,0.05,0.2933024470021005,0.020707928996094863,0.05,0.2992743351304081,-0.016998165055202512,0.05,0.29191339958342283,0.014416872042613714,0.05,0.2948219473466988,0.010218067581731653,0.05,0.2937316567910852,-0.022599297853333093,0.05,0.3024444795849745,-0.0019476201182693517,0.05,0.30685124338415304,0.017682486420628,0.05,0.296420331112466,0.00697867654702228,0.05,0.2961119021454063,0.01267293928142776,0.05,0.30233415461107305,-0.012476730347255487,0.05,0.29292422108981486,0.005373358502076704,0.05,0.3116219105265258,0.01802592422412052,0.05,0.29056990596020094,-0.016756865920451124,0.05,0.29309522288433576,-0.011931258591693058,0.05,0.28183339896480897,0.015800864082594405,0.05,0.2954411726462798,0.009241485117950336,0.05,0.29684241991782906,-0.00045931800628901045,0.05,0.29314814121589494,-0.000565155065964787,0.05,0.2912875418818549,-0.0004167910554247525,0.05,0.31457223075065954,0.010412094363220081,0.05,0.3029105190102636,-0.026394816360679887,0.05,0.30567256402057996,0.013289067687195073,0.05,0.302682657095322,0.004285649834762623,0.29859818806389143,0.3064940251582246,0.02794021109973045,4
0.30330528172905413,0.2902828282072307,-0.017904342883051108,0.3072623987327096,0.2903640859497928,0.0040210997462113915,0.05,0.29654457258582506,-0.021444719067106124,0.05,0.30832269588574207,0.014135407741237914,0.05,0.2864435069673198,0.009628869246236557,0.05,0.3033525999494937,0.016749144047170244,0.05,0.3016678193865564,0.028536722835113028,0.05,0.2987333911846922,-0.005441887949683334,0.05,0.29025209122402157,-0.018678838148360175,0.05,0.2897551500098456,0.004367992908215449,0.05,0.2973090068132353,0.006613864533137106,0.05,0.28790751245538393,-0.01711384400347456,0.05,0.2912745662322449,0.04338541470251367,0.05,0.2983431867108863,-0.0013273264354210581,0.05,0.2992254699273373,0.031056586403976856,0.05,0.28386660598250535,-0.0011979904862852687,0.05,0.2837728594965415,-0.04759628564860724,0.05,0.29265760052308354,0.008243276930070062,0.05,0.29202219273925806,0.007915303030502472,0.05,0.30106476304504826,-0.002781311969384162,0.05,0.3126496355977166,-0.01192073099695064,0.05,0.30380655421360275,-0.03606173523490245,0.05,0.3009877943755106,-0.005144320736893907,0.05,0.288177535980116,0.007969975574568114,0.05,0.29261048976098125,0.0346436915435513,0.05,0.2756618349465507,0.004965170835233672,0.05,0.3004269727445844,-0.0056172751114992835,0.05,0.29470764299476987,0.0013725639986551113,0.05,0.3106219130762719,-0.033443710181522646,0.29194013103189814,0.28949682865677856,-0.02194584539445387,4
0.30342749005435427,0.3058933728473385,0.021302057374640748,0.30605097832629585,0.30686141924241767,-0.028236164414826456,0.05,0.31483563241625956,-0.0041951506150902035,0.05,0.31032996079096387,-0.027523340328358684,0.05,0.29758580164481774,0.01886031817135475,0.05,0.30027924442679477,-0.015079397705808175,0.05,0.3130981333519212,-0.02342828784187978,0.05,0.2997957325775299,0.012803414217652907,0.05,0.32095690329960364,-0.00916711185491412,0.05,0.2972354874634016,-0.0088938226670095,0.05,0.3023847015891455,0.011758565359957297,0.05,0.3109331337866832,0.015120955519616196,0.05,0.2950262585034971,0.01626742045258848,0.05,0.30091545644044726,0.014905044576364088,0.05,0.3080236743289588,0.032602514920196536,0.05,0.29645409367497016,-0.010911052054737738,0.05,0.3044716341308572,0.023650338353406266,0.05,0.30058063830024434,0.02495424583719638,0.05,0.3069005833980867,-0.0040243095578418155,0.05,0.305633355030589,-0.00869653582535473,0.05,0.302386000732661,-0.021463182896624713,0.05,0.29931843369565564,0.01999378307890712,0.05,0.3076714690143574,0.01241683496066677,0.05,0.3028747967501482,0.003196920994255892,0.05,0.2873294289793493,-0.004121707460772071,0.05,0.30182615783665395,-0.02248806991480545,0.05,0.28248244083210117,0.02257665493886894,0.05,0.30050838526609835,0.004199585615155656,0.05,0.30555626822794874,-0.01964333900969862,0.2959650420593737,0.315040676045202,-0.009773107932234668,4
0.2973414470455314,0.2933051183499782,-0.014817084529613214,0.3110548135234211,0.2752331844396998,-0.009140276397043956,0.05,0.30225410142629994,0.03393582197480576,0.05,0.28864774644111557,-0.02611342694072483,0.05,0.2913989967867193,0.014034107935791027,0.05,0.3012528546327869,-0.028852713420263614,0.05,0.30099557597599963,0.03102875531778578,0.05,0.30264480401073135,0.0032911578125729367,0.05,0.3022474211958217,0.008290054411257325,0.05,0.2873289843859816,-0.004638480042272456,0.05,0.2982024386692359,-0.009669380399550002,0.05,0.3068612160877387,-0.012679869265130286,0.05,0.29640031578575876,-0.02520345361308386,0.05,0.3037831055964086,0.018838059235220417,0.05,0.29638979482397715,0.01614780821307807,0.05,0.29853043224562803,-0.050548987401153475,0.05,0.29948484665295527,-0.0035114241836808643,0.05,0.3010299559976168,0.005063708702811835,0.05,0.29316078474650525,0.029426299555198904,0.05,0.29933838446194416,-0.003993273483728315,0.05,0.307445296083014,0.0003707989057806823,0.05,0.325658416592444,-0.004198155822159227,0.05,0.30351815450913894,-0.014983053097341222,0.05,0.3087053554303825,0.0061743678838768095,0.05,0.29661031949176664,-0.017448761972033554,0.05,0.28690577700398673,0.008374291177515883,0.05,0.28613120529472974,0.026169483384003264,0.05,0.28737154750231636,-0.0035674983921654565,0.05,0.29118458727926166,0.0006537246887715332,0.30026507179375306,0.3044480299801957,-0.030525579876699807,4
0.29236297340821044,0.30970547451152197,0.013171032040080216,0.27500517471723646,0.30377229586594845,-0.020649299519362053,0.05,0.29408177123294715,-0.0045465517462867176,0.05,0.3155739015764967,-0.020853948183665722,0.05,0.28596106648599845,0.009006376535614478,0.05,0.29971982377666,0.024140064775050964,0.05,0.2964716609414864,0.024216345183839968,0.05,0.30016268597718276,0.01058230217127441,0.05,0.31623943487016265,-0.0033449580947834583,0.05,0.31044666235675406,-0.012271971434760161,0.05,0.3022753895389624,-0.028893183433665835,0.05,0.29495680031020766,-0.02116070517716289,0.05,0.31220752603254737,0.03477596721901738,0.05,0.29645298055668057,-0.015460763648021816,0.05,0.2868605550329003,0.0052908275220413395,0.05,0.29397713645331586,-0.010974326826965355,0.05,0.31629588617431936,-0.005927973030923642,0.05,0.3058664957033867,0.001059221798292244,0.05,0.28644794592659567,-0.036897607456762106,0.05,0.30487522058695676,0.03408221041733608,0.05,0.303149875354205,0.012481803663682714,0.05,0.2909529369441452,0.02029788684126018,0.05,0.31002504454882035,-0.013923969446083578,0.05,0.30545408773833127,-0.03532835701345935,0.05,0.3072391196675899,-0.011448351715600916,0.05,0.2877287086308998,0.008052799139840073,0.05,0.2822827003488435,0.006848271615366468,0.05,0.28867720870455105,-0.02692552246463719,0.05,0.30059852961379685,-0.0034510251502973543,0.31456789451090506,0.2871519874987738,0.02750108982329418,4
0.2886235539573072,0.3091944241642504,0.02212185045706748,0.30321458785890926,0.29209046119461585,-0.03045908943912896,0.05,0.2804822351640482,0.03704581908141771,0.05,0.2970314510626803,-0.022093350954550305,0.05,0.2885683939395992,0.0033572478721352107,0.05,0.29605147896395906,-0.03838585157713936,0.05,0.30864540669463447,0.006699671109958494,0.05,0.3183991099916888,0.02281582895109078,0.05,0.2690185284547922,0.02833947947675126,0.05,0.3120749124927454,-0.014727455047120003,0.05,0.2956742424287692,0.008234502144824837,0.05,0.28985784991203173,-0.004854577364256608,0.05,0.3100003744582591,0.010354558173801607,0.05,0.29333215236038257,0.020455211132824495,0.05,0.3030289526254293,0.0053741090589374705,0.05,0.29485067637018797,-0.00013077087337724062,0.05,0.2922590851838023,-0.038811031694072996,0.05,0.29720207834301016,-0.0024430449218959737,0.05,0.30137288779487664,0.0242430919673699,0.05,0.2934771515527329,-0.007355040070294393,0.05,0.3076617759762122,-0.01505044229163691,0.05,0.30153749528808477,-0.008165640271287125,0.05,0.2975637561728857,0.015162897784213541,0.05,0.2962654694401956,0.015814880144796692,0.05,0.2804756689179484,-0.028592293478389225,0.05,0.2768179990925115,-0.023315412343339337,0.05,0.3185684366284917,-0.0003507181736690567,0.05,0.2927869724954254,0.01565613649984847,0.05,0.3092401105725717,-0.024416956281250523,0.32498200117974113,0.30276330843001054,0.008047039769086824,4
0.3049723315135786,0.30495137870045974,-0.012429468094289556,0.321125192909628,0.2971481155325634,0.01915035555286652,0.05,0.29525065377778753,-0.01304533006206629,0.05,0.3190186461325099,-0.002167420732376805,0.05,0.2996589279901045,0.005672344110100201,0.05,0.326017704713208,0.04337522335842854,0.05,0.3128378260832577,0.057072451654808995,0.05,0.2905542328007909,0.013117679813827792,0.05,0.3007582293098044,-0.035381754640717133,0.05,0.30463096930663774,-0.009816529598280981,0.05,0.3153350084098031,-0.00790043728876737,0.05,0.29548108030777154,0.030661376517026093,0.05,0.2993454602157783,0.023257553874943115,0.05,0.304243594399233,0.008755429226069453,0.05,0.2975595262711959,0.010044200914140157,0.05,0.29868508188010773,-0.016076068953127375,0.05,0.29895745684683545,0.025756615773501145,0.05,0.30536009225591365,0.015368814626535322,0.05,0.3000146737144211,-0.03875580312362991,0.05,0.28778571501580924,-0.0057801110708773475,0.05,0.2886493765448271,-0.010487151251815444,0.05,0.294394454302858,-0.01060817480255132,0.05,0.3143716985530411,-0.0010595654985905943,0.05,0.30934670158100536,0.0032788988911605205,0.05,0.3141574660766011,0.02041959210295252,0.05,0.2940848413032943,0.039232589465963585,0.05,0.29545477592981584,0.00400001331663322,0.05,0.30377026833030324,0.009767295204289954,0.05,0.30796179894976233,-0.01513568837495382,0.3071233526681337,0.3058114555700867,9.440695781697866e-06,4
0.2981025649604594,0.2919189835447429,0.009607023242489056,0.29339530480041703,0.3023788077019965,-0.0020265804563618043,0.05,0.28665839244250774,-0.018668770277459865,0.05,0.3040477585777353,-0.01048636227938816,0.05,0.29441579831512465,-0.015278948044887046,0.05,0.2926998847713551,0.03285333035712695,0.05,0.2888006086299538,0.029458064913303557,0.05,0.2966926877920172,-0.01307508985155753,0.05,0.3038382356383127,0.0010608156854089422,0.05,0.29802500049131336,0.004397672609869419,0.05,0.30037198196936266,-0.004311955026796807,0.05,0.3093567437925074,-0.028939534310223208,0.05,0.29085335176835586,-0.015764303346038303,0.05,0.2894206333799109,0.0017185321866481263,0.05,0.3050541955907449,-0.03925060989041843,0.05,0.2952594692696419,-0.006433271610982327,0.05,0.29714144043842566,-0.02570175939733052,0.05,0.2968667912717237,-0.018222457837402103,0.05,0.29665622893298677,-0.03439255037331071,0.05,0.2967244057663102,-0.014380671919249861,0.05,0.2973751895225311,0.0060158542062894865,0.05,0.2995526493958478,0.015867904035511148,0.05,0.2963923358680366,0.01237769635730186,0.05,0.31124987106380164,0.005475194109279073,0.05,0.2997920216946779,0.008287241683575768,0.05,0.3030908361745446,0.02002486016186517,0.05,0.30793799459509863,0.01611654420849547,0.05,0.3004402595756181,0.006824532653849682,0.05,0.30322526263255967,-0.02414758804215409,0.31068916018425313,0.2833070947005553,0.014243733152540745,4
0.30266996096857707,0.29715711772230796,0.007823803176525024,0.3041856932622945,0.2869220009324692,0.028322525641630118,0.05,0.30072138053851666,0.0462946460908184,0.05,0.30789771028636703,0.0009879469383076778,0.05,0.2930996071400738,-0.0022167907438545714,0.05,0.30149830728582666,0.02930860308655442,0.05,0.3122665983431053,0.009029769649498929,0.05,0.3176919116923666,-0.04032362259201104,0.05,0.30462787386528306,0.025113038370408694,0.05,0.3054743777141555,-0.02665615957646997,0.05,0.3138944313351779,0.015226971267468688,0.05,0.3034301196021346,0.001767159823121445,0.05,0.31993702068148755,0.008890350874659036,0.05,0.2975808034126283,-0.016227570017911194,0.05,0.3075752913920861,0.019724667905512024,0.05,0.30056515554483687,-0.011155569596921537,0.05,0.31330056598212047,-0.01774830835393665,0.05,0.3196944538133198,-0.014690676366960628,0.05,0.2872170198615133,-0.023007333947267325,0.05,0.2889027917170676,-0.004731922080736957,0.05,0.29531827484399154,0.020492796496614313,0.05,0.3088207481528948,-0.004470221180313798,0.05,0.3310338440576487,-0.004735221335699858,0.05,0.29896483644937133,-0.025548358962647698,0.05,0.29919459675375026,0.0059480138278219935,0.05,0.2881577910610619,-0.0099738284961939,0.05,0.3032701072997561,-0.010496709582015403,0.05,0.2926584082762905,0.015642660284078864,0.05,0.28717886188866937,-0.021758447571873125,0.30177379340584276,0.3084615926274028,0.006110479324532401,4
0.2977611274464379,0.29694611380795904,0.020208837656530733,0.30859001432970684,0.30049849251842903,-0.005552373982730359,0.05,0.300352721926453,-0.014543948971861492,0.05,0.298498243486051,-0.009790733439811307,0.05,0.2989915518162154,-0.009073685393218034,0.05,0.30523951873938,0.01636810799698871,0.05,0.2962028417978531,-0.016237593377334623,0.05,0.3071162173418417,0.003695176255768824,0.05,0.2963326392148298,0.027511038267264143,0.05,0.29434965739533503,-0.03985872631360353,0.05,0.29292040629368,0.032367569537826255,0.05,0.2968229626893319,-0.010308785828719151,0.05,0.30026603121253564,0.020221261757858034,0.05,0.29917100009282843,0.011826951638172807,0.05,0.2981073376906319,0.01198422342292732,0.05,0.3018026279390151,-0.007959835497784448,0.05,0.30258091976601337,-0.010850198154294674,0.05,0.28621811648166895,-0.0003977558770427751,0.05,0.2871062564211015,0.011948590710577757,0.05,0.2996250922827518,0.028465838968476678,0.05,0.29669762888975754,-0.0004005439368704815,0.05,0.2853037394885349,-0.022081866223410917,0.05,0.2832127723765147,0.021549876222923287,0.05,0.2954044568500588,0.02654159502786809,0.05,0.27319388865926164,0.03096148797088216,0.05,0.2993197710929512,0.006796947779306621,0.05,0.2893705726981683,0.01054579837674654,0.05,0.2962608585394479,-0.023879084440904662,0.05,0.2879233364709806,-0.024507008731646,0.30380239595796826,0.293643683841384,-0.03280187511419674,4
0.30369299514037706,0.27827270476797333,0.026581441939881913,0.3198641057627325,0.28687576324473263,0.021049012632280865,0.05,0.30349098002405506,-0.0100007735309856,0.05,0.2954662757937016,0.013089566258202151,0.05,0.2996004920239654,-0.05188418314613691,0.05,0.3207301440300352,0.008663483719696085,0.05,0.2994798921918295,-0.014368464793696873,0.05,0.2981103949633357,0.025383745177023822,0.05,0.302616184345462,0.0075074924889601,0.05,0.2875082938035311,-0.006992605524534448,0.05,0.3005105150674335,0.013931326869150834,0.05,0.29584183790121343,0.018557375309504274,0.05,0.28855646791654554,0.0013907264617392346,0.05,0.29902385121101543,-0.03031052922771179,0.05,0.299522918433241,-0.01165209041132275,0.05,0.31413774727492927,-0.00820512071842174,0.05,0.3035087053459271,-0.02462083965630682,0.05,0.30236568893413224,-0.008300926172190989,0.05,0.29223723516032024,0.056677844638748844,0.05,0.2964655097125013,-0.004238978586478798,0.05,0.30901993452750137,-0.0153685336305201,0.05,0.3040327227741087,0.01020640824888361,0.05,0.30244700426461707,0.045926786318587175,0.05,0.2919573095047133,0.03075201203147957,0.05,0.3047214040242556,0.018188992263798706,0.05,0.3034123437168343,0.03756554703488373,0.05,0.2967992207672787,0.00994440476886737,0.05,0.3130547294057068,-0.011176853941425164,0.05,0.3100043667729669,-0.0003727651118867807,0.2876511637266562,0.2854841042145011,-0.0018163966675077078,4
0.30990885121604345,0.2792103043503248,0.004009000782576929,0.3089237713488491,0.287220501146788,-0.012679332512600052,0.05,0.3057236694157765,0.016970758946839755,0.05,0.31604098222199034,-0.011726816026001202,0.05,0.2918442314556182,0.03305370929363889,0.05,0.29245058133820245,0.010145710152012771,0.05,0.3218311485643212,0.015054173872123698,0.05,0.3078327021693673,0.025561322095308557,0.05,0.30524867577885306,0.015761408032059207,0.05,0.29657410385862704,0.023199249336828206,0.05,0.3041348161587956,-0.029561381811850813,0.05,0.30242943912350817,-0.043392961643691115,0.05,0.3071391296565886,-0.004671030871527635,0.05,0.31905552667143733,0.009792625293803044,0.05,0.30924181591023936,-0.020984465000940377,0.05,0.30684574725035846,-0.012813160452055264,0.05,0.3109051767474267,-0.02236704452000964,0.05,0.3010980735285693,-0.023157648638331776,0.05,0.30125809953485294,0.04044973812001162,0.05,0.30721268080256525,-0.0006525700381871332,0.05,0.2753784087661495,-0.010713742362871329,0.05,0.30474653645757344,-0.010217153512047678,0.05,0.31427150247963437,0.0014307632490120673,0.05,0.31078595116111873,0.004098017159542489,0.05,0.2972401785689325,-0.009426530071407854,0.05,0.2898784596167772,0.021932263669241052,0.05,0.295719880679458,0.010445936832331833,0.05,0.29474255016731954,-0.021660578091846367,0.05,0.3055514081062557,-0.014934077925617918,0.2959951275513286,0.2875131151457141,-0.009862465031589373,4
0.30024107168287895,0.2971250901987547,0.016364532329192303,0.3014552074306551,0.3308731381111234,0.008485011753377063,0.05,0.28264512464832353,-0.004257648318212895,0.05,0.29873751852250413,-0.012272624767605687,0.05,0.3007261083423622,-0.012867941244007516,0.05,0.30332819798943195,-0.03817375425541647,0.05,0.31144158471791916,-0.031565807523008214,0.05,0.2973644444798346,-0.014654135781943481,0.05,0.3030592007104741,-0.003664822214706576,0.05,0.30251650665679636,0.022223848229085547,0.05,0.30768615437666963,0.0007261468348311871,0.05,0.3045950776663866,0.03920015037631185,0.05,0.30804238294682673,-0.005870758685744349,0.05,0.31277864337390127,0.007826206416388867,0.05,0.29037225148732937,-0.0036144458036355986,0.05,0.2852774263651703,-0.04570040207864123,0.05,0.29050959708784435,0.0024516213736094587,0.05,0.3012550887448219,-0.02823151370250126,0.05,0.27621238072741294,0.029415249486414347,0.05,0.3009529311916023,0.031114239558324975,0.05,0.31498591096835704,0.014694193351459908,0.05,0.30059143581691794,-0.00795301628390879,0.05,0.30718596523250036,-0.003197157316714761,0.05,0.2941038073743951,-0.04195809368577729,0.05,0.29916894691583396,0.0219334177499226,0.05,0.3125931657989505,0.0010655742112973966,0.05,0.29111289649393274,0.018054877110376004,0.05,0.29984634552353256,-0.00731350669453217,0.05,0.28544085080534193,0.04207522953891588,0.3073839844906054,0.308462485085725,-0.017256185272162113,4
0.300797496674885,0.29918506134040507,0.015641892220391224,0.31359718456144803,0.2856578440264303,-0.02149355195966213,0.05,0.306457378503779,-0.010160587188848947,0.05,0.3081487411787477,-0.007461186887640201,0.05,0.28751225369325,-0.03518698977567258,0.05,0.3048412792003923,0.010173010870948383,0.05,0.3097021574227122,0.006557472126209167,0.05,0.26242564678740815,0.010068682156938218,0.05,0.2854254253549144,-0.03735435996319363,0.05,0.28011845381078504,-0.04160375945283744,0.05,0.3027897810191565,-0.014623684818280804,0.05,0.28480894708757437,0.0004616511140480983,0.05,0.2889406677542004,0.019621418477574277,0.05,0.3145021937383371,-0.004352044715586261,0.05,0.3137727438650847,0.027511815213048144,0.05,0.30084607743712943,0.034669069332096035,0.05,0.2937833799495248,-0.03910510318183144,0.05,0.28445621920876396,-0.013353693093864446,0.05,0.30534302049730166,-0.023096457354525642,0.05,0.29324199146571506,-0.02498952977083802,0.05,0.2934709801482155,0.026854188778881887,0.05,0.303575758908293,-0.011539785331843326,0.05,0.3122047112318672,0.0005133047599515803,0.05,0.30133655501056245,0.022855505333351043,0.05,0.29657378870152284,0.01832480925939864,0.05,0.30844928641765584,-0.002910899472795414,0.05,0.28603806683954114,0.0002538352822541705,0.05,0.31137253246641683,0.016395361389509755,0.05,0.3171025039111731,-0.00980800413146325,0.30779300472732235,0.2899371224616205,0.004031679212807253,4
0.3110541240521498,0.30906424587401043,0.0020614608384817525,0.2973194783743871,0.29005169008630727,-0.0045154654543160455,0.05,0.28689796158461267,-0.006863880965288429,0.05,0.281937767846601,-0.026373344560573175,0.05,0.30852805900556773,0.014827881830039767,0.05,0.2971115216126803,0.001295375792392638,0.05,0.30198895672349174,0.00920656780022364,0.05,0.30353316707251693,-0.02673551756550495,0.05,0.2755691637815105,-0.02033777098258224,0.05,0.29845669624120286,0.01920367338748698,0.05,0.3023435969072898,0.010687531256800949,0.05,0.2910311837856563,-0.0014145779904201608,0.05,0.3006548485945721,-0.01511353677457797,0.05,0.2893044009412268,-0.004533555541920762,0.05,0.30661236348114856,-0.01809902977826288,0.05,0.2979180726721926,0.02709979268683215,0.05,0.29480658689118866,0.00014565974100838383,0.05,0.29894291919024313,-0.003755832563122771,0.05,0.3166847816433401,0.006115066180681205,0.05,0.28429817900262644,0.030568396931461815,0.05,0.30274813461197486,-0.007471487273059371,0.05,0.31349442505638825,-0.015573799262501225,0.05,0.31715700092880605,0.0018660528513512115,0.05,0.31005558847006176,0.06135004223173301,0.05,0.3018009153881108,-0.0019366380008034765,0.05,0.2893297039540592,-0.002411409135384292,0.05,0.2896382822473267,-0.0037393685893588645,0.05,0.32894684130473334,0.002391959091497177,0.05,0.294463124840759,-0.004194361536456643,0.29588128600756863,0.31048401873141623,-0.0018044919580031767,4
0.31608888093413134,0.29683900715948947,0.34245262168919305,0.29103215614277583,0.2961661809773873,0.2979928931473564,0.27870189816140134,0.30624673353698945,0.29763678110237185,0.3040596549918302,0.29499503150155215,0.37818586916490254,0.2827659557928614,0.30598250813681366,0.3599479986283718,0.30362516225281766,0.31123898866891336,0.352108612012674,0.2755216111660078,0.30449108090690385,0.3595901783772815,0.2975537491695872,0.2915822709232112,0.33917242031020145,0.314580597766491,0.29080092155426096,0.29778765577831845,0.2853173731303795,0.29964704082811316,0.4001255158833098,0.3220485072207815,0.30650231509449544,0.3205626215419799,0.29124908244624975,0.30875837328765704,0.38994906289903514,0.2935800300554666,0.31424450494907274,0.3431131948098884,0.30714283976101375,0.3114546698655934,0.3055469645307925,0.30451438766533473,0.31428642544014557,0.3331800493891801,0.2894341856442276,0.30494785435330096,0.3540032983713194,0.2967269596872562,0.29997787290040245,0.29989117982732444,0.3040447532285054,0.31592597855340354,0.32855972630647784,0.2917158306954969,0.30172561743990883,0.43537632350867006,0.3109988327355347,0.299058252152707,0.3511879645415641,0.3119884687561675,0.29090624752470917,0.3683522781999321,0.2888254499110581,0.30924914669218545,0.3411813682335735,0.3020069412524292,0.2964112391513187,0.37096060128059943,0.298253180834105,0.3215797168602826,0.39256602769406634,0.28695711337697255,0.30191456136149936,0.37205465695967754,0.2954184067140678,0.3121247670396201,0.3828395244773082,0.29916437446807137,0.3098121588407338,0.27768011915275576,0.31357588209276843,0.30886508802075524,0.31736966915806225,0.30251880360092853,0.2797371648863276,0.32709729101431306,0.3109563933808241,0.2998716384159485,0.34795391082429344,5
0.30045226190646557,0.29928570353762496,0.3796246915090618,0.29381010385552137,0.3041934607366134,0.31566147005370215,0.3074109922826671,0.2967862889814781,0.34877037401466154,0.29637829061141546,0.297643465994848,0.31985821317063634,0.30329250062159335,0.3055466409736882,0.31008079538461936,0.29403600094020194,0.3003001384261662,0.33204055585401987,0.29777178385813274,0.31616101740490016,0.3194551164362272,0.276878129970617,0.29401260187693684,0.34015520945060923,0.2951001005111872,0.3026881119718204,0.31915754720470485,0.28824719883403743,0.29325512825619227,0.3303845379056252,0.3212084094794912,0.31552447547928314,0.2999141915211569,0.2807019108710893,0.29914247052379533,0.40734785036013077,0.30666089741826486,0.29967114300797204,0.3363177718186511,0.31077162476440806,0.30177989379603304,0.40195275149541054,0.28312295137574184,0.3042364578853319,0.3331010699736235,0.304142752175136,0.302508562515964,0.36528998627000064,0.3097758214677619,0.31389792579761827,0.4085516951121085,0.3001579430105737,0.29457650026389687,0.3132253469395483,0.3043488634036358,0.30834917347426755,0.30954656752906673,0.3114466498424874,0.29898649689616186,0.31232549647273017,0.29151712805505353,0.29056757237356223,0.32223634255702827,0.3056990139644264,0.3086382772868855,0.40097436744569603,0.293017777676615,0.30342956267455307,0.3305892259910403,0.30020123902995705,0.2851961961267434,0.31630408578980657,0.3080306048865878,0.2851653404789425,0.36844492903033066,0.2932385094794828,0.28074463615293455,0.2738429198170559,0.3146346134655334,0.28094583531984124,0.3480688215195782,0.3035395079437698,0.2868679777095353,0.3333942389493933,0.30478823910007813,0.30293316184820474,0.33618273300577234,0.3023690462967532,0.2989776533581442,0.32088750261312415,5
0.31200490456773733,0.3020742058496143,0.2947390646828279,0.30521674649171743,0.2938448415000636,0.3413169142805572,0.3000819483419674,0.292070524970139,0.40409113588683054,0.28506682274731576,0.3005668747729844,0.3614405474346475,0.30041212775028003,0.29809014191522026,0.33868960151039623,0.2919682005420203,0.29179086841827157,0.3847563035380334,0.29558253276503077,0.3213218566680638,0.37006820956387304,0.27332370285393576,0.30883259016227566,0.3484052058283225,0.28610048252616177,0.3130425519982596,0.3369224919963941,0.29479067639718215,0.30375190016942294,0.38428491018668703,0.30113415198198157,0.3004181934789534,0.3290940195664024,0.311257568490321,0.3012305078655878,0.34323670617748997,0.29650493123041227,0.31026825595587054,0.34213029211102614,0.3102939761813532,0.2952842529664346,0.3716691645134822,0.30207096180342363,0.2904924501141604,0.34739071707119823,0.27809397083598864,0.2925596015896815,0.3026658078422106,0.31997500093179676,0.2843396938398339,0.4275737188165393,0.3051427953266848,0.2948113283204698,0.3741908030186248,0.2935548528084045,0.2859045111959239,0.35237210804626484,0.3070007269632624,0.3127841089526189,0.3649319032867697,0.29470654476330665,0.3138627608208082,0.3848892747870812,0.3026901752777154,0.3121077774682349,0.4155443093295442,0.29456416059906265,0.29100322317717,0.33281932428716104,0.28650349970034156,0.3059121478461669,0.30170290395968935,0.312650142340717,0.29327818363826513,0.39076123396532475,0.2744296170167955,0.2961481237229617,0.3112096875273124,0.313533549225882,0.3167902479850383,0.27967763307951865,0.30865861558333785,0.3106868735365891,0.3597705357563248,0.3058816330941202,0.3051605501477556,0.37608525446000357,0.2890753295952366,0.31200494344440016,0.35628039007686285,5
0.301493338397698,0.30566624949241067,0.31187693633511376,0.28446557815250595,0.29878967837697123,0.3963061679414239,0.2881461737129951,0.30175154440666474,0.32849948276191765,0.29149021570747047,0.30500748365976843,0.3727812649816835,0.2921244853103678,0.3138725025596678,0.3626751087947761,0.2975832203548673,0.3034751803590527,0.4110904254396865,0.30753530751100683,0.2930130306474119,0.3494387751416893,0.30131268871171507,0.30665356787644954,0.35718643162607694,0.31895323908952167,0.2977331357129883,0.2981028290771962,0.3021452856949725,0.2955887480080389,0.3048790702955346,0.29296476018332884,0.2964161203182268,0.38419412648751455,0.28516751682102126,0.3034978526757528,0.41661441864563564,0.29825138364323317,0.2979575951033483,0.37159329558433096,0.30522181595913606,0.31417562223904016,0.3449866661630397,0.3070219291164963,0.3071810078887402,0.3399333232054609,0.2988601981001797,0.2998880082854023,0.3128690055607875,0.2961132160654636,0.3149616452676688,0.3811314984701335,0.2942006408428451,0.29984257851467366,0.37914169668282627,0.3044340568754222,0.30799910952490805,0.3660238435638402,0.30215411402730125,0.29834107317153613,0.3141467431921938,0.30692234885468256,0.2977824798199259,0.30056339318429465,0.29454341006788565,0.3085228968945281,0.2925150685620216,0.28970475484804203,0.30137133401319216,0.39217155930182795,0.3099997606893382,0.3150163461862997,0.3562334554617865,0.29790819565532967,0.3084330667443295,0.3230189816048823,0.2902261674976536,0.2884491022483198,0.3826665386289518,0.29165419422522837,0.3100060340851627,0.3544535085095316,0.3110173964954459,0.2889461781863494,0.3312345302995397,0.30453989064379544,0.2956904009329985,0.27519949854551945,0.286277405475902,0.28886743305979007,0.3188256160891874,5
0.30681783181834626,0.3033704869084474,0.35486673840134475,0.32008669008239166,0.3117522445556783,0.37405457870603154,0.2850473393999857,0.30059539936230995,0.358960899869638,0.29584772770739176,0.31706379780782407,0.3515361173172189,0.28771651234762097,0.2900262262925091,0.41847027014679694,0.29579877022728107,0.2792147105679938,0.33201966558300494,0.28173380506516166,0.309173107984708,0.2913544376260656,0.2859779490966319,0.3000398856051112,0.38328140501049324,0.2993056593152067,0.2874235456220095,0.3554768897208603,0.29532202536023866,0.3113270217321611,0.37564364004239137,0.29462840537519336,0.3077977281040313,0.35813676842597464,0.3136680946672028,0.30737181306698574,0.36640987174632905,0.31327959478670964,0.300154046815576,0.32680698632182786,0.302008397386941,0.2964458569587145,0.368125896474491,0.3006194403497819,0.3040293687242053,0.3138765580131346,0.3050828653535562,0.2871477721314579,0.3788528054460605,0.3096325437658904,0.30347954132606786,0.35930260725057594,0.2977634392938708,0.29396771328369625,0.34955062383711866,0.31982684921609167,0.3022931891678802,0.3096275268785129,0.2829164103376086,0.2856192564850979,0.3386721025919462,0.3126579908436634,0.28976516213631304,0.39265239453786477,0.30179448391736574,0.30483443668278315,0.3636811876515108,0.3059066529670438,0.2958863451197784,0.27996753232354576,0.2941164297753436,0.2911212081446382,0.3593168745111283,0.3021923891749034,0.2972762037691477,0.4026657494021026,0.29359271387373354,0.2777426666261111,0.3535837002021736,0.3118919497209395,0.30287160877602776,0.33930084517582865,0.3024044750514001,0.31838906564309505,0.3237461591611795,0.30030873184204254,0.3066994277616062,0.3576166157199679,0.29752132940754733,0.2957367413355819,0.34144416575924647,5
0.30532032325422664,0.3047377236185885,0.4128415575154563,0.28463210486013685,0.317579066898546,0.34386571011726497,0.2990941297861189,0.30858733135159333,0.37557225230479924,0.3115661803391501,0.3137477728892095,0.34880507014148054,0.31387630880784045,0.293708438138783,0.34084109072834273,0.2981798493101716,0.29473370387103465,0.3517956897303762,0.3089642472190741,0.3065134597745165,0.3316044700037518,0.29304479284893553,0.29144653004260734,0.35266375466953404,0.2841915654245758,0.2910939960114786,0.33623536781974683,0.3105537095786235,0.2986782972882915,0.3801757695339757,0.30187574793190974,0.29525700834180424,0.3370057430169009,0.28833941881421665,0.3240318192569718,0.3833153765453732,0.3060372557545753,0.2869669031639198,0.3364512173388161,0.2902466632230978,0.3012756823305391,0.32218078238208075,0.2932970941955055,0.29098845048661043,0.34280740025707573,0.30071424980436806,0.29786738055987017,0.39598719396234877,0.3081110690445314,0.29216967201401095,0.3597681704433026,0.292993388979367,0.2960487607171931,0.3643759160982812,0.3066564999058391,0.29412567985711,0.31685391239643473,0.3008770349772433,0.3043462240858194,0.3308513350814982,0.308165545175656,0.3063929300326544,0.3304138689228918,0.3113016218585916,0.3116072728431749,0.4120300431687087,0.31711759717983773,0.2909738677747578,0.377749475625974,0.3087962929658931,0.29651516800577127,0.36364774184198095,0.2812237634977618,0.2809461433210703,0.2985607417859795,0.30389256921426727,0.3043650913192006,0.3417834766047674,0.31721169128759263,0.30987075402909287,0.30205060445630505,0.29828025794114577,0.29060314683818694,0.3624198760616453,0.29969421075234626,0.29117021626093553,0.40083417591583803,0.30057396907958744,0.29583960460529757,0.3424058015161908,5
0.31618668046208626,0.3091127463983405,0.34512946675504647,0.29007910319900376,0.2916380486184042,0.335535721669859,0.30507165759215554,0.3075653190098671,0.3282337652307487,0.308007601833715,0.29091384112031904,0.3316467903810344,0.2855047647929454,0.2852069225381661,0.32241717917610396,0.29974268244110647,0.29006018619389207,0.39494253085117115,0.2906750301367104,0.30183946402501416,0.38960728901758,0.3009251260427375,0.2963608417583098,0.35441025759660666,0.29438265335939356,0.28999190805957303,0.3683811885810341,0.29416888522913553,0.30936753263530425,0.37388788398580736,0.30166316509375124,0.30970885889088157,0.33367822345943504,0.3078377690565501,0.3077857289727785,0.3409573553226524,0.29570280610900834,0.30329028545827463,0.4090473336548532,0.29767764538676494,0.29549227626706626,0.38535184404730327,0.3006813255569935,0.308660210649846,0.3942389338254536,0.28092976113930174,0.29962420408551077,0.3431058889005268,0.29037669232554914,0.2808136590913926,0.30225505537917974,0.3010436878186942,0.2946596397068117,0.3259449923924068,0.3009442737971476,0.29307852949623925,0.38870541916335805,0.29379115760812735,0.3150532151997256,0.3490995280385629,0.29348100406124955,0.29275435242458814,0.3954138276539313,0.3069583337995565,0.2924058181708658,0.35357229704673826,0.27641321191319657,0.28668395681388004,0.3274913399247788,0.29225182736399485,0.31213014720080007,0.29257439981777583,0.28572193470915624,0.3045239448329037,0.3569081693976521,0.2965022916441864,0.32052488928796896,0.36852221275603986,0.31222824705656105,0.29949199881566885,0.3336925356935957,0.29467870622602244,0.3092766491137254,0.37318245013114126,0.2978139186751588,0.3047158405462902,0.37887854162051643,0.2943607052021771,0.29656604525275704,0.36339921504966155,5
0.28211339742367325,0.30465592175395195,0.31624852821358057,0.30941653390940504,0.3214778482724051,0.3290849505555129,0.28650356265137494,0.29820091369198476,0.3420422065064069,0.30660723824458985,0.3023406131089431,0.34111009152053945,0.30090613601724775,0.28877847584891475,0.374876451301648,0.31617961142954887,0.2880240286222063,0.30262241067702506,0.2959791157325215,0.2877852952287667,0.31171346950696543,0.2859798150435212,0.298063976039926,0.33765732591031855,0.30373256924135167,0.2943698580508733,0.31350070713377975,0.2998311702008488,0.2894144395765571,0.3653651335786157,0.2833377719916138,0.27835114191087945,0.30170681898993834,0.2958168058005854,0.29712870143770126,0.35410825350404307,0.29435297646002057,0.29153492042229784,0.3929982371188063,0.3116888541856706,0.30986202430861526,0.3592668887980789,0.3038850632385943,0.2919480211427789,0.35433074864676295,0.2906013277997852,0.2894672669937983,0.3014753066227528,0.3040607158196005,0.3016367176222972,0.34091345366359455,0.2956619341291218,0.28169893511282407,0.3576919867773151,0.2968445993710364,0.30895997210413634,0.35438634067692754,0.3070578388520403,0.2999275960140585,0.3554503361646678,0.30931126277687837,0.2980761073566159,0.3641556466460449,0.295564755851996,0.298688930903755,0.39780571995828445,0.3064050668195709,0.2945854109139635,0.36268757480681757,0.287200187263742,0.2977880778538077,0.3213972709753249,0.3045190619763334,0.29811068428331805,0.3585043542672952,0.30774179518543227,0.29539785740922947,0.3372654705039751,0.2996296281940086,0.2913950372560454,0.3496636103545313,0.3004156279263355,0.30228940215164546,0.36258651325741736,0.28396883744069795,0.28714878501435376,0.3149844723845701,0.30092608001226495,0.2971562414091934,0.2819682629559486,5
0.31947044808472025,0.28011030932254155,0.35091271040127425,0.3056337304176488,0.29280213025650775,0.36919879071984596,0.28991822520615185,0.30171101401932676,0.28458359532525523,0.311732290912935,0.3000087558624062,0.3021586278637154,0.30628754314527845,0.3163215224384529,0.3222076860621854,0.297897880581035,0.2948517610363927,0.3268934925580603,0.29124437899566735,0.29353541790479687,0.33222858618537876,0.29643536586196956,0.2957092334902957,0.37283513039220995,0.30671876316492597,0.2846649938918802,0.33219228921828303,0.31250557246510396,0.30294024959610916,0.36003412115175454,0.3023897841806376,0.2973833891395754,0.348768566280807,0.29596101089135585,0.3085573525197619,0.3381566522973895,0.2988704353477089,0.30735337453252504,0.3401662398821849,0.29929279951099785,0.2964180200871222,0.3473199522963076,0.296756779590898,0.29464143273430604,0.3287614120809229,0.29827549237971707,0.31018238211098637,0.3687109120267392,0.2842081832382892,0.29570850506333396,0.33084984293420333,0.2843767683839997,0.3027527852910082,0.347117263424938,0.3202294207630658,0.29665979665762393,0.32671473305306337,0.2912706170534274,0.2954840934675292,0.3677097987332503,0.3070486808179707,0.3292615733851829,0.3138025541387756,0.30086234875297196,0.2931571846357429,0.3605149931537419,0.3138315716913347,0.30862111379033735,0.31377186477300617,0.30684657541003046,0.2788664920676173,0.2786024191345693,0.2975094943880031,0.3061068022421246,0.36044590559053935,0.3190578823436267,0.3010932698296245,0.3467942389763267,0.3115519284028125,0.29625867318508964,0.3616624491077143,0.30448976144421674,0.2902823194226011,0.3616240037829026,0.3218502692864443,0.31136649706375547,0.32482131389874563,0.3233865094055456,0.3068926966912531,0.3627274865892503,5
0.2990277844126192,0.306827056477469,0.3533535389398957,0.3001964445596085,0.2986689113648264,0.37921300807817276,0.3086293971124222,0.2985060578639757,0.30443046249333755,0.3003606606038232,0.2928212364042087,0.33579262040545976,0.2987514758157333,0.2893968400996896,0.30169105533466517,0.30291973200066785,0.30026829530924815,0.349657727634345,0.3051076658859391,0.2934046212773689,0.35997420293246324,0.3133742204157272,0.29745294059128236,0.4069815128290384,0.3004999442712031,0.2914762075814121,0.3754905207478514,0.2988743947085382,0.3105255049459834,0.36240038866064606,0.2967217103088599,0.31521014941342396,0.33501886387042534,0.278343810061522,0.3088057967085435,0.36049795984233324,0.31283719187733217,0.29118326141641815,0.3425854502776462,0.2963995822616755,0.30933762075249915,0.3695255054003681,0.3021480037571714,0.30221244703988764,0.31547086513478784,0.3076868213688672,0.307891210234902,0.4187332152385621,0.30470784974395243,0.30632458686148173,0.3643280338298688,0.2930329523270122,0.31249401429810847,0.3483276146562841,0.29807041147433294,0.298651864743056,0.3480216917500113,0.2951359091133295,0.302152386131877,0.34710174545429384,0.29818290607973197,0.30489824954846495,0.352273660635616,0.2944586405378968,0.2923645941292414,0.352952050004446,0.2925336816096308,0.29181388247949647,0.32586569785785197,0.30254984732477735,0.31193542471004937,0.3604328194468067,0.3088682171242738,0.2993029808088218,0.35426675602089147,0.3165299566884865,0.3082870498760701,0.3781108019422653,0.2973579536966683,0.29994732223347514,0.3621699337159967,0.2939359823775306,0.27636820938958767,0.3618940091488654,0.30961366488049924,0.3005520175379518,0.3321227767756086,0.2966930385455723,0.27971726959421206,0.3400032203791279,5
0.288849151929247,0.2930035837793252,0.3150295017904871,0.2871902256556147,0.2899588757524155,0.368984559083273,0.2949021027104026,0.2889207477380514,0.37262042214183466,0.30128972107811897,0.2763633445999587,0.37986873026767315,0.3007207339213645,0.30770373929074063,0.3432433298491717,0.3160469062988103,0.2961811135654067,0.2709248309146038,0.29110629733775145,0.30502139129301103,0.35477259577531595,0.2987748576015519,0.2901361392870341,0.3505525755855962,0.29985624386880355,0.29975350930656336,0.3661301035460569,0.30181768895383815,0.2974770432412152,0.3199230545000733,0.31359995270562446,0.3198160140265135,0.4023262946777618,0.3069908088674418,0.28324919199538234,0.2960799506620019,0.29451577110871907,0.29945248444119227,0.3471251875772508,0.30193751832675875,0.2860755347349681,0.39822258041244046,0.3150523868940641,0.2868864610808011,0.2941536941551506,0.29910254663984887,0.31262090496025846,0.3490345830461295,0.3025995530654423,0.29560288439563664,0.3543883713143406,0.309444771321985,0.3041210920513724,0.3672652618327005,0.2833676552076051,0.32138282316458755,0.3004623847072994,0.30156422020420665,0.2984955225374851,0.3467928052972777,0.3086982568139601,0.29292189199003316,0.3370187711618874,0.28853394803654475,0.31122158850415105,0.3579825626320112,0.30637218091355317,0.3081198385263402,0.40974238281841535,0.31816945825205867,0.3032304162378738,0.3547388809325888,0.29467858130038177,0.3074415777889464,0.3712133887688603,0.29270608665629827,0.3071978295166729,0.3802506348108204,0.2887835337705041,0.3018991397092011,0.348028131669427,0.29994613493385913,0.2904734677060053,0.29520332722612297,0.2924458369975094,0.291045416862806,0.36059669202640565,0.3036951311631642,0.3031259223015353,0.3080980798031562,5
0.28880441625528447,0.2938332731492177,0.3506942903769783,0.2966489245467197,0.3031063909956479,0.37926410950212525,0.29000706192373665,0.29038729500849525,0.3540607995827665,0.2991796936369084,0.30743363561506915,0.35022729979334183,0.31740521229837393,0.2841212523113862,0.3752065057989224,0.3019932619610516,0.2859699893297246,0.28796122137941726,0.2887498093341936,0.31209087711472755,0.38285694667785125,0.29871347514994634,0.29637727016507387,0.32431709010136395,0.2981261068064349,0.2952583831450168,0.401298261529988,0.2876344439985126,0.30392437704076225,0.40271214024593494,0.3077458281582245,0.28875723296475836,0.30373009407231943,0.3027440120505236,0.30150523205568697,0.3869722729174004,0.30548447848684424,0.2951516007583113,0.3334185581417625,0.28693842299521044,0.3012936433827975,0.30786655247500205,0.30909990347594524,0.30589155211218866,0.3667236800141802,0.28678172888252207,0.2985003659888986,0.3383208313773929,0.30102806384459424,0.30528512880805947,0.3345920884869397,0.29524016475674775,0.30679927836535315,0.31611500111650503,0.292533385635793,0.3000583683203404,0.376991611190886,0.2903122526159099,0.3178969898959638,0.30948011716503115,0.31550278824078565,0.31199590148993406,0.3070969522325081,0.2836779666302899,0.3071986416884722,0.3386779644484619,0.289930529503914,0.31811701208981497,0.3141829267940135,0.2927306140242797,0.29391601686902197,0.26601653517690543,0.3009136775910665,0.2908844144466082,0.3743160834448921,0.3094126272295976,0.3023172100021419,0.3572913988896095,0.30163589114366274,0.29299595815331836,0.33155516148652964,0.3132322694777491,0.30735241444289624,0.35618260953514996,0.3060006532635236,0.29938916471220245,0.35554840307978236,0.30594516911170105,0.2792571917967041,0.3771841675427413,5
0.3083434022115711,0.29219311722892544,0.3873230754847017,0.2778268521533931,0.3035295308481375,0.35119799139668756,0.2969052892530056,0.3001936732748731,0.3674819167498269,0.281944317460148,0.3100096459028898,0.33769179462857546,0.3101545284817468,0.3064351767764994,0.3370678957717301,0.2992067380362379,0.2997942057290913,0.39818781142180015,0.2885955421322995,0.2956192714321869,0.3025343584737457,0.30123908245636066,0.2937649098650966,0.33493485479442264,0.3148469040259876,0.2917663047738646,0.3452143385580163,0.2954139971381014,0.29604169623330073,0.43315368828474915,0.28265024303054126,0.30644068542994957,0.4228212015313905,0.31079085771347187,0.3004694216544976,0.3148169503962472,0.31304774334043406,0.309373459780957,0.30410922688995035,0.29679718770038976,0.2879390605372188,0.2642143988397667,0.28770642519381673,0.3010543922618137,0.3674095753177865,0.2967656304685726,0.3137412539250216,0.3808831973823185,0.2987472236288742,0.29747397312378837,0.3614821885612536,0.2998215359020651,0.285743159184275,0.3411385404593239,0.306655671978753,0.3131474026482131,0.3788049169041682,0.3033430269762526,0.31457371642464566,0.36271855004189624,0.29911449948456986,0.31478711568033474,0.3716077597649832,0.3130200309375869,0.2881239313247425,0.32419194113212046,0.291825949255951,0.30181776624794754,0.4047304859948689,0.28861053127942865,0.3090536500580305,0.3139229436725549,0.3211751940173103,0.2840334833974923,0.3722090098628458,0.30880375423054574,0.3062000498890075,0.3236825129006379,0.28943656527900774,0.31272400627449054,0.3814521989670491,0.3103476080710469,0.3115597199011587,0.3039175497330228,0.28434028951392676,0.29328676192343023,0.3356107578381911,0.29413797781392714,0.30277497972433864,0.38345751479845336,5
0.2970600479139643,0.29184682763332137,0.37438769302669833,0.29718035511570795,0.3010732488313412,0.3400258024246522,0.3033997035956924,0.2898609586700703,0.37178816677631443,0.299672232980423,0.29235683769772175,0.3659279895904813,0.29234728870922133,0.29278927402004284,0.3139616930372625,0.2829641783972704,0.30534285379207843,0.3849684994733348,0.2954940027531597,0.29201527488812407,0.29563115662254624,0.2782664892010431,0.3072673054571535,0.2907797659320307,0.2885606642940247,0.30283431318372006,0.3526912178805501,0.3032470238355072,0.3000691944848859,0.33929219438615443,0.28862134325346217,0.2936585655472768,0.3413285637181654,0.28109658197732945,0.29213663896122716,0.33883344471059623,0.293110352441465,0.29657445481250627,0.3700618325270384,0.3079148592728523,0.31511353147977533,0.30476292909916936,0.2957925485110193,0.3122757950506712,0.2976279225627021,0.28823770747662514,0.2938426433302844,0.4113297140712439,0.29025467295905266,0.31083820641831256,0.3491630931898997,0.2885354598389712,0.3279982414633783,0.35583944011717417,0.3037620231786011,0.30534507548206713,0.36370868546516344,0.3215207335586206,0.3178594384826959,0.3220520556941358,0.32018724912972235,0.2929986704705009,0.35966722642647225,0.28548481881571625,0.3103660641386495,0.3407791627595645,0.28850512363421515,0.31188501014034703,0.3930860418471566,0.31470102781718695,0.28477049550614775,0.3972062876014915,0.29699484319502867,0.320515034709239,0.3687486109419247,0.3025133126045849,0.3000852107273839,0.34959011229980247,0.2932048568442439,0.2893193615243716,0.33912014085931763,0.3119088853644877,0.2860337503416305,0.3902199869181017,0.30143389746360455,0.30781474618861254,0.37499481482077424,0.3092834497455814,0.3002240158803971,0.3515702937395447,5
0.30894096675953703,0.289587052385689,0.3141662433027442,0.2953531307747586,0.30288090521987326,0.40762613449819357,0.3004798272044661,0.3200015251249291,0.36546373093774503,0.2954653734963063,0.3114706864852092,0.3427141152628384,0.3025120944844189,0.2866362869672313,0.3047400869053328,0.30553655530807516,0.3110372895395159,0.40837002507659825,0.29190627558656185,0.31463744124990844,0.3894334069993099,0.29508837140963246,0.3138808688945638,0.3783264912885559,0.31142183078539576,0.321673603787432,0.38301985542649997,0.2786310187063786,0.3032256049599755,0.3029959549679155,0.30151450070277147,0.300936278614553,0.33248915291714226,0.28972396856826615,0.29469668099252766,0.3398851834571574,0.2986829515406539,0.30105433906136864,0.367557524766268,0.29687447690978047,0.3127964843467199,0.3488528447696572,0.3092449081857337,0.2969551918260969,0.43231127508010575,0.30467264175033865,0.316352986013166,0.32918174033561626,0.2955284972169387,0.2974786234735059,0.42418999780304256,0.297872599819344,0.29176565905043267,0.3890271936064156,0.3005880434573627,0.2978188053934918,0.3316915306556642,0.30488828558202014,0.310626556336097,0.37364256322304407,0.29520666222504616,0.2901229731234441,0.22942636529708374,0.29054531291823765,0.29627865458658653,0.3482288050522794,0.2972918872719723,0.3280087694760939,0.36474095411697893,0.2876235727387197,0.30655567398421835,0.3617443016231346,0.2895008938798119,0.30288805553332354,0.3659045378955081,0.3102450442444772,0.28224327746498273,0.36944234033640516,0.31409904655268917,0.31887686579008045,0.31321797420660696,0.29854047727366473,0.29950934471532653,0.3702655620974685,0.29835370902471814,0.29284606428760823,0.3565152911775467,0.29662497933842535,0.3056218953068524,0.32571297839462376,5
0.2897769034395206,0.3131544021822496,0.418175828414133,0.3182227122672324,0.29928074407051475,0.38165381514743535,0.2931371721778663,0.3050817928905233,0.33248591699240054,0.3125650411794011,0.31123464717923843,0.41227862333292425,0.297706949124675,0.31579033701092,0.36519395185784265,0.3007538846923435,0.3033699384009656,0.40094039484510463,0.29868063285106244,0.29918938138115425,0.28802893706509636,0.2985295193530195,0.30264361927958183,0.3271325666671835,0.28992144801318553,0.28148761423848273,0.3324604821409034,0.31421179096797114,0.2851814769689098,0.37367051755436487,0.3087934654702709,0.324528616211424,0.38115065554707717,0.3095457958110618,0.3036769725322488,0.3500257200273789,0.3085219951309552,0.31248701272708035,0.35511488922356854,0.31291885901864575,0.3288321129633769,0.35212576714460947,0.3009900162758932,0.2990788316207635,0.35401228823860975,0.3122310529397635,0.30087054636807586,0.35567534246934057,0.2975035033433921,0.30489057500541555,0.3349041083474789,0.2877385263548015,0.30447671990836994,0.409381534142429,0.2971005593363332,0.2895879486287271,0.4074692606197817,0.3004556069771985,0.30944558282493184,0.3281310253403375,0.3000977056735324,0.314005543865008,0.3539231740683259,0.3014320219249638,0.28511406022037594,0.3736110041584954,0.29214117876925033,0.31119700400573624,0.3560714368126792,0.30291219121762214,0.3077254181905132,0.3612580834712989,0.31718453415569425,0.31560038598858353,0.31348268319118594,0.29829287998743476,0.30836534880580413,0.32172191113959486,0.2843193924054775,0.2923979542124462,0.34654503781440105,0.2593539685626561,0.2888611034703545,0.2966439419241634,0.31146672268128484,0.30931478826652986,0.35835691068081144,0.3010001187412138,0.3054480684126944,0.3200499443151148,5
0.3125288899541366,0.30093021288221433,0.3775279781077889,0.3087641536646464,0.3053411446829727,0.3593875396670351,0.3023843984438834,0.29937023080185504,0.36448870201352235,0.3020620920830784,0.29512979136965495,0.3682914418596053,0.3028050002291983,0.3120978818784381,0.2956874964992676,0.30036220570465266,0.29275097073740025,0.3344713176673749,0.305597480275899,0.28563939505163666,0.35399406938749717,0.3003043956239478,0.28950050422069373,0.35474218691273723,0.2923844682457379,0.3219748372105458,0.3860589990355488,0.30067259959524895,0.29568251474609125,0.36512151013205785,0.30767475917814185,0.30254532589787636,0.3195455739087669,0.2979041223379708,0.3007801307445559,0.35870825052377603,0.3031336315114177,0.3073083223519492,0.3902516086616034,0.3101256370669603,0.3059031984570718,0.3122688802666142,0.3118634323568271,0.30818806352106975,0.34232626164607965,0.30029739030956154,0.30065580971370176,0.33686533026709026,0.2825196546286399,0.2888345735665246,0.3228047814350657,0.2803216987690742,0.2888673373120759,0.38423598244725204,0.30485918339459117,0.2902901513478431,0.32935329326516083,0.312291836259408,0.31204467208253645,0.35209663987608225,0.3117479769338163,0.2923409598905395,0.35682079760362484,0.28525649143975307,0.29635679837151035,0.35084229603483646,0.28314941102582447,0.3059311612040032,0.3728060489787659,0.31011119071444354,0.32334246897312935,0.36250143047776745,0.29935917123431155,0.28397916990500555,0.36175857294802544,0.30559432845408074,0.2864398772840057,0.342797380400984,0.30011132592717343,0.3052952544432806,0.3756872423688965,0.29463442716188804,0.30201360828684487,0.3672120644668959,0.29818220767219894,0.295785377026378,0.37137738339830184,0.29822284133729854,0.288029143184497,0.391191269881544,5
0.2891370834300207,0.2990549345773092,0.35965290678391704,0.30455208248101645,0.3016961680671764,0.2617362256795815,0.2929748631017666,0.30296290348483434,0.34672720375171234,0.305116663001659,0.3102149498640744,0.3652006213855755,0.29270984277518947,0.2946149734777734,0.3989432120539479,0.2982089084914619,0.2990459181823335,0.3652962794872028,0.31237221642884383,0.29098735774420115,0.33511649665455423,0.2839603824857339,0.2970362810624675,0.36702780093826887,0.29635759517948723,0.31759812923173675,0.35348605157287427,0.29897734255016006,0.29647863784178957,0.3092043192658429,0.2990966769448984,0.30358386613128174,0.3464579073223356,0.3023111327104951,0.293293237635949,0.312658316092437,0.29893791308281,0.3022060692295888,0.34493926895053617,0.30203515603718545,0.3077664248933779,0.37318502147799204,0.30857371365175634,0.31005326025666313,0.36491245823009605,0.3035632582957306,0.3194296143484448,0.37350859491622485,0.2915483300215996,0.28136953143177523,0.34276542523215037,0.30624742026481505,0.3095895010745024,0.3124857756918954,0.3072942193835034,0.3113468601992756,0.3682621068827561,0.30415725509979785,0.29867189391197524,0.3361999380766458,0.3078554631989803,0.3058334694974152,0.3401858886008518,0.3254210634866988,0.2849020109151647,0.3430360624159303,0.29228602784556607,0.3038417588133766,0.2915310908534427,0.3126926627292493,0.3100545033507808,0.35802063312278753,0.296896760841946,0.30716309850566015,0.3598611919587527,0.3095201654532931,0.29877547186462255,0.3445557739293179,0.310777374176922,0.30633662021292407,0.3447796065402153,0.30367838193398894,0.30184814167612245,0.36401611078483287,0.3126945072342359,0.2965012959667706,0.33066341204327027,0.302737919252862,0.29463446245862973,0.32267245809358885,5
0.30993551027312655,0.2971279382021673,0.2939581147607714,0.308474157131501,0.2956184849437921,0.36733496865919774,0.31083441303347886,0.30189647397011987,0.28893561714346466,0.28036329876138927,0.29327591814205733,0.348294302004057,0.31200141587526414,0.30291333643318796,0.4285182001691587,0.2850857326234397,0.3012129183090008,0.3366358733969938,0.3023463799594133,0.31751674453777895,0.4044474180549904,0.30054460369296443,0.3086151388816879,0.3564665000193587,0.2892470609666959,0.3001432040220486,0.3348467175376547,0.2993723057550659,0.29147913115879703,0.3546544105604741,0.3030565025297689,0.30704253095020917,0.3592957983310304,0.31634608848829265,0.32192202440084333,0.3378640477924522,0.3097006778868252,0.32114600177908337,0.37988367980756943,0.30717323493926785,0.28178143098229635,0.3332577220314231,0.29587896050026763,0.3138719071318634,0.32808171375855716,0.29914625320027305,0.3084027545400976,0.3267290195134929,0.3027908968505734,0.3014877340450109,0.37631330375755895,0.3065884914112724,0.3062729201312509,0.3560235551117497,0.2832404402913415,0.30139662127686495,0.3516591255591566,0.30766544751771163,0.2957707165499727,0.3512539725418849,0.30073360988168873,0.2928744534601513,0.31540167039765776,0.3038254082049507,0.3100776307565156,0.3312527011273076,0.2978223247545604,0.30829549220225155,0.3778012541902914,0.30231425468312306,0.3041420159943006,0.3659614951545751,0.30711033980261726,0.2892858060828792,0.407516311671239,0.3027400390244276,0.3072983211284064,0.3271458725379461,0.2981409930482433,0.30376983700926596,0.2958677683250877,0.2909885994879813,0.292747145212229,0.31164089886326624,0.3010608271025834,0.2992591733793381,0.3927112193006232,0.28879324432454,0.3023474837840818,0.3235973003803656,5
0.28282859896932455,0.3058780385400947,0.3701179681800439,0.30552118685244994,0.2868350386069631,0.3525076209615343,0.30597360479733,0.3095216022352412,0.36884884157262815,0.3096513412436445,0.310673798415063,0.35314595099235835,0.3049853019215567,0.30999677096907036,0.3617037661480279,0.31198997481655494,0.30874496328398227,0.331026458181474,0.2869400009426477,0.3001930752922613,0.3145660861028405,0.30083125817879247,0.2999259760399935,0.3890273371224967,0.3050506266628355,0.30977935208287094,0.3353121535265368,0.3152966827428763,0.3089364809612244,0.36282314684250155,0.2819344059376545,0.3117873977600525,0.4032000517101298,0.30011286223160316,0.30031748757623794,0.3344996867889809,0.28368264600222287,0.29437906189851815,0.39978258496574626,0.31079011362413533,0.29227291339869016,0.3326483863482968,0.32135082008930127,0.2897984477747311,0.32853723438269766,0.29570418354408284,0.28641989940958495,0.33387469187464863,0.29477691672526973,0.2909775012453573,0.3898391350792373,0.2883317071507889,0.2985807407639312,0.32368996511804266,0.2979002603862647,0.29076535003442044,0.35227683895520273,0.3032146308730298,0.3140218187380139,0.33234215046313176,0.31617826723567977,0.29193021733360064,0.34285942758653326,0.31764739752441795,0.32902941628505344,0.4005780966187199,0.2977640822009613,0.3051487523632946,0.37047910643638665,0.3034542381904047,0.28992153450932856,0.3570374740122604,0.2949415433074704,0.2903158728629,0.34065892276187015,0.30315331470644424,0.3100138314566065,0.3423821506996725,0.29921390198246745,0.30803929279584874,0.35212615611426085,0.3038155157588926,0.3007796847219394,0.35608195064719067,0.289209755407321,0.3012232668616486,0.3928358714625588,0.30168991431414327,0.2916624905816228,0.39429590112358104,5
0.30721371677788756,0.3076762776226735,0.372215668669173,0.2887362960385501,0.3064780497195082,0.39153891374529626,0.2951979827465496,0.2807138626961324,0.3609671466391441,0.300327476475294,0.2845238448664045,0.36816135667440564,0.3053029235906594,0.28533860866708355,0.4066792166713596,0.3075112119078048,0.2810973980331283,0.3745659219675532,0.30789826070417686,0.3141500806428586,0.3312837238442529,0.30833303053340294,0.2976334809463669,0.3333054568958366,0.29134993499826606,0.2809685679402632,0.3662127200759128,0.2972695091748484,0.2726988218522943,0.35226065599566986,0.31157846851459575,0.2869301454086407,0.3286220275426462,0.30440921709415886,0.27441123769812664,0.3339895610040294,0.303466063404725,0.29438881952743085,0.31105974541725023,0.28749911324906074,0.2838788646847456,0.3310089379831495,0.3105666194926103,0.3236189070317021,0.35108548188329275,0.3076824857715254,0.29059177925807966,0.28725044289906876,0.3185160907703945,0.2940490125895217,0.3715612487772836,0.3015846118511886,0.3099459092883572,0.37862292981127926,0.3027772565633451,0.30387781209362386,0.3863775374592065,0.2959030712370665,0.31555614961462725,0.3287643125778521,0.3007657993120347,0.30629179857874556,0.3011272013410804,0.3138184803579308,0.30475900834524977,0.4490291568290458,0.320806925104303,0.29989098868996283,0.40356760107428213,0.3084733632535424,0.3023110716851346,0.30021912622310687,0.28576464859029765,0.3000437025158297,0.3351390611963016,0.3022518922479703,0.31372369830936303,0.37594874617513024,0.29303713917088076,0.30924957894505756,0.32257858037478443,0.28857759748015555,0.30381637067702033,0.32556492223152744,0.29358154217234694,0.30993972064075476,0.3697290107302307,0.2962819431921666,0.28374901031282135,0.32794513069799097,5
0.319420780101652,0.3096654041499941,0.3927077285306083,0.3025602474490187,0.2964895174252778,0.37715577702115666,0.31281839028595293,0.2952025810470444,0.328603855910659,0.28478740360321736,0.29261574994056133,0.3700675662903116,0.29403739115455046,0.30931730050970846,0.40901524888409435,0.300248205546248,0.29983730239090334,0.36645834581363534,0.29425597529395003,0.29352679398498466,0.3314747692930905,0.28854422464565244,0.30899786850763017,0.33510260138780246,0.31111386925431256,0.3052928299203115,0.3493165810866474,0.30809628278062157,0.2905653842130565,0.32658787166868464,0.3071359748855731,0.2780432755867425,0.3504383354090115,0.30590502318795276,0.31310882726688694,0.39546438997062827,0.2986971375071608,0.30770266528483103,0.325869495265037,0.29556513560981745,0.31367660513651163,0.3488028706523284,0.3015967776183082,0.2896686375992143,0.3626770149402272,0.3075405428484571,0.3072302290373017,0.313659165981514,0.3099994434331103,0.2900189933976447,0.3492075500273886,0.2838188082960646,0.2982053164232403,0.3198924059551567,0.2955114284032529,0.3005991043968448,0.3748167442062124,0.30792903466692295,0.27662703712755216,0.3703495481940248,0.302062764058449,0.2943979730765977,0.323587780922408,0.2993757186252487,0.30230598018893906,0.3613364684684369,0.2980270991087993,0.2747577831967888,0.3351409027218975,0.28816307657963874,0.32055220968516346,0.3517793829625813,0.3074112001288326,0.3063512709375077,0.35930985427885237,0.29583782380100676,0.2945617094607211,0.2893821949900298,0.3014219313514131,0.3030038093695788,0.3485651046140626,0.30143421868715076,0.2879358966604587,0.34117858058101314,0.2935014620621821,0.3066500591563501,0.35122952984705746,0.2936018736080813,0.29840049115431694,0.3188142597283707,5
0.2967182487315885,0.30582686961681615,0.3100311537943523,0.2993884339715444,0.2925006508622175,0.31005255015926997,0.3186529359928898,0.3125377401799809,0.3320581002905351,0.2971023090327103,0.279777541907966,0.3022253838306524,0.28871971592968515,0.29966415024820003,0.3465583546461825,0.30331721946623286,0.3067860765907019,0.358340278546595,0.28918592152038725,0.30324023434222064,0.36906055433897417,0.2957272741823446,0.281535783409475,0.3855220717533162,0.3008831454946524,0.2722716125690353,0.4121075925460158,0.29521237480915163,0.3243902318717732,0.3613209309840574,0.2979732032492882,0.30183594724307306,0.32872184848568453,0.30061310397556035,0.32010620633208187,0.3230413270924774,0.3053336470893518,0.2928024115527311,0.3449575704678555,0.31976610333880606,0.30526461813411865,0.37237020570420754,0.3007084639605228,0.32695488709469084,0.3215108376472773,0.28420628092462463,0.3168601258386103,0.3385524935405474,0.3041025906898077,0.3171635849879945,0.3627067651105016,0.3223081827181115,0.301361958628055,0.32875619407974654,0.2764651680636891,0.30300547448400994,0.2829072138948451,0.3032463974114665,0.3145953817487794,0.349488179385786,0.3019010629284928,0.3091566469648407,0.37008602730668017,0.3116049848941003,0.29980821374832856,0.28246594327969715,0.31176017691784064,0.29761198112649423,0.32364041958112655,0.30335935391396457,0.3018654182120262,0.3275161260985043,0.2871441556478654,0.3046841535818878,0.32450384985780417,0.3011438347513593,0.3037344535544444,0.37904528458626274,0.32119103602359567,0.30237209201275655,0.33723915589203424,0.3165843590700949,0.31048092728848176,0.35505149083349263,0.3023648694614658,0.3002691172414136,0.35486634514227444,0.29898134648357383,0.29025169517652033,0.3502662037655724,5
0.31757274217072146,0.29183957999011345,0.3418618604162913,0.29108080733845326,0.3115733229567355,0.3748911238812113,0.2872168717964618,0.2798153757152798,0.37597103536503834,0.2866073287801192,0.30828266356788997,0.3308578089419964,0.3069499966888776,0.30444116426168416,0.33390637654931193,0.2912100798680389,0.3057579671289093,0.329222428402685,0.311089802385271,0.2916765008541191,0.36051050962416487,0.2960979549403974,0.3000571411055279,0.328984190281669,0.2982139356459011,0.2743824843794198,0.3256123255292151,0.2941238831658984,0.29928123470414336,0.3887957530610648,0.2930226948400362,0.31413985156997803,0.3241574408570733,0.2889187803589083,0.2811578373147803,0.3682035394086301,0.3008602242504089,0.30547536219281995,0.353948620669668,0.2999080283594907,0.3028442374045197,0.4145745839839195,0.2952606180397682,0.3205432220556273,0.3755708940440107,0.30365197908411423,0.30554528570021805,0.2541312773452989,0.29738336415769223,0.29329766637786564,0.4133717998494328,0.2965860134686639,0.29970200023805177,0.3486186879688487,0.286934673583378,0.2943977837223513,0.37450693733919677,0.27868193215747844,0.3031135238301405,0.322955606334247,0.3129991897806181,0.3039492176720803,0.3044069635156988,0.2958385478348827,0.30453560030264587,0.3408813781078837,0.30145120332927605,0.29980763238935937,0.3760046325774997,0.3043956577466594,0.29951791614357437,0.35053753214665745,0.28917165937416955,0.31467382010535494,0.4388664159326163,0.2966965075344853,0.3004769947087363,0.38045140830375423,0.31009469672492124,0.3017830995631569,0.3207149294459438,0.31818158836675786,0.30681234319995,0.35661646720685664,0.29277172369861426,0.3005795516864117,0.2955665789821235,0.30740904633051125,0.30984734685751203,0.3568927697582826,5
0.29039747075581035,0.3045189758611647,0.37362074140083007,0.29256763633221905,0.30933992223153783,0.36573552303782525,0.297259836861809,0.29442344420901345,0.3446337618545583,0.2902933223261723,0.3026026272991097,0.36675453562337695,0.3116859659279549,0.3029744860522395,0.36173953298631606,0.29731992257494644,0.2912589643713733,0.33710204087227374,0.31428070811902487,0.3063408093675298,0.36222191532933107,0.2818462921030325,0.303128133167437,0.31010952177822115,0.28741631405695117,0.2885364739115492,0.326814996198911,0.3083338948996141,0.30226592126178,0.3217056116606749,0.29419258881716526,0.3049831442045324,0.3709342140720096,0.3013363319318873,0.2885250958492622,0.33762421782388147,0.3238099148933934,0.2878912596688233,0.36124798605343045,0.32120832995334037,0.2972651576669504,0.4050141157809134,0.2931231537923671,0.280251049689306,0.3326216608116142,0.29242294998627394,0.2832982180758377,0.3374765309283404,0.3099099617972495,0.294058798114551,0.33871990528811075,0.3137050865310823,0.29251729002025934,0.3685678284078571,0.2829256708955111,0.29033857971210164,0.34359706804405277,0.3120911980995059,0.2908745998257943,0.32226320515387497,0.30272352487591964,0.3043288649464045,0.3189320607566022,0.2947810426239176,0.3108666082785098,0.31459972737957936,0.3034147673904708,0.294824665110868,0.392077442511292,0.3058041975646736,0.30880562894307667,0.3338724783443612,0.30824515156018595,0.30798477010445247,0.36558466622444036,0.29717390732508775,0.30162605345050036,0.2944187139540416,0.31759004618012887,0.2939607740625628,0.3399544781116646,0.286822014675806,0.30672894866299144,0.365876301317331,0.2970448370674448,0.2766532755168429,0.32865333517911505,0.30460022698794315,0.30251421607404644,0.348613955866731,5
